name,entity_type,naics_code,address,city,state,zip,lca_filing_count,approval_count,building_score,building_flags,in_target_band,size_confidence,job_titles,review_status,first_seen,last_seen
GME Entertainment LLC,LLC,511210,,Grapevine,TX,76051,1,,,[],true,low,"[""VP of Engineering, Blockchain""]",auto,2026-06-07,2026-06-07
"ELM FieldSight, LLC",LLC,541512,,Lewisville,TX,75056,1,,,[],true,low,"[""Electrical Engineer""]",auto,2026-06-07,2026-06-07
"GeoSoftware, LLC",LLC,541512,,Houston,TX,77042,1,,,[],true,low,"[""Software Developer - Senior""]",auto,2026-06-07,2026-06-07
Techdots LLC,LLC,54151,,Plano,TX,75023,1,,,[],true,low,"[""Software Developer""]",auto,2026-06-07,2026-06-07
Genesis X LLC,LLC,541511,,Austin,TX,78704,1,,,[],true,low,"[""Software Developer""]",auto,2026-06-07,2026-06-07
"Molathati Technology Solutions, LLC",LLC,541511,,Houston,TX,77092,1,,,[],true,low,"[""Programmer Analyst""]",auto,2026-06-07,2026-06-07
Kural Tech Solution LLC,LLC,541511,,Plano,TX,75025,1,,,[],true,low,"[""SAP Consultant - Software Developer""]",auto,2026-06-07,2026-06-07
"Pure Flux Technology Solutions, LLC",LLC,51121,,Spring,TX,77379,1,,,[],true,low,"[""Software Engineer""]",auto,2026-06-07,2026-06-07
Zinc LLC,LLC,54151,,Sugar Land,TX,77478,1,,,[],true,low,"[""Junior Systems Administrator""]",auto,2026-06-07,2026-06-07
Alpha Cognition LLC,LLC,541511,,Austin,TX,78753,1,,,[],true,low,"[""Engineer""]",auto,2026-06-07,2026-06-07
Topic Gurus LLC,LLC,511210,,Rockwall,TX,75087,1,,,[],true,low,"[""Senior Netsuite Architect""]",auto,2026-06-07,2026-06-07
"Triple Point Technology, LLC",LLC,541511,,Houston,TX,77010,1,,,[],true,low,"[""Senior Software Architect""]",auto,2026-06-07,2026-06-07
"Verity Services, LLC",LLC,5415,,The Woodlands,TX,77380,1,,,[],true,low,"[""Imaging Support Consultant""]",auto,2026-06-07,2026-06-07
KINETIKATECH  LLC,LLC,541511,,CARTHAGE,TX,75633,1,,,[],true,low,"[""SERVER ADMINISTRATOR""]",auto,2026-06-07,2026-06-07
"Space Automotive, LLC",LLC,541511,,Dallas,TX,75206,1,,,[],true,low,"[""Lead Software Engineer""]",auto,2026-06-07,2026-06-07
TEKMINDS SYSTEM LLC,LLC,541511,,MCKINNEY,TX,75070,1,,,[],true,low,"[""SOFTWARE ENGINEER""]",auto,2026-06-07,2026-06-07
"Ideabud, LLC",LLC,511210,,Austin,TX,78705,1,,,[],true,low,"[""Marketing Specialist""]",auto,2026-06-07,2026-06-07
"STRAY KITE STUDIOS, LLC",LLC,541511,,PLANO,TX,75024,1,,,[],true,low,"[""Technical QA Analyst""]",auto,2026-06-07,2026-06-07
"Austin Arc,LLC.",LLC,541511,,Austin,TX,78731,1,,,[],true,low,"[""Software Developer""]",auto,2026-06-07,2026-06-07
Arise Soft LLC,LLC,541511,,Plano,TX,75024,1,,,[],true,low,"[""Senior Software Engineer""]",auto,2026-06-07,2026-06-07
Nifty Systems LLC,LLC,541511,,Plano,TX,75024,1,,,[],true,low,"[""SOFTWARE DEVELOPER""]",auto,2026-06-07,2026-06-07
"GlobalStep Management Services, LLC",LLC,541511,,Dallas,TX,75225,1,,,[],true,low,"[""Chief of Staff""]",auto,2026-06-07,2026-06-07
Numerique LLC,LLC,541511,,Dallas,TX,75243,1,,,[],true,low,"[""DevOps Engineer""]",auto,2026-06-07,2026-06-07
Data Moguls LLC,LLC,541511,,San Antonio,TX,78217,1,,,[],true,low,"[""Salesforce Developer""]",auto,2026-06-07,2026-06-07
Manvi Tech LLC,LLC,51121,,Spring,TX,77373,1,,,[],true,low,"[""Information Systems Analyst""]",auto,2026-06-07,2026-06-07
Coppel Tech LLC,LLC,541512,,Coppell,TX,75019,1,,,[],true,low,"[""IT Project Manager""]",auto,2026-06-07,2026-06-07
COHESIVE DIGITAL SOLUTIONS LLC,LLC,541511,,Allen,TX,75013,1,,,[],true,low,"[""SOFTWARE DEVELOPER""]",auto,2026-06-07,2026-06-07
All Calendars LLC,LLC,518210,,North Richland Hills,TX,76180,1,,,[],true,low,"[""Software Developer for Applications""]",auto,2026-06-07,2026-06-07
EverLine Tech Ops LLC,LLC,541512,,Houston,TX,77034,1,,,[],true,low,"[""Computer Systems Analyst""]",auto,2026-06-07,2026-06-07
"Physician Paradigms, LLC",LLC,541511,,Dallas,TX,75248,1,,,[],true,low,"[""Software Engineer Associate""]",auto,2026-06-07,2026-06-07
"Golden Section Ventures, LLC",LLC,5415,,Houston,TX,77002,1,,,[],true,low,"[""Public Relations Specialists""]",auto,2026-06-07,2026-06-07
Verdict IT Technologies LLC,LLC,541511,,IRVING,TX,75063,1,,,[],true,low,"[""Devops Engineer""]",auto,2026-06-07,2026-06-07
"OrderMyGear, LLC",LLC,54151,,Dallas,TX,75201,1,,,[],true,low,"[""QA Analysis and Test Engineer""]",auto,2026-06-07,2026-06-07
Successive Technologies LLC,LLC,541511,,Coppell,TX,75019,1,,,[],true,low,"[""President""]",auto,2026-06-07,2026-06-07
"Enter Advisor, LLC",LLC,541511,,Addison,TX,75001,1,,,[],true,low,"[""Regional Director""]",auto,2026-06-07,2026-06-07
"Cosmosyde, LLC",LLC,541511,,Irving,TX,75063,1,,,[],true,low,"[""SAP Analyst""]",auto,2026-06-07,2026-06-07
A4 Global Tech LLC,LLC,541511,,Denton,TX,76205,1,,,[],true,low,"[""Senior Software Engineer""]",auto,2026-06-07,2026-06-07
Micro Focus LLC,LLC,541519,,Plano,TX,75024,1,,,[],true,low,"[""Presales Technical Consultant III""]",auto,2026-06-07,2026-06-07
"Careexpand, LLC",LLC,511210,,Dallas,TX,75254,1,,,[],true,low,"[""Chief Software Architect""]",auto,2026-06-07,2026-06-07
Groove Jones LLC,LLC,54151,,Dallas,TX,75226,1,,,[],true,low,"[""Research Software Development Engineer""]",auto,2026-06-07,2026-06-07
SEVIS SYSTEMS LLC.,LLC,541511,,PLANO,TX,75075,1,,,[],true,low,"[""SOFTWARE QUALITY ASSURANCE ENGINEER""]",auto,2026-06-07,2026-06-07
Wellsite Navigator LLC,LLC,511210,,Houston,TX,77002,1,,,[],true,low,"[""Full-Stack Developer""]",auto,2026-06-07,2026-06-07
Penality LLC (f/k/a nowGRC LLC),LLC,541512,,Frisco,TX,75033,1,,,[],true,low,"[""ServiceNow IT Operations Management Lead""]",auto,2026-06-07,2026-06-07
"Dialexa, LLC",LLC,541511,,Dallas,TX,75201,1,,,[],true,low,"[""Software Technical Lead""]",auto,2026-06-07,2026-06-07
"Animo Services, LLC",LLC,541511,,Dallas,TX,75231,1,,,[],true,low,"[""Banking Sales & Operations Executive""]",auto,2026-06-07,2026-06-07
"Trust Infosys, LLC",LLC,541512,,Austin,TX,78750,1,,,[],true,low,"[""Software Engineer""]",auto,2026-06-07,2026-06-07
Jenforce LLC,LLC,541511,,McKinney,TX,75070,1,,,[],true,low,"[""Software Developer""]",auto,2026-06-07,2026-06-07
Pyrolac LLC,LLC,541512,,Houston,TX,77060,1,,,[],true,low,"[""Information Analyst""]",auto,2026-06-07,2026-06-07
AWNSolution LLC,LLC,541511,,Princeton,TX,08540,1,,,[],true,low,"[""SAP Functional Consultant""]",auto,2026-06-07,2026-06-07
ALLURTECH LLC,LLC,541511,,Frisco,TX,75035,1,,,[],true,low,"[""Software Engineer""]",auto,2026-06-07,2026-06-07
Narsingh LLC,LLC,541513,,Irving,TX,75063,1,,,[],true,low,"[""Software Engineer""]",auto,2026-06-07,2026-06-07
Tech Expertsus LLC,LLC,511210,,Irving,TX,75063,1,,,[],true,low,"[""Cloud Infrastructure Architect""]",auto,2026-06-07,2026-06-07
KITKOOL GROUP LLC,LLC,541511,,FULSHEAR,TX,77441,1,,,[],true,low,"[""AUTOMATION TEST ENGINEER""]",auto,2026-06-07,2026-06-07
Techminers LLC,LLC,541511,,McKinney,TX,75071,1,,,[],true,low,"[""SAP Consultant""]",auto,2026-06-07,2026-06-07
Edison Systems Group LLC,LLC,541512,,Frisco,TX,75034,1,,,[],true,low,"[""Web Application Developer""]",auto,2026-06-07,2026-06-07
Portnox Security LLC,LLC,511210,,Austin,TX,78735,1,,,[],true,low,"[""VP of Finance""]",auto,2026-06-07,2026-06-07
ADROIT AFFINE LLC,LLC,54151,,PHOENIX,TX,85027,1,,,[],true,low,"[""Software Engineer""]",auto,2026-06-07,2026-06-07
CodeneedsIT LLC,LLC,541511,,McKinney,TX,75070,1,,,[],true,low,"[""Saleforce Developer""]",auto,2026-06-07,2026-06-07
Bhoot LLC,LLC,51821,,Austin,TX,78701,1,,,[],true,low,"[""Site Reliability Engineer""]",auto,2026-06-07,2026-06-07
Perfect General Contractors LLC,LLC,541511,,Frisco,TX,75033,1,,,[],true,low,"[""Software Developer""]",auto,2026-06-07,2026-06-07
"KINETECH CLOUD, LLC",LLC,54151,,San Antonio,TX,78216,1,,,[],true,low,"[""BUSINESS ENGINEER - INTEGRATION ARCHITECT""]",auto,2026-06-07,2026-06-07
"Ntelicor, LLC",LLC,541511,,Dallas,TX,75240,1,,,[],true,low,"[""Senior Software Developer""]",auto,2026-06-07,2026-06-07
PAGEMATICS LLC,LLC,54151,,PLANO,TX,75074,1,,,[],true,low,"[""Information Technology Analyst""]",auto,2026-06-07,2026-06-07
"ANOVO TECHNOLOGY GROUP, LLC",LLC,541511,,PLANO,TX,75024,1,,,[],true,low,"[""APPLICATION SOFTWARE ENGINEER""]",auto,2026-06-07,2026-06-07
"Voltaire Health, LLC.",LLC,541511,,Plano,TX,75024,1,,,[],true,low,"[""Open Edge System Architect""]",auto,2026-06-07,2026-06-07
"Boostlingo, LLC",LLC,518210,,Austin,TX,78701,1,,,[],true,low,"[""Product Marketing & Sales Manager""]",auto,2026-06-07,2026-06-07
"Fourth Enterprises, LLC",LLC,541519,,Austin,TX,78613,1,,,[],true,low,"[""NetSuite System Administrator and Analyst""]",auto,2026-06-07,2026-06-07
"Radix IoT, LLC",LLC,541511,,Dallas,TX,75254,1,,,[],true,low,"[""Lead Developer""]",auto,2026-06-07,2026-06-07
"Jungle Disk, LLC",LLC,541511,,San Antonio,TX,78205,1,,,[],true,low,"[""Software Developer""]",auto,2026-06-07,2026-06-07
"Headspring, LLC",LLC,541511,,Austin,TX,78704,1,,,[],true,low,"[""UX/UI DESIGNER""]",auto,2026-06-07,2026-06-07
"GATHI ANALYTICS,LLC.",LLC,541512,,Plano,TX,75024,1,,,[],true,low,"[""Sr. Data Engineer""]",auto,2026-06-07,2026-06-07
Synerzip LLC,LLC,541511,,Dallas,TX,75244,1,,,[],true,low,"[""Technical Development Manager""]",auto,2026-06-07,2026-06-07
DPCon Solutions LLC,LLC,541511,,Plano,TX,75024,1,,,[],true,low,"[""Solution Architect""]",auto,2026-06-07,2026-06-07
Pro-Shooter LLC,LLC,541512,,Houston,TX,77008,1,,,[],true,low,"[""Software Engineer""]",auto,2026-06-07,2026-06-07
Squirrels Square LLC,LLC,541511,,Frisco,TX,75035,1,,,[],true,low,"[""Software Developer""]",auto,2026-06-07,2026-06-07
"Ninja Partners, LLC",LLC,541511,,Dallas,TX,75226,1,,,[],true,low,"[""DIRECTOR OF AUTOMATION""]",auto,2026-06-07,2026-06-07
Sapientai LLC,LLC,541511,,Austin,TX,78704,1,,,[],true,low,"[""Computational Research Engineer""]",auto,2026-06-07,2026-06-07
Broadway Technology LLC,LLC,541511,,Austin,TX,78746,1,,,[],true,low,"[""Trading Application Solution Engineer""]",auto,2026-06-07,2026-06-07
"Visual BI Solutions, LLC",LLC,541511,,Plano,TX,75093,1,,,[],true,low,"[""BI Developer II""]",auto,2026-06-07,2026-06-07
"Ziosk Payroll, LLC",LLC,541519,,Dallas,TX,75251,1,,,[],true,low,"[""Senior Data Warehouse Lead""]",auto,2026-06-07,2026-06-07
Mediaocean LLC,LLC,511210,,New York,TX,10271,1,,,[],true,low,"[""Sr. QA Analyst    11773.86""]",auto,2026-06-07,2026-06-07
"Marketing Response Solutions, LLC",LLC,541511,,Dallas,TX,75244,1,,,[],true,low,"[""Senior Software Lead""]",auto,2026-06-07,2026-06-07
"Volusion, LLC",LLC,511210,,Austin,TX,78758,1,,,[],true,low,"[""Architect""]",auto,2026-06-07,2026-06-07
Rex Team DEDAP LLC,LLC,541511,,Austin,TX,78757,1,,,[],true,low,"[""Product Designer""]",auto,2026-06-07,2026-06-07
"defi Solutions DE, LLC",LLC,541511,,Westlake,TX,76262,1,,,[],true,low,"[""Software Development Engineer III""]",auto,2026-06-07,2026-06-07
INNOVATIVE STARS LLC,LLC,5415,,KATY,TX,77450,1,,,[],true,low,"[""APPLICATION DEVELOPMENT ENGINEER""]",auto,2026-06-07,2026-06-07
Zeva Technology LLC,LLC,541512,,Plano,TX,75093,1,,,[],true,low,"[""Human Resources Specialist""]",auto,2026-06-07,2026-06-07
"Line-Scape, LLC",LLC,513210,,Dallas,TX,75201,1,,,[],true,low,"[""Product Manager""]",auto,2026-06-07,2026-06-07
BuilderBinder LLC,LLC,541519,,Austin,TX,78722,1,,,[],true,low,"[""Data Analyst""]",auto,2026-06-07,2026-06-07
CPI HOLDINGS LLC,LLC,541511,,HOUSTON,TX,77068,1,,,[],true,low,"[""LEAD ENGINEERING PROGRAMMER""]",auto,2026-06-07,2026-06-07
"P Tech Crew, LLC",LLC,541512,,Allen,TX,75013,1,,,[],true,low,"[""Sr. Technical Consultant""]",auto,2026-06-07,2026-06-07
Kshitija Professional Services LLC,LLC,541511,,Dallas,TX,75247,1,,,[],true,low,"[""Software Developer""]",auto,2026-06-07,2026-06-07
"Exceleron Software, LLC",LLC,513210,,Dallas,TX,75231,1,,,[],true,low,"[""Security Analyst""]",auto,2026-06-07,2026-06-07
Exodus Intelligence LLC,LLC,541511,,Austin,TX,78703,1,,,[],true,low,"[""Mobile Research Team Lead""]",auto,2026-06-07,2026-06-07
HARTIGEN SOLUTIONS LLC,LLC,5415,,Katy,TX,77449,1,,,[],true,low,"[""Software Developer""]",auto,2026-06-07,2026-06-07
Space Cow LLC,LLC,541512,,Austin,TX,78736,1,,,[],true,low,"[""Senior Data Scientist""]",auto,2026-06-07,2026-06-07
Asite LLC,LLC,541511,,The Woodlands,TX,77381,1,,,[],true,low,"[""Professional Services Manager - North America""]",auto,2026-06-07,2026-06-07
NextGen Tech LLC,LLC,519130,,Frisco,TX,75034,1,,,[],true,low,"[""Head of Marketing""]",auto,2026-06-07,2026-06-07
"IPeople Heathcare, LLC",LLC,541511,,Lewisville,TX,75067,1,,,[],true,low,"[""SQL Developer""]",auto,2026-06-07,2026-06-07
Software Freedom Institute LLC,LLC,541511,,Houston,TX,77002,1,,,[],true,low,"[""Programmer""]",auto,2026-06-07,2026-06-07
BACKCHINA LLC,LLC,519130,,PEARLAND,TX,77584,1,,,[],true,low,"[""News Reporter""]",auto,2026-06-07,2026-06-07
HIKEIT Trak Racer LLC,LLC,541512,,Austin,TX,78752,1,,,[],true,low,"[""Chief Executive Officer""]",auto,2026-06-07,2026-06-07
Chenab Technologies LLC,LLC,541511,,Richmond,TX,77406,1,,,[],true,low,"[""Technical Architect""]",auto,2026-06-07,2026-06-07
Top Gun Blockchain LLC,LLC,518210,,Eastland,TX,76448,1,,,[],true,low,"[""Head of Technical Operations""]",auto,2026-06-07,2026-06-07
"Jatayu Solutions, LLC.",LLC,541512,,Denton,TX,76201,1,,,[],true,low,"[""Workday Human Resource Management System Consultant""]",auto,2026-06-07,2026-06-07
GLOBAL CLIENT TECHNOLOGY LLC,LLC,541511,,SUGARLAND,TX,77478,1,,,[],true,low,"[""IT Project manager/ Release Manager""]",auto,2026-06-07,2026-06-07
Gurutech Solutions LLC,LLC,541511,,Frisco,TX,75033,1,,,[],true,low,"[""Software Developer""]",auto,2026-06-07,2026-06-07
RGS IT  SOLUTIONS LLC,LLC,541511,,CROWLEY,TX,76036,1,,,[],true,low,"[""SOFTWARE DEVELOPER""]",auto,2026-06-07,2026-06-07
FreePress LLC,LLC,516210,,Austin,TX,78703,1,,,[],true,low,"[""Full Stack Engineer""]",auto,2026-06-07,2026-06-07
Power Central LLC,LLC,541511,,Richardson,TX,75082,1,,,[],true,low,"[""Database Administrator""]",auto,2026-06-07,2026-06-07
SourceHOV LLC,LLC,54151,,Irving,TX,75061,1,,,[],true,low,"[""Applications Software Developer""]",auto,2026-06-07,2026-06-07
Keypixel Software Solutions LLC,LLC,541511,,Parlin,TX,08859,1,,,[],true,low,"[""SOFTWARE DEVELOPER""]",auto,2026-06-07,2026-06-07
Ralph Porter Group LLC,LLC,541511,,Austin,TX,78704,1,,,[],true,low,"[""Management Consultant""]",auto,2026-06-07,2026-06-07
Dotsincloud LLC,LLC,541511,,Irving,TX,75063,1,,,[],true,low,"[""IT Consultant (Salesforce CRM Developer)""]",auto,2026-06-07,2026-06-07
"Executive Management Group, LLC",LLC,541511,,Southlake,TX,76092,1,,,[],true,low,"[""Full stack Developer""]",auto,2026-06-07,2026-06-07
Eleox LLC,LLC,5182,,Houston,TX,77002,1,,,[],true,low,"[""DevOps Engineer""]",auto,2026-06-07,2026-06-07
"Sports Operating, LLC",LLC,541519,,Dallas,TX,75219,1,,,[],true,low,"[""Software Developer""]",auto,2026-06-07,2026-06-07
"BGSF PROFESSIONAL, LLC",LLC,541511,,PLANO,TX,75024,1,,,[],true,low,"[""Cloud Application Architect""]",auto,2026-06-07,2026-06-07
iSphere Innovation Partners LLC,LLC,5415,,Houston,TX,77060,1,,,[],true,low,"[""Sr. SAP Analyst""]",auto,2026-06-07,2026-06-07
WELKIN TECHNOLOGIES LLC,LLC,541511,,Alpharetta,TX,30005,1,,,[],true,low,"[""Software Developers""]",auto,2026-06-07,2026-06-07
Inflection Point LLC,LLC,518210,,76006,TX,76006,1,,,[],true,low,"[""Senior Accountant""]",auto,2026-06-07,2026-06-07
"Timbergrove Solutions, LLC",LLC,541512,,Houston,TX,77003,1,,,[],true,low,"[""Principal Digital Transformation Project Engineer""]",auto,2026-06-07,2026-06-07
IT SOLVE LLC,LLC,541511,,RICHARDSON,TX,75080,1,,,[],true,low,"[""Data Engineer""]",auto,2026-06-07,2026-06-07
Virtue Serve LLC,LLC,541511,,Irving,TX,75063,1,,,[],true,low,"[""Software Developer""]",auto,2026-06-07,2026-06-07
Sprint Byte Technologies LLC,LLC,541512,,leander,TX,78641,1,,,[],true,low,"[""Data Analyst""]",auto,2026-06-07,2026-06-07
Sailpro LLC,LLC,541511,,Plano,TX,75024,1,,,[],true,low,"[""Data Engineer""]",auto,2026-06-07,2026-06-07
Infinity Software LLC,LLC,541511,,Frisco,TX,75035,1,,,[],true,low,"[""Software Developer""]",auto,2026-06-07,2026-06-07
ActiveTech IT Solutions LLC,LLC,541511,,Denton,TX,76205,1,,,[],true,low,"[""Software Developer""]",auto,2026-06-07,2026-06-07
KVISTA LLC,LLC,541511,,Leander,TX,78641,1,,,[],true,low,"[""Cloud Developer""]",auto,2026-06-07,2026-06-07
VSSIQ Solutions LLC,LLC,541511,,Leander,TX,78641,1,,,[],true,low,"[""Project Manager""]",auto,2026-06-07,2026-06-07
KENAI SOLUTIONS LLC,LLC,541511,,DALLAS,TX,75240,1,,,[],true,low,"[""DATA SCIENTIST""]",auto,2026-06-07,2026-06-07
Innovate TechLabs LLC,LLC,541511,,Coppell,TX,75019,1,,,[],true,low,"[""Software Engineer""]",auto,2026-06-07,2026-06-07
Connexa Technologies LLC,LLC,541511,,Austin,TX,78735,1,,,[],true,low,"[""Business Solutions Architect""]",auto,2026-06-07,2026-06-07
ABSOLUTE FABRICATION LLC,LLC,541511,,Houston,TX,77020,1,,,[],true,low,"[""PRODUCTION ENGINEER""]",auto,2026-06-07,2026-06-07
"Particle41, LLC.",LLC,541511,,Frisco,TX,75068,1,,,[],true,low,"[""Lead Software Engineer""]",auto,2026-06-07,2026-06-07
"Devwise, LLC",LLC,541511,,Houston,TX,77094,1,,,[],true,low,"[""Sr Stibo Solution Architect""]",auto,2026-06-07,2026-06-07
"Liberate Life Sciences Technologies, LLC.",LLC,541512,,Austin,TX,78717,1,,,[],true,low,"[""Validation Engineer""]",auto,2026-06-07,2026-06-07
Admirable Technologies LLC,LLC,541511,,Round Rock,TX,78664,1,,,[],true,low,"[""Software Developer""]",auto,2026-06-07,2026-06-07
"Math Made Visible, LLC",LLC,513210,,Paige,TX,78659,1,,,[],true,low,"[""Learning Research and Design Specialist""]",auto,2026-06-07,2026-06-07
SignalPet LLC,LLC,54151,,Dallas,TX,75240,1,,,[],true,low,"[""Customer Success Manager""]",auto,2026-06-07,2026-06-07
"Event Dynamic, LLC",LLC,541519,,Dallas,TX,75219,1,,,[],true,low,"[""Software Developer""]",auto,2026-06-07,2026-06-07
"Iodine Software, LLC",LLC,541512,,Austin,TX,78731-3201,1,,,[],true,low,"[""Senior Software Development Engineer in Test""]",auto,2026-06-07,2026-06-07
Simplifi Holdings LLC,LLC,51321,,Fort Worth,TX,76164,1,,,[],true,low,"[""Data Engineer""]",auto,2026-06-07,2026-06-07
Litigiven LLC,LLC,513210,,Dallas,TX,75251,1,,,[],true,low,"[""Mid-Level UI Designer""]",auto,2026-06-07,2026-06-07
Database Mart LLC,LLC,518210,,League City,TX,77573,1,,,[],true,low,"[""Data Scientist""]",auto,2026-06-07,2026-06-07
"Claims-X-Change, LLC",LLC,541511,,Dallas,TX,75244,1,,,[],true,low,"[""Senior Compliance Analyst""]",auto,2026-06-07,2026-06-07
Miracle Treasures LLC,LLC,541511,,Fulshear,TX,77441,1,,,[],true,low,"[""SAP Project Systems Consultant""]",auto,2026-06-07,2026-06-07
Worldtech IT LLC,LLC,541512,,Austin,TX,78702,1,,,[],true,low,"[""ADC Engineer""]",auto,2026-06-07,2026-06-07
Meat Mafia Media LLC,LLC,516210,,Austin,TX,78748,1,,,[],true,low,"[""Head of Podcast & Media Production""]",auto,2026-06-07,2026-06-07
Sharpwhiz Corporation LLC,LLC,541511,,Austin,TX,78731,1,,,[],true,low,"[""Devops Engineer""]",auto,2026-06-07,2026-06-07
AIWEBIT LLC,LLC,541511,,Plano,TX,75093,1,,,[],true,low,"[""BizOps Enginner""]",auto,2026-06-07,2026-06-07
VGTS LLC,LLC,54151,,Frisco,TX,75036,1,,,[],true,low,"[""Senior Consultant""]",auto,2026-06-07,2026-06-07
FORTEWIZ SYSTEMS LLC,LLC,541511,,Katy,TX,77450,1,,,[],true,low,"[""WEB DEVELOPER""]",auto,2026-06-07,2026-06-07
DATA FORCE  - INC LLC,LLC,541511,,DALLAS,TX,75252,1,,,[],true,low,"[""SYSTEMS ENGINEER""]",auto,2026-06-07,2026-06-07
"LedgerSpace, LLC",LLC,518210,,COLLEGE STATION,TX,77845,1,,,[],true,low,"[""Software Engineer""]",auto,2026-06-07,2026-06-07
Verittsoft LLC,LLC,541511,,Frisco,TX,75035,1,,,[],true,low,"[""Software Developer""]",auto,2026-06-07,2026-06-07
ADAPTRA LLC,LLC,541511,,Irving,TX,75038,1,,,[],true,low,"[""Business Analyst""]",auto,2026-06-07,2026-06-07
"TowWorks, LLC",LLC,541511,,Houston,TX,77007,1,,,[],true,low,"[""Junior Software Developer""]",auto,2026-06-07,2026-06-07
AZORY TECH LLC,LLC,541511,,"Irving,",TX,75062,1,,,[],true,low,"[""FULL STACK JAVA/J2EE DEVELOPER""]",auto,2026-06-07,2026-06-07
FORTUNE FOUR TECH SOLUTIONS LLC,LLC,541511,,Frisco,TX,75035,1,,,[],true,low,"[""Senior Development  Engineer""]",auto,2026-06-07,2026-06-07
Ellym LLC,LLC,541511,,Austin,TX,78731,1,,,[],true,low,"[""Software Developer""]",auto,2026-06-07,2026-06-07
INFOBLITZ TECH SOLUTIONS LLC,LLC,541511,,AUSTIN,TX,78731,1,,,[],true,low,"[""Finance Analyst""]",auto,2026-06-07,2026-06-07
SOCIUS INNOVATIVE GLOBAL BRAINS LLC,LLC,518210,,HOUSTON,TX,77074,1,,,[],true,low,"[""CHIEF OPERATIONS OFFICER""]",auto,2026-06-07,2026-06-07
STEPINSIGHT LLC,LLC,541511,,Austin,TX,78731,1,,,[],true,low,"[""Project Manager""]",auto,2026-06-07,2026-06-07
Arka Services LLC,LLC,541511,,Round Rock,TX,78664,1,,,[],true,low,"[""DevOps Engineer""]",auto,2026-06-07,2026-06-07
Aspire Digital LLC,LLC,541512,,Austin,TX,78759,1,,,[],true,low,"[""Computer Programmer""]",auto,2026-06-07,2026-06-07
Datalibs LLC,LLC,541512,,Dallas,TX,75252,1,,,[],true,low,"[""System Engineer""]",auto,2026-06-07,2026-06-07
"aMind Solutions, LLC d.b.a. ArganoaMind",LLC,541511,,Plano,TX,75093,1,,,[],true,low,"[""Sr Technical Consultant""]",auto,2026-06-07,2026-06-07
SREELAN LLC,LLC,541511,,Frisco,TX,75035,1,,,[],true,low,"[""Business intelligence Analyst""]",auto,2026-06-07,2026-06-07
Go Idlewild LLC,LLC,5415,,Flower Mound,TX,75022,1,,,[],true,low,"[""IT Analyst""]",auto,2026-06-07,2026-06-07
"ILM360, LLC",LLC,541511,,ROUND ROCK,TX,78681,1,,,[],true,low,"[""SOFTWARE DEVELOPER""]",auto,2026-06-07,2026-06-07
TSICOM LLC,LLC,541512,,Houston,TX,77079,1,,,[],true,low,"[""Chief Operations Officer""]",auto,2026-06-07,2026-06-07
ALICE TECH SOLUTIONSLLC,LLC,541511,,IRVING,TX,75062,1,,,[],true,low,"[""CLOUD ENGINEER""]",auto,2026-06-07,2026-06-07
AGI FLUX LLC,LLC,541511,,Dallas,TX,75240,1,,,[],true,low,"[""Software Developer""]",auto,2026-06-07,2026-06-07
Chain Service Solutions LLC,LLC,541511,,Houston,TX,77042,1,,,[],true,low,"[""Software Engineer""]",auto,2026-06-07,2026-06-07
Barrage Systems LLC,LLC,541513,,Hurst,TX,76054,1,,,[],true,low,"[""ServiceNow RPA Developer Lead""]",auto,2026-06-07,2026-06-07
Zionzest LLC,LLC,541512,,Lewisville,TX,75056,1,,,[],true,low,"[""iOS Developer""]",auto,2026-06-07,2026-06-07
Intelli-Inform LLC,LLC,541511,,Flower Mound,TX,75077,1,,,[],true,low,"[""Software Engineer - ERP Solutions""]",auto,2026-06-07,2026-06-07
"NUBA, LLC",LLC,541511,,El Paso,TX,79922,1,,,[],true,low,"[""Software Developer""]",auto,2026-06-07,2026-06-07
Price Kubecka PLLC,LLC,54151,,Addison,TX,75001,1,,,[],true,low,"[""Tax Senior""]",auto,2026-06-07,2026-06-07
Solutions by Text LLC,LLC,541511,,Addison,TX,75001,1,,,[],true,low,"[""Senior Software Lead""]",auto,2026-06-07,2026-06-07
Holistiplan LLC,LLC,513210,,College Station,TX,77845,1,,,[],true,low,"[""Senior Product Marketing Manager""]",auto,2026-06-07,2026-06-07
SKOUTERA LLC,LLC,541511,,COPPELL,TX,75019,1,,,[],true,low,"[""System Level Test Engineer""]",auto,2026-06-07,2026-06-07
VIVERE SYSTEMS LLC,LLC,541511,,Frisco,TX,75035,1,,,[],true,low,"[""Software Developer""]",auto,2026-06-07,2026-06-07
C2A Global IT SolutionsLLC,LLC,541511,,Austin,TX,78752,1,,,[],true,low,"[""Software Quality Assurance Analyst and Tester""]",auto,2026-06-07,2026-06-07
REPAVE IT LLC,LLC,541511,,Frisco,TX,75034,1,,,[],true,low,"[""Systems Engineer""]",auto,2026-06-07,2026-06-07
Bonterra Tech LLC,LLC,513210,,Austin,TX,78759,1,,,[],true,low,"[""Reporting Solution Consultant""]",auto,2026-06-07,2026-06-07
GOTHINKERS TECH LLC,LLC,541511,,Plano,TX,75023,1,,,[],true,low,"[""Software Developer""]",auto,2026-06-07,2026-06-07
BigNorTek LLC,LLC,541511,,Dallas,TX,75254,1,,,[],true,low,"[""Data Analyst""]",auto,2026-06-07,2026-06-07
TECH LADDER LLC,LLC,541511,,Houston,TX,77064,1,,,[],true,low,"[""Network Engineer""]",auto,2026-06-07,2026-06-07
ENMAS USA LLC,LLC,541512,,The Woodlands,TX,77380,1,,,[],true,low,"[""Project Manager""]",auto,2026-06-07,2026-06-07
"OfficerTRAK, LLC",LLC,513210,,Katy,TX,77493,1,,,[],true,low,"[""Enterprise Architect""]",auto,2026-06-07,2026-06-07
MASH ASSOCIATES LLC,LLC,541511,,Dallas,TX,75063,1,,,[],true,low,"[""Database Engineer""]",auto,2026-06-07,2026-06-07
DataGlacier LLC,LLC,541511,,Cedar Park,TX,78613,1,,,[],true,low,"[""Data Engineer""]",auto,2026-06-07,2026-06-07
Club Sports Solutions L.L.C.,LLC,54151,,Round Rock,TX,78665,1,,,[],true,low,"[""Software Developer""]",auto,2026-06-07,2026-06-07
"2nd Source IT Solutions, LLC",LLC,541511,,Plano,TX,75023,1,,,[],true,low,"[""Computer Hardware Engineer""]",auto,2026-06-07,2026-06-07
Lorvens AZTech LLC,LLC,541511,,Aubrey,TX,76227,1,,,[],true,low,"[""SYSTEMS ENGINEER""]",auto,2026-06-07,2026-06-07
"Profusion Tech Labs, LLC",LLC,541511,,Austin,TX,78738,1,,,[],true,low,"[""Full Stack Developer""]",auto,2026-06-07,2026-06-07
Willow Technologies LLC,LLC,54151,,Dallas,TX,75209,1,,,[],true,low,"[""Director of Sales""]",auto,2026-06-07,2026-06-07
Innoventworks LLC,LLC,541511,,Frisco,TX,75036,1,,,[],true,low,"[""Cloud Data Engineer (Software Engineer)""]",auto,2026-06-07,2026-06-07
Increase Financial LLC,LLC,518210,,Missouri City,TX,77459,1,,,[],true,low,"[""Data Entry-Specialized program""]",auto,2026-06-07,2026-06-07
RGAP LLC,LLC,541512,,Round Rock,TX,78681,1,,,[],true,low,"[""Head Engineering and Product""]",auto,2026-06-07,2026-06-07
RAYS FOOD IMPORTS LLC,LLC,541512,,Houston,TX,77041,1,,,[],true,low,"[""Cybersecurity Analyst / IT Security Specialist""]",auto,2026-06-07,2026-06-07
Kaizintel LLC,LLC,54151,,Katy,TX,77493,1,,,[],true,low,"[""Senior Consultant""]",auto,2026-06-07,2026-06-07
"Prime Bids, LLC",LLC,541511,,Pasadena,TX,77506,1,,,[],true,low,"[""Software Developer - AI Engineer""]",auto,2026-06-07,2026-06-07
Microdrive LLC,LLC,541511,,Irving,TX,75062,1,,,[],true,low,"[""Senior Vice President of Engineering / Technology""]",auto,2026-06-07,2026-06-07
JSRM Group LLC,LLC,541511,,San Antonio,TX,78216,1,,,[],true,low,"[""Senior Java Developer""]",auto,2026-06-07,2026-06-07
Tangle Systems LLC,LLC,541511,,Roswell,TX,30075,1,,,[],true,low,"[""Java Developer""]",auto,2026-06-07,2026-06-07
Co-Flo Enterprise LLC,LLC,541511,,Houston,TX,77027,1,,,[],true,low,"[""Account Executive""]",auto,2026-06-07,2026-06-07
Tscalar Systems LLC,LLC,541511,,Plano,TX,75025,1,,,[],true,low,"[""QA Automation Engineer""]",auto,2026-06-07,2026-06-07
GRAVITYINTEL LLC,LLC,541511,,Mckinney,TX,75072,1,,,[],true,low,"[""Data scientist""]",auto,2026-06-07,2026-06-07
Capella Software LLC,LLC,541512,,Cypress,TX,77429-3952,1,,,[],true,low,"[""Senior Business Intelligence Analyst""]",auto,2026-06-07,2026-06-07
Turtle Cloud LLC,LLC,541511,,Dallas,TX,75243,1,,,[],true,low,"[""Security Engineer""]",auto,2026-06-07,2026-06-07
Prodata Strategies LLC,LLC,541511,,McKinney,TX,75070,1,,,[],true,low,"[""Project Engineer""]",auto,2026-06-07,2026-06-07
OUTLAY GLOBAL LLC,LLC,541511,,IRVING,TX,75039,1,,,[],true,low,"[""BUSINESS ANALYST / INFORMATION TECHNOLOGY SPECIALIST""]",auto,2026-06-07,2026-06-07
360 Technology LLC,LLC,541511,,Farmers Branch,TX,75244,1,,,[],true,low,"[""Software Developer""]",auto,2026-06-07,2026-06-07
QUANTUM UNIVERSAL LLC,LLC,541511,,LEWISVILLE,TX,75067,1,,,[],true,low,"[""BUSINESS ANALYST / INFORMATION TECHNOLOGY SPECIALIST""]",auto,2026-06-07,2026-06-07
HiTek US LLC,LLC,541511,,Sugar Land,TX,77479,1,,,[],true,low,"[""Business Analyst""]",auto,2026-06-07,2026-06-07
GMWARE LLC,LLC,541511,,Austin,TX,78731,1,,,[],true,low,"[""Software Engineer Team Lead""]",auto,2026-06-07,2026-06-07
Kanika Compute LLC,LLC,541511,,West Lake Hills,TX,78746,1,,,[],true,low,"[""Engineering Modeling and Simulation Software Engineer""]",auto,2026-06-07,2026-06-07
Argus Partners LLC,LLC,541511,,Fort Worth,TX,76155,1,,,[],true,low,"[""Project Coordinator""]",auto,2026-06-07,2026-06-07
NFORCE ONE LLC,LLC,541511,,PLANO,TX,75024-3583,1,,,[],true,low,"[""AI Quality Assurance Associate""]",auto,2026-06-07,2026-06-07
"LENDERBOX, LLC",LLC,5415,,DALLAS,TX,75206,1,,,[],true,low,"[""SENIOR SOLUTIONS ARCHITECT""]",auto,2026-06-07,2026-06-07
"Dealerware, LLC",LLC,513210,,Austin,TX,78701,1,,,[],true,low,"[""Data Engineer""]",auto,2026-06-07,2026-06-07
Nexxverse LLC,LLC,541511,,Dallas,TX,75219,1,,,[],true,low,"[""Business Analyst""]",auto,2026-06-07,2026-06-07
CoverDoc LLC,LLC,513210,,austin,TX,78723,1,,,[],true,low,"[""product marketing manager""]",auto,2026-06-07,2026-06-07
"BrainWaves Digital, LLC",LLC,541519,,Austin,TX,78737,1,,,[],true,low,"[""AI/ML Engineer""]",auto,2026-06-07,2026-06-07
"Primebids, LLC",LLC,541511,,Pasadena,TX,77506,1,,,[],true,low,"[""AI Analyst""]",auto,2026-06-07,2026-06-07
ZERO DAY GROUP LLC,LLC,54151,,BELLAIRE,TX,77401,1,,,[],true,low,"[""SUPPLY CHAIN ANALYSTS""]",auto,2026-06-07,2026-06-07
"DDS Profits, LLC",LLC,518210,,San Antonio,TX,78213,1,,,[],true,low,"[""Software Engineer""]",auto,2026-06-07,2026-06-07
Ciphermax LLC,LLC,541511,,IRVING,TX,75062,1,,,[],true,low,"[""Software Developer""]",auto,2026-06-07,2026-06-07
Finovient LLC,LLC,541519,,Wylie,TX,75098,1,,,[],true,low,"[""Manager - Computer and Information Systems""]",auto,2026-06-07,2026-06-07
JCIP SERVICES LLC,LLC,518210,,Richmond,TX,77407,1,,,[],true,low,"[""Content Writer and Strategist""]",auto,2026-06-07,2026-06-07
NP Strategies LLC,LLC,513210,,McKinney,TX,75069,1,,,[],true,low,"[""AppSheet Developer""]",auto,2026-06-07,2026-06-07
"WatchmeSports, LLC",LLC,516210,,Fort Worth,TX,76116,1,,,[],true,low,"[""Software Engineer""]",auto,2026-06-07,2026-06-07
Anion Marketing LLC,LLC,541511,,Frisco,TX,75033,1,,,[],true,low,"[""Machine Learning Engineer""]",auto,2026-06-07,2026-06-07
"Peppered Software, LLC",LLC,513210,,Austin,TX,78757,1,,,[],true,low,"[""Senior Software Engineer""]",auto,2026-06-07,2026-06-07
INTERACT CX LLC,LLC,541519,,LEWSIVILLE,TX,75056,1,,,[],true,low,"[""Principal Solution Architect""]",auto,2026-06-07,2026-06-07
"Platform Software, LLC",LLC,541511,,Houston,TX,77002,1,,,[],true,low,"[""Director""]",auto,2026-06-07,2026-06-07
VOLCONE WEB SOLUTIONS LLC,LLC,541511,,GEORGETOWN,TX,78628,1,,,[],true,low,"[""SOFTWARE DEVELOPER""]",auto,2026-06-07,2026-06-07
COREAA LLC,LLC,541519,,The Woodlands,TX,77382,1,,,[],true,low,"[""Product Engineer""]",auto,2026-06-07,2026-06-07
"Bonjoy, LLC",LLC,541512,,The Woodlands,TX,77380,1,,,[],true,low,"[""Operations Research Analyst""]",auto,2026-06-07,2026-06-07
"Kuiper OpCo, LLC",LLC,541511,,Austin,TX,78701,1,,,[],true,low,"[""Data Engineer""]",auto,2026-06-07,2026-06-07
AEHL US LLC,LLC,51821,,Austin,TX,78731,1,,,[],true,low,"[""Director""]",auto,2026-06-07,2026-06-07
Digital Information Security Solutions LLC,LLC,541519,,San Antonio,TX,78261,1,,,[],true,low,"[""Chief Revenue and Compliance Officer""]",auto,2026-06-07,2026-06-07
"Prelude, LLC",LLC,541511,,Austin,TX,78735,1,,,[],true,low,"[""Software Engineer""]",auto,2026-06-07,2026-06-07
"Insurance Technologies, LLC",LLC,541511,,Dallas,TX,75208,1,,,[],true,low,"[""Software Engineer""]",auto,2026-06-07,2026-06-07
"LINQX, LLC",LLC,541511,,Houston,TX,77042,1,,,[],true,low,"[""Product Knowledge Manager""]",auto,2026-06-07,2026-06-07
"Prescriptive Data Solutions, LLC",LLC,541512,,San Antonio,TX,78240,1,,,[],true,low,"[""Cybersecurity Engineer""]",auto,2026-06-07,2026-06-07
Echo & Reply LLC,LLC,541511,,Katy,TX,77494,1,,,[],true,low,"[""Software Engineer""]",auto,2026-06-07,2026-06-07
"Clear Again, LLC",LLC,541511,,Dallas,TX,75229,1,,,[],true,low,"[""Project Manager and Training Specialist""]",auto,2026-06-07,2026-06-07
Denim Health LLC,LLC,541511,,"Austin,",TX,78758,1,,,[],true,low,"[""Senior Software Engineer""]",auto,2026-06-07,2026-06-07
Dear Media LLC,LLC,516210,,Austin,TX,78701,1,,,[],true,low,"[""Head of Product""]",auto,2026-06-07,2026-06-07
"SAYA SOLUTIONS PROVIDER, LLC.",LLC,518210,,HOUSTON,TX,77064,1,,,[],true,low,"[""WEB APPLICATION PROGRAMMER""]",auto,2026-06-07,2026-06-07
"Salve Enterprises, LLC",LLC,541512,,Irving,TX,75063,1,,,[],true,low,"[""Full Stack Software Developer""]",auto,2026-06-07,2026-06-07
SYAAT USA LLC,LLC,541512,,Spring,TX,77380,1,,,[],true,low,"[""Senior SAP BASIS, SAP HANA and Cloud Architect""]",auto,2026-06-07,2026-06-07
"Databasaurus, LLC",LLC,518210,,Riesel,TX,76682,1,,,[],true,low,"[""Computer Programmer""]",auto,2026-06-07,2026-06-07
JENACIE LLC,LLC,5132,,Houston,TX,77064,1,,,[],true,low,"[""Fintech Developer""]",auto,2026-06-07,2026-06-07
Protocoding LLC,LLC,541511,,Dallas,TX,75214,1,,,[],true,low,"[""Full Stack Developer""]",auto,2026-06-07,2026-06-07
CYBIRIUS LLC,LLC,541519,,Carrollton,TX,75007,1,,,[],true,low,"[""Cyber SECURITY INSTRUCTOR""]",auto,2026-06-07,2026-06-07
"Okorio, LLC",LLC,541512,,Dallas,TX,75244,1,,,[],true,low,"[""Financial Planning Analyst""]",auto,2026-06-07,2026-06-07
CogentProc LLC,LLC,541519,,Mckinney,TX,75070,1,,,[],true,low,"[""SAP Consultant""]",auto,2026-06-07,2026-06-07
S Linx LLC,LLC,541511,,Leander,TX,78641,1,,,[],true,low,"[""DevOps Engineer""]",auto,2026-06-07,2026-06-07
"MinMax Technologies, LLC",LLC,541511,,Dallas,TX,75254,1,,,[],true,low,"[""Software Engineer""]",auto,2026-06-07,2026-06-07
C COM DIGITAL LLC,LLC,541511,,MCKINNEY,TX,75070,1,,,[],true,low,"[""COMPUTER PROGRAMMER ANALYST""]",auto,2026-06-07,2026-06-07
Groves & Company LLC,LLC,541511,,Austin,TX,78731,1,,,[],true,low,"[""technical consultant""]",auto,2026-06-07,2026-06-07
GLOBPEY LLC,LLC,541511,,Plano,TX,75093,1,,,[],true,low,"[""Software Engineer""]",auto,2026-06-07,2026-06-07
Credenti LLC,LLC,541511,,Houston,TX,77056,1,,,[],true,low,"[""Application Developer""]",auto,2026-06-07,2026-06-07
LIAMATRIX LLC,LLC,541512,,Houston,TX,77066,1,,,[],true,low,"[""Computer Systems Analyst""]",auto,2026-06-07,2026-06-07
Dixson Technology Services Americas LLC,LLC,541512,,Austin,TX,78701,1,,,[],true,low,"[""Director of US Operations""]",auto,2026-06-07,2026-06-07
Wave Telecom LLC,LLC,541511,,Frisco,TX,75034,1,,,[],true,low,"[""Chief Executive Officer""]",auto,2026-06-07,2026-06-07
Conavlytics LLC,LLC,541511,,Irving,TX,75038,1,,,[],true,low,"[""Solutions Architect""]",auto,2026-06-07,2026-06-07
"Lone Star Tech, LLC",LLC,541519,,Keller,TX,76244,1,,,[],true,low,"[""Cloud Architect""]",auto,2026-06-07,2026-06-07
SIMPLY ACTIVATE LLC,LLC,541519,,PARK ROW,TX,77494,1,,,[],true,low,"[""BUSINESS OPERATIONS SPECIALIST""]",auto,2026-06-07,2026-06-07
Artigence Tech Solutions LLC,LLC,541511,,Garland,TX,75041,1,,,[],true,low,"[""Software Developer""]",auto,2026-06-07,2026-06-07
SURUG Tech LLC,LLC,541511,,Houston,TX,77064,1,,,[],true,low,"[""Infrastructure Architect/DevOps""]",auto,2026-06-07,2026-06-07
"Advanced Traffic Solutions, LLC",LLC,541511,,Katy,TX,77494-7159,1,,,[],true,low,"[""Senior Solutions Architect""]",auto,2026-06-07,2026-06-07
"Apis Business Intelligence, LLC",LLC,541512,,Plano,TX,75024,1,,,[],true,low,"[""Senior Software Developer""]",auto,2026-06-07,2026-06-07
"Improvizations, LLC",LLC,541512,,Austin,TX,78741,1,,,[],true,low,"[""UKG & Zaddons Senior Consultant""]",auto,2026-06-07,2026-06-07
"The Teneo Group, LLC",LLC,541512,,Godley,TX,76044,1,,,[],true,low,"[""Security Architect""]",auto,2026-06-07,2026-06-07
Duelytics LLC,LLC,541511,,Irving,TX,75062,1,,,[],true,low,"[""Android Developer""]",auto,2026-06-07,2026-06-07
Bellatrix Systems LLC,LLC,541511,,Houston,TX,77043,1,,,[],true,low,"[""SRE & DevOps Engineer""]",auto,2026-06-07,2026-06-07
"Performance Scoring, LLC",LLC,541519,,Dallas,TX,75240,1,,,[],true,low,"[""IT Manager""]",auto,2026-06-07,2026-06-07
ThinkAI Experts LLC,LLC,541511,,Frisco,TX,75034,1,,,[],true,low,"[""Software Engineer""]",auto,2026-06-07,2026-06-07
iRely LLC,LLC,54151,,Irving,TX,75039,1,,,[],true,low,"[""Senior Systems Engineer""]",auto,2026-06-07,2026-06-07
"CRM Web Solutions, LLC",LLC,513210,,Addison,TX,75001,1,,,[],true,low,"[""Full Stack Developer""]",auto,2026-06-07,2026-06-07
FAME PBX LLC,LLC,51821,,Plano,TX,75023,1,,,[],true,low,"[""Software Developer""]",auto,2026-06-07,2026-06-07
Hotel Trader LLC,LLC,541511,,Irving,TX,75062,1,,,[],true,low,"[""Corporate Controller""]",auto,2026-06-07,2026-06-07
ZOWTA LLC,LLC,513210,,Austin,TX,78759,1,,,[],true,low,"[""Financial Controller""]",auto,2026-06-07,2026-06-07
"WiredHive, LLC",LLC,541511,,McKinney,TX,75072,1,,,[],true,low,"[""Data Engineer""]",auto,2026-06-07,2026-06-07
Infoglaze LLC,LLC,541512,,Katy,TX,77494,1,,,[],true,low,"[""Business Development Manager/Solution Architect""]",auto,2026-06-07,2026-06-07
Menbo Tech LLC,LLC,541511,,Plano,TX,75093,1,,,[],true,low,"[""Software Engineer""]",auto,2026-06-07,2026-06-07
AI Pioneer LLC,LLC,541511,,Frisco,TX,75036,1,,,[],true,low,"[""Software Developer""]",auto,2026-06-07,2026-06-07
The Purpose Built Group LLC,LLC,541511,,Dallas,TX,75226,1,,,[],true,low,"[""Data and AI Engineer""]",auto,2026-06-07,2026-06-07
Breaker19 Logistics LLC,LLC,541512,,Houston,TX,77043,1,,,[],true,low,"[""Software Engineer""]",auto,2026-06-07,2026-06-07
NEOSTRIDE LLC,LLC,541511,,Allen,TX,75013,1,,,[],true,low,"[""BPM Developer""]",auto,2026-06-07,2026-06-07
Trackme Software LLC,LLC,541511,,Allen,TX,75002,1,,,[],true,low,"[""Computer Programmer""]",auto,2026-06-07,2026-06-07
TEXAS TECHNOLOGY GROUP LLC,LLC,541511,,DUNCANVILLE,TX,75116-4931,1,,,[],true,low,"[""SOFTWARE ENGINEER""]",auto,2026-06-07,2026-06-07
"Improving Corporate Services, LLC",LLC,541511,,Plano,TX,75024,1,,,[],true,low,"[""Sr. Software Development Engineer""]",auto,2026-06-07,2026-06-07
AI2AIGLOBAL LLC,LLC,541511,,HOUSTON,TX,77090,1,,,[],true,low,"[""AI ARCHITECT""]",auto,2026-06-07,2026-06-07
Droidal LLC,LLC,541511,,Plano,TX,75024,1,,,[],true,low,"[""MARKET RESEARCH ANALYST""]",auto,2026-06-07,2026-06-07
Cloudrho LLC,LLC,541512,,Frisco,TX,75034,1,,,[],true,low,"[""Sr. Director \u201c Cloud Transformation""]",auto,2026-06-07,2026-06-07
Athletically LLC,LLC,541511,,Austin,TX,78756,1,,,[],true,low,"[""Senior Software Engineer""]",auto,2026-06-07,2026-06-07
Phenom Enterprise Cloud LLC,LLC,541511,,Irving,TX,75038,1,,,[],true,low,"[""Technical Consultant \u201c People Technology""]",auto,2026-06-07,2026-06-07
Avaro Group LLC,LLC,541512,,Houston,TX,77063,1,,,[],true,low,"[""Software Developer and Founder""]",auto,2026-06-07,2026-06-07
CLOUDTEK DATA LLC,LLC,541511,,Round Rock,TX,78664,1,,,[],true,low,"[""Senior Associate Scientist""]",auto,2026-06-07,2026-06-07
WIZIENT LLC,LLC,541511,,CYPRESS,TX,77429,1,,,[],true,low,"[""Data Engineer""]",auto,2026-06-07,2026-06-07
Data Products Pro LLC,LLC,541511,,McKinney,TX,75070,1,,,[],true,low,"[""Data Architect""]",auto,2026-06-07,2026-06-07
Sidjun LLC,LLC,541511,,Chesterfield,MO,63017,1,,,[],true,low,"[""System Engineer""]",auto,2026-06-07,2026-06-07
"Volt Systems, LLC",LLC,541511,,St. Louis,MO,63131,1,,,[],true,low,"[""Quality Assurance Manager""]",auto,2026-06-07,2026-06-07
"Facilisgroup, LLC",LLC,541511,,Brentwood,MO,63144,1,,,[],true,low,"[""Integration Solutions Consultant""]",auto,2026-06-07,2026-06-07
"VIVID SITES, LLC",LLC,541511,,St. Louis,MO,63141,1,,,[],true,low,"[""Digital Marketing Specialist""]",auto,2026-06-07,2026-06-07
Anrib LLC,LLC,541511,,St Louis,MO,63141,1,,,[],true,low,"[""Anrib LLC""]",auto,2026-06-07,2026-06-07
TM & Associates LLC,LLC,541511,,Saint Louis,MO,63110,1,,,[],true,low,"[""Network Engineer""]",auto,2026-06-07,2026-06-07
"Segistics, LLC",LLC,513210,,North Kansas City,MO,64116,1,,,[],true,low,"[""Software Engineer II""]",auto,2026-06-07,2026-06-07
KKEG Solutions LLC,LLC,541511,,OFallon,MO,63366,1,,,[],true,low,"[""Software Systems Consultant""]",auto,2026-06-07,2026-06-07
Gamer LLC,LLC,513210,,Maryland Heights,MO,63146,1,,,[],true,low,"[""Executive""]",auto,2026-06-07,2026-06-07
NEWGEN IT SOLUTIONS LLC,LLC,541511,,Farmington Hills,MO,48334,1,,,[],true,low,"[""Web Developer""]",auto,2026-06-07,2026-06-07
Newagez Technologies LLC,LLC,541511,,Harrisonville,MO,64701,1,,,[],true,low,"[""Data Engineer""]",auto,2026-06-07,2026-06-07
PINNACLELINK VENTURES LLC,LLC,541512,,Saint Louis,MO,63112,1,,,[],true,low,"[""Information Systems Project Manager""]",auto,2026-06-07,2026-06-07
"Liquid Logics, L.L.C.",LLC,541511,,Lee's Summit,MO,64064,1,,,[],true,low,"[""Net Developer""]",auto,2026-06-07,2026-06-07
Enso Endeavors LLC,LLC,54151,,Kansas City,MO,64112,1,,,[],true,low,"[""Lead Technical Architect""]",auto,2026-06-07,2026-06-07
Gateway Scripts LLC,LLC,541511,,Saint Louis,MO,63116,1,,,[],true,low,"[""Research Scientist""]",auto,2026-06-07,2026-06-07
TEKPROS LLC,LLC,541511,,OFALLON,MO,63368,1,,,[],true,low,"[""Data Engineer""]",auto,2026-06-07,2026-06-07
"MetaJungle, LLC",LLC,541511,,Ozark,MO,65721,1,,,[],true,low,"[""Web Developer and Programmer""]",auto,2026-06-07,2026-06-07
"Bordo AI, LLC",LLC,541511,,Chesterfield,MO,63017,1,,,[],true,low,"[""Lead Engineer, AI & Research""]",auto,2026-06-07,2026-06-07
se38 Solutions LLC,LLC,541511,,Chesterfield,MO,63017,1,,,[],true,low,"[""Azure Developer""]",auto,2026-06-07,2026-06-07
"VeriShip, LLC",LLC,541519,,Kansas City,MO,64114,1,,,[],true,low,"[""Software Engineer""]",auto,2026-06-07,2026-06-07
"Moktama IT Solutions, LLC.",LLC,541519,,Saint Louis,MO,63146,1,,,[],true,low,"[""Software Engineer (ServiceNow Admin/Developer)""]",auto,2026-06-07,2026-06-07
"Web Design and Company, LLC",LLC,541511,,St. Louis,MO,63103,1,,,[],true,low,"[""Web Designer""]",auto,2026-06-07,2026-06-07
"Linxup, LLC",LLC,51121,,Chesterfield,MO,63017,1,,,[],true,low,"[""Engineering Team Lead""]",auto,2026-06-07,2026-06-07
"INTEGRATED MANAGED CARE SYSTEMS, LLC",LLC,511210,,CAPE GIRARDEAU,MO,63701,1,,,[],true,low,"[""LEAD APPLICATION DEVELOPER""]",auto,2026-06-07,2026-06-07
"LOGICGRIDZ, LLC",LLC,541511,,ST LOUIS,MO,63146,1,,,[],true,low,"[""SENIOR SHAREPOINT ENGINEER""]",auto,2026-06-07,2026-06-07
Clearent LLC,LLC,541519,,Creve Coeur,MO,63141,1,,,[],true,low,"[""Senior Manager, Technical Accounting""]",auto,2026-06-07,2026-06-07
"Element 74, LLC",LLC,541511,,Cape Girardeau,MO,63703,1,,,[],true,low,"[""Web Administrator""]",auto,2026-06-07,2026-06-07
Liberty Hotel Group LLC,LLC,541511,,Liberty,MO,64068,1,,,[],true,low,"[""Management Analyst""]",auto,2026-06-07,2026-06-07
iTek360 LLC,LLC,541512,,Cape Girardeau,MO,63701,1,,,[],true,low,"[""Network Support Specialist""]",auto,2026-06-07,2026-06-07
Vizicar LLC,LLC,54151,,Columbia,MO,65202,1,,,[],true,low,"[""Senior Java Developer, Chief Engineer""]",auto,2026-06-07,2026-06-07
Foresite Healthcare LLC,LLC,541512,,Maryland Heights,MO,63043,1,,,[],true,low,"[""Senior Biomedical Engineer""]",auto,2026-06-07,2026-06-07
"Optimus Labs USA, LLC",LLC,541511,,Dallas,TX,75234,2,,,[],true,low,"[""DevOps Engineer""]",auto,2026-06-07,2026-06-07
Oortech LLC,LLC,51821,,Austin,TX,78705,2,,,[],true,low,"[""Foreign Law Consultant"", ""Lawyer""]",auto,2026-06-07,2026-06-07
Caton Analytics LLC,LLC,518210,,Austin,TX,78759,2,,,[],true,low,"[""Full Stack Developer"", ""Python Developer""]",auto,2026-06-07,2026-06-07
SYMBIOAITECH LLC,LLC,541511,,Farmers Branch,TX,75234,2,,,[],true,low,"[""Controls HMI Engineer"", ""Industrial Automation Specialist""]",auto,2026-06-07,2026-06-07
Honeydew Design LLC,LLC,541511,,Allen,TX,75013,2,,,[],true,low,"[""UI/UX Designer""]",auto,2026-06-07,2026-06-07
"8am, LLC",LLC,541511,,Austin,TX,78746,2,,,[],true,low,"[""Software Engineer - Level 3"", ""Software Engineer, Level 6""]",auto,2026-06-07,2026-06-07
"Palm Delivery Innovations QOZB, LLC",LLC,513210,,Austin,TX,78702,2,,,[],true,low,"[""Chief Marketing Officer"", ""Chief Executive Officer""]",auto,2026-06-07,2026-06-07
Janus Automation LLC,LLC,541511,,The Woodlands,TX,77380,2,,,[],true,low,"[""Automation Engineer"", ""Level 1 Project Manager""]",auto,2026-06-07,2026-06-07
METAVERSE TECHNOLOGY GROUP LLC,LLC,541511,,DUNCANVILLE,TX,75116,2,,,[],true,low,"[""ANDROID DEVELOPER""]",auto,2026-06-07,2026-06-07
DIGITAL TWINS TECHNOLOGIES LLC,LLC,541511,,DUNCANVILLE,TX,75116,2,,,[],true,low,"[""SOFTWARE ENGINEER"", ""REGULATORY AFFAIRS SPECIALIST III""]",auto,2026-06-07,2026-06-07
SANDBOX TECHNOLOGIES LLC,LLC,541511,,DUNCANVILLE,TX,75116,2,,,[],true,low,"[""SR DATA ANALYST""]",auto,2026-06-07,2026-06-07
ELFA Ventures LLC,LLC,541512,,Irving,TX,75062,2,,,[],true,low,"[""Security Analyst"", ""Security analyst""]",auto,2026-06-07,2026-06-07
VKAAS LLC,LLC,541511,,FRISCO,TX,75033,2,,,[],true,low,"[""Software Engineer"", ""QA Test Engineer""]",auto,2026-06-07,2026-06-07
The Social Plus LLC,LLC,541511,,Frisco,TX,75034,2,,,[],true,low,"[""Full stack Web Developer"", ""PHP Backend Developer""]",auto,2026-06-07,2026-06-07
Slick Integrations LLC,LLC,541512,,Austin,TX,78731,2,,,[],true,low,"[""SOFTWARE ENGINEER""]",auto,2026-06-07,2026-06-07
ATRIXSOFT LLC,LLC,541511,,SHERIDAN,TX,82801,2,,,[],true,low,"[""senior software associate""]",auto,2026-06-07,2026-06-07
TEKLEADS LLC,LLC,541511,,MCKINNEY,TX,75070,2,,,[],true,low,"[""DATA ENGINEER"", ""JAVA DEVELOPER""]",auto,2026-06-07,2026-06-07
VSHARP LLC,LLC,541511,,Addison,TX,75001,2,,,[],true,low,"[""Senior Developer"", ""SRE Engineer""]",auto,2026-06-07,2026-06-07
GlobalStep Client Services LLC,LLC,541511,,Dallas,TX,75225,2,,,[],true,low,"[""Project Lead""]",auto,2026-06-07,2026-06-07
Digineox LLC,LLC,541512,,Houston,TX,77056,2,,,[],true,low,"[""Business Optimization Analyst"", ""Senior Consultant""]",auto,2026-06-07,2026-06-07
"Medical Technology Solutions, LLC",LLC,518210,,Valencia,TX,91355,2,,,[],true,low,"[""SOLUTION SPECIALIST""]",auto,2026-06-07,2026-06-07
Nlinq Solutions LLC,LLC,541519,,Houston,TX,77060,2,,,[],true,low,"[""Software Engineer""]",auto,2026-06-07,2026-06-07
TRAXCEL LLC,LLC,541512,,HOUSTON,TX,77084,2,,,[],true,low,"[""DATA ANALYTICS CONSULTANT""]",auto,2026-06-07,2026-06-07
EXTERPRISE LLC,LLC,541519,,Mckinney,TX,75070,2,,,[],true,low,"[""Business Analyst""]",auto,2026-06-07,2026-06-07
NEXTGEN INNOVATION LABS LLC,LLC,541511,,Frisco,TX,75034,2,,,[],true,low,"[""Software Developer""]",auto,2026-06-07,2026-06-07
CRAFTANY IT SOLUTIONS LLC,LLC,54151,,DALLAS,TX,75243,2,,,[],true,low,"[""SOFTWARE DEVELOPER""]",auto,2026-06-07,2026-06-07
DSP Zusters LLC,LLC,541511,,Aubrey,TX,76227,2,,,[],true,low,"[""Java Full Stack Developer"", ""Senior Testing Analyst""]",auto,2026-06-07,2026-06-07
WISENMORE LLC,LLC,541511,,Fulshear,TX,77441,2,,,[],true,low,"[""Software Quality Assurance Analyst""]",auto,2026-06-07,2026-06-07
ENQBATOR LLC,LLC,541512,,Austin,TX,78750,2,,,[],true,low,"[""Software Developer - I""]",auto,2026-06-07,2026-06-07
"Corva AI, LLC",LLC,541519,,Houston,TX,77043,2,,,[],true,low,"[""Product Manager"", ""Data Science Lead, Predictive Drilling""]",auto,2026-06-07,2026-06-07
Aayog Solutions LLC,LLC,541511,,Round Rock,TX,78681,2,,,[],true,low,"[""Computer Programmer""]",auto,2026-06-07,2026-06-07
UPSHOP LLC,LLC,541511,,AUSTIN,TX,78757,2,,,[],true,low,"[""SENIOR DEVOPS ENGINEER"", ""Data Engineer""]",auto,2026-06-07,2026-06-07
Logicexcell LLC,LLC,541513,,Frisco,TX,75033,2,,,[],true,low,"[""Business Data Analyst"", ""Data Scientist""]",auto,2026-06-07,2026-06-07
Veeratech LLC,LLC,541511,,Houston,TX,77070,2,,,[],true,low,"[""Full Stack Developer""]",auto,2026-06-07,2026-06-07
"Computer Visionaries, LLC",LLC,541511,,Dallas,TX,75244,2,,,[],true,low,"[""Lead Computer Vision Engineer"", ""Robotics and AI Engineer""]",auto,2026-06-07,2026-06-07
SoftTelRG LLC,LLC,541511,,McKinney,TX,75070,2,,,[],true,low,"[""Software Engineer \u201c Database Specialist (Multilingual)"", ""Product Owner & Business Development Specialist""]",auto,2026-06-07,2026-06-07
Sathya Sai Services LLC,LLC,541511,,Austin,TX,78731,2,,,[],true,low,"[""Software Developer""]",auto,2026-06-07,2026-06-07
TRICON TECH SERVICES LLC,LLC,541511,,LEWISVILLE,TX,75056,2,,,[],true,low,"[""DOT NET DEVELOPER"", ""SOFTWARE DEVELOPER""]",auto,2026-06-07,2026-06-07
IT PRO HUB USA LLC.,LLC,541511,,FARMERS BRANCH,TX,75234,2,,,[],true,low,"[""SOFTWARE DEVELOPER""]",auto,2026-06-07,2026-06-07
TekDeft LLC,LLC,541511,,Plano,TX,75023,2,,,[],true,low,"[""Software Developer"", ""Dot Net Developer""]",auto,2026-06-07,2026-06-07
Salesdrive Technologies LLC,LLC,541511,,Flower mound,TX,75028,2,,,[],true,low,"[""Senior Configuration Engineer"", ""IC Configuration Analyst""]",auto,2026-06-07,2026-06-07
Solidrock Solutions LLC,LLC,541511,,Flower Mound,TX,75028,2,,,[],true,low,"[""Software Engineer - ERP Solutions"", ""Software Engineer-App Development""]",auto,2026-06-07,2026-06-07
Ingenious IT Systems LLC,LLC,541511,,Richmond,TX,77407,2,,,[],true,low,"[""SAP Analyst""]",auto,2026-06-07,2026-06-07
C4Workx LLC,LLC,541511,,Richmond,TX,77406,2,,,[],true,low,"[""Senior Cloud Developer""]",auto,2026-06-07,2026-06-07
"Bellwether Electronics, LLC",LLC,541519,,Austin,TX,78731,2,,,[],true,low,"[""Market Research Analyst""]",auto,2026-06-07,2026-06-07
CPS Technology Solutions LLC,LLC,541511,,Frisco,TX,75035,2,,,[],true,low,"[""Computer Programmer""]",auto,2026-06-07,2026-06-07
SOLVATION LLC,LLC,541512,,PLANO,TX,75025,2,,,[],true,low,"[""Quality Assurance Lead""]",auto,2026-06-07,2026-06-07
Method Analytics LLC,LLC,541519,,Trinidad,TX,75163,2,,,[],true,low,"[""Product Designer""]",auto,2026-06-07,2026-06-07
"CoachAlgo, LLC",LLC,513210,,Sugar Land,TX,77478,2,,,[],true,low,"[""Computer Programmer""]",auto,2026-06-07,2026-06-07
Texas VU LLC,LLC,541519,,Frisco,TX,75034,2,,,[],true,low,"[""IT Analyst""]",auto,2026-06-07,2026-06-07
Arks Intellitech LLC,LLC,541511,,Lewisville,TX,75056,2,,,[],true,low,"[""Software Developer"", ""SOFTWARE ENGINEER""]",auto,2026-06-07,2026-06-07
Blue Goji LLC,LLC,513210,,Austin,TX,78744,2,,,[],true,low,"[""Data Analyst"", ""Biomechanical Data Analyst""]",auto,2026-06-07,2026-06-07
Cyberbridge LLC,LLC,541512,,Katy,TX,77493,2,,,[],true,low,"[""General Manager"", ""Management Analyst""]",auto,2026-06-07,2026-06-07
"MiView Integrated Solutions, LLC",LLC,513210,,Carrollton,TX,75007,2,,,[],true,low,"[""Mechanical Engineer"", ""Product Implementation Specialist""]",auto,2026-06-07,2026-06-07
ULTIMATE SOFT LLC,LLC,541511,,Mckinney,TX,75070,2,,,[],true,low,"[""Sr. QA Engineer"", ""QA Automation Engineer""]",auto,2026-06-07,2026-06-07
Bonterra LLC,LLC,541511,,Austin,TX,78759,2,,,[],true,low,"[""Software Developer II"", ""Lead Software Engineer""]",auto,2026-06-07,2026-06-07
Enpowertek LLC,LLC,541511,,Frisco,TX,75034,2,,,[],true,low,"[""Software Development Engineer In Test (SDET)"", ""IT Project Coordinator""]",auto,2026-06-07,2026-06-07
"LaborEdge, LLC",LLC,511210,,Plano,TX,75024,2,,,[],true,low,"[""Senior Data Scientist""]",auto,2026-06-07,2026-06-07
Luna Squares Texas LLC,LLC,518210,,Pecos,TX,79772,2,,,[],true,low,"[""Promotion Writer"", ""Operation Research Analyst""]",auto,2026-06-07,2026-06-07
"Broadleaf Commerce, LLC.",LLC,541511,,Plano,TX,75024,2,,,[],true,low,"[""Software Engineer""]",auto,2026-06-07,2026-06-07
BLUEGREEN TECHSOLUTIONS LLC.,LLC,541511,,FRISCO,TX,75034,2,,,[],true,low,"[""COMPUTER SYSTEM ENGINEER/ARCHITECT"", ""COMPUTER SYSTEMS ANALYST""]",auto,2026-06-07,2026-06-07
INTELLECT CLOUD TECHNOLOGIES LLC,LLC,541511,,Allen,TX,75013,2,,,[],true,low,"[""Software Engineer""]",auto,2026-06-07,2026-06-07
Bonum Technologies LLC,LLC,541512,,Flower Mound,TX,75022,2,,,[],true,low,"[""Network Security Engineer""]",auto,2026-06-07,2026-06-07
Global Infrastructure Services LLC,LLC,541511,,Prosper,TX,75078,2,,,[],true,low,"[""Devops Engineer"", ""Business Intelligence Developer""]",auto,2026-06-07,2026-06-07
Frisco Tech Sol LLC,LLC,541511,,Frisco,TX,75034,2,,,[],true,low,"[""Programmer Analyst""]",auto,2026-06-07,2026-06-07
Rayala Cloud Solutions LLC,LLC,541511,,Frisco,TX,75035,2,,,[],true,low,"[""OneStream Developer"", ""Enterprise Performance Management (EPM)  Architect""]",auto,2026-06-07,2026-06-07
TOYAJA IT SOLUTIONS LLC.,LLC,541519,,GEORGETOWN,TX,78628,2,,,[],true,low,"[""SAP ARCHITECT (FI-TAXATION)"", ""SAP ONESOURCE TAX CONSULTANT""]",auto,2026-06-07,2026-06-07
AAKHIRAH INVESTMENTS LLC,LLC,518210,,Irving,TX,75038,2,,,[],true,low,"[""Data Scientist""]",auto,2026-06-07,2026-06-07
TECHAVIDITY BUSINESS SOLUTIONS LLC,LLC,54151,,Frisco,TX,75034,2,,,[],true,low,"[""Cloud DevOps Engineer"", ""Software Quality Assurance Analyst""]",auto,2026-06-07,2026-06-07
"ThoughtSpark US, LLC",LLC,541511,,Houston,TX,77060,2,,,[],true,low,"[""Sr Implementation Lead""]",auto,2026-06-07,2026-06-07
SCN Corp LLC,LLC,541511,,Irving,TX,75063,2,,,[],true,low,"[""Workday Integrations Consultant"", ""SR. Java Full stack Developer""]",auto,2026-06-07,2026-06-07
AUSIND Solutions LLC,LLC,541511,,Plano,TX,75024,2,,,[],true,low,"[""Principal QA Engineer""]",auto,2026-06-07,2026-06-07
"VIJAYA, LLC",LLC,541511,,WYLIE,TX,75098,2,,,[],true,low,"[""Embedded Software Engineer"", ""Senior System Administrator""]",auto,2026-06-07,2026-06-07
Sri Tech International LLC,LLC,541512,,AUSTIN,TX,78717,2,,,[],true,low,"[""Senior SAS Application Developer"", ""Software Developers""]",auto,2026-06-07,2026-06-07
MYK PROVIDERSLLC,LLC,541511,,DALLAS,TX,75220,2,,,[],true,low,"[""SOFTWARE DEVELOPER""]",auto,2026-06-07,2026-06-07
Xenonsofttech LLC.,LLC,541511,,Liberty Hill,TX,78642,2,,,[],true,low,"[""Senior Salesforce Developer""]",auto,2026-06-07,2026-06-07
Paramount Technologies LLC,LLC,541519,,Irving,TX,75063,2,,,[],true,low,"[""Senior Quality Analyst/SME - Payments Testing"", ""Systems Engineer""]",auto,2026-06-07,2026-06-07
SIGNACORP LLC,LLC,541511,,Mckineey,TX,75070,2,,,[],true,low,"[""System Administrator"", ""Principle Engineer""]",auto,2026-06-07,2026-06-07
SKIONTEK LLC,LLC,541511,,IRVING,TX,75062,2,,,[],true,low,"[""SALESFORCE DEVELOPER"", ""SOFTWARE ENGINEER""]",auto,2026-06-07,2026-06-07
"iQGateway, LLC",LLC,54151,,The Woodlands,TX,77380,2,,,[],true,low,"[""Manager Software Testing""]",auto,2026-06-07,2026-06-07
FORMULA HUB LLC,LLC,541511,,Farmers Branch,TX,75234,2,,,[],true,low,"[""Software Developer""]",auto,2026-06-07,2026-06-07
"Optimal Blue, LLC",LLC,541511,,Plano,TX,75024,2,,,[],true,low,"[""Software Test Analyst IV"", ""Development Manager""]",auto,2026-06-07,2026-06-07
NEURABOX AI LLC,LLC,541511,,DALLAS,TX,75231,2,,,[],true,low,"[""TECHNICAL PROGRAM MANAGER""]",auto,2026-06-07,2026-06-07
"Hynes & Khater, LLC",LLC,541511,,Houston,TX,77056,2,,,[],true,low,"[""QA Analyst"", ""Software Developer""]",auto,2026-06-07,2026-06-07
"SAPPHIRE INFORMATICS, LLC.",LLC,541511,,AUSTIN,TX,78752,2,,,[],true,low,"[""MIDDLEWARE INTEGRATION ENGINEER"", ""SR.DATA ENGINEER""]",auto,2026-06-07,2026-06-07
Qualesce LLC,LLC,541512,,Frisco,TX,75034,2,,,[],true,low,"[""Principal Consultant""]",auto,2026-06-07,2026-06-07
Octed LLC,LLC,541511,,Coppell,TX,75019,2,,,[],true,low,"[""IT Director"", ""Lead Developer""]",auto,2026-06-07,2026-06-07
VALUE CREED LLC,LLC,54151,,Plano,TX,75074,2,,,[],true,low,"[""Manager - Consulting"", ""Senior Consultant""]",auto,2026-06-07,2026-06-07
RPD Systems LLC,LLC,54151,,Austin,TX,78750,2,,,[],true,low,"[""Drupal Developer""]",auto,2026-06-07,2026-06-07
YOCE LLC,LLC,541511,,Fort Worth,TX,76110,2,,,[],true,low,"[""Product Designer/UX Designer""]",auto,2026-06-07,2026-06-07
Arora Innovation LLC,LLC,541512,,Dallas,TX,75201,2,,,[],true,low,"[""Software Quality Assurance Analyst""]",auto,2026-06-07,2026-06-07
"Payteros, LLC",LLC,541511,,Houston,TX,77070,2,,,[],true,low,"[""Senior Oracle Solutions Consultant"", ""Senior Payments Technology Architect""]",auto,2026-06-07,2026-06-07
FRISCO TECHSOL LLC,LLC,541511,,Frisco,TX,75034,2,,,[],true,low,"[""Programmer Analyst""]",auto,2026-06-07,2026-06-07
Reach Partners LLC,LLC,54151,,Austin,TX,78701,2,,,[],true,low,"[""Data Analyst"", ""DSO Lead Engineer""]",auto,2026-06-07,2026-06-07
Octagos Acquisition LLC,LLC,511210,,Houston,TX,77070,2,,,[],true,low,"[""Full Stack Developer"", ""Client Service Supervisor""]",auto,2026-06-07,2026-06-07
BEYOND SCRIPTS LLC,LLC,541511,,MCKINNEY,TX,75070,2,,,[],true,low,"[""SENIOR PYTHON FULL STACK ENGINEER"", ""DATABASE ANALYST""]",auto,2026-06-07,2026-06-07
UX is Fine LLC,LLC,541511,,Austin,TX,78759,2,,,[],true,low,"[""UI Designer"", ""Senior UI Art Director""]",auto,2026-06-07,2026-06-07
VCLOUD TECHNOLOGY GROUP LLC,LLC,541511,,DUNCANVILLE,TX,75116-4605,2,,,[],true,low,"[""SOFTWARE ENGINEER"", ""SR. BUSINESS ANALYST""]",auto,2026-06-07,2026-06-07
"TexasFile, LLC",LLC,518210,,Corpus Christi,TX,78401,2,,,[],true,low,"[""Information Technology Architect""]",auto,2026-06-07,2026-06-07
Code Insights LLC.,LLC,541511,,Frisco,TX,75035,2,,,[],true,low,"[""Computer Software Engineer"", ""Software Developer""]",auto,2026-06-07,2026-06-07
"Hahn Stats, LLC",LLC,518210,,Austin,TX,78745,2,,,[],true,low,"[""Natural Language Programming Specialist""]",auto,2026-06-07,2026-06-07
Saantekglobal LLC,LLC,541511,,ALLEN,TX,75013,2,,,[],true,low,"[""SYSTEM ENGINEER"", ""Python Developer""]",auto,2026-06-07,2026-06-07
TEKTRON LLC.,LLC,541511,,PLANO,TX,75074,2,,,[],true,low,"[""ADVISOR TIS SOLUTION DEVELOPER II"", ""SOFTWARE DEVELOPER""]",auto,2026-06-07,2026-06-07
Banjaxed Solutions LLC,LLC,541511,,College Station,TX,77845,2,,,[],true,low,"[""Technical Product Manager""]",auto,2026-06-07,2026-06-07
"North Polaris, LLC.",LLC,541511,,Houston,TX,77036,2,,,[],true,low,"[""Technical Manager"", ""Technical Architect""]",auto,2026-06-07,2026-06-07
ShellSquare LLC,LLC,541511,,AUSTIN,TX,78701,2,,,[],true,low,"[""Senior Quality Analyst""]",auto,2026-06-07,2026-06-07
BINARYWAY LLC.,LLC,541511,,KATY,TX,77449,2,,,[],true,low,"[""COMPUTER SYSTEMS ENGINEERS"", ""Technical Data Architect""]",auto,2026-06-07,2026-06-07
Matrix Software Technology LLC,LLC,541511,,Houston,TX,77025,2,,,[],true,low,"[""Software Engineer"", ""Software Development Engineer""]",auto,2026-06-07,2026-06-07
LearnSAP LLC,LLC,541511,,Pearland,TX,77581,2,,,[],true,low,"[""Computer System Engineer/Architect"", ""Programmer""]",auto,2026-06-07,2026-06-07
FORTUNE INSIGHTS LLC.,LLC,541512,,SOUTHLAKE,TX,76092,2,,,[],true,low,"[""SOFTWARE ENGINEER"", ""DATA ENGINEER""]",auto,2026-06-07,2026-06-07
IT MICROSTACK LLC,LLC,541511,,Frisco,TX,75036,2,,,[],true,low,"[""Software Developer"", ""Software Engineer""]",auto,2026-06-07,2026-06-07
SHARANGASOLUTIONS LLC,LLC,541511,,FLOWER MOUND,TX,75022,2,,,[],true,low,"[""Data Engineer"", ""Tibco Developer""]",auto,2026-06-07,2026-06-07
Tysonite Partners LLC,LLC,541511,,Missouri City,TX,77459,2,,,[],true,low,"[""Software Developer"", ""Information Technology Project Manager""]",auto,2026-06-07,2026-06-07
Tech Quotient LLC,LLC,541511,,Liberty Hill,TX,78642,2,,,[],true,low,"[""IT Analyst"", ""Software Engineer""]",auto,2026-06-07,2026-06-07
Client Connect LLC,LLC,511210,,Plano,TX,75093,2,,,[],true,low,"[""Salesforce Developer"", ""Implementation Technical Lead""]",auto,2026-06-07,2026-06-07
IPSEC SYSTEMS LLC,LLC,541519,,Plano,TX,75074,2,,,[],true,low,"[""SOFTWARE DEVELOPER""]",auto,2026-06-07,2026-06-07
Softvel LLC,LLC,541511,,Austin,TX,78738,2,,,[],true,low,"["".Net Developer"", ""DevOps / SRE""]",auto,2026-06-07,2026-06-07
Neolution LLC,LLC,54151,,Irving,TX,75038,2,,,[],true,low,"[""Software Engineer"", ""Software Developer""]",auto,2026-06-07,2026-06-07
Bloomgen LLC,LLC,541511,,McKinney,TX,75070,2,,,[],true,low,"[""Senior Technical Lead"", ""Software Developer""]",auto,2026-06-07,2026-06-07
MNM Innovations LLC,LLC,541511,,Fulshear,TX,77441,2,,,[],true,low,"[""Software Engineer"", ""Data Analyst""]",auto,2026-06-07,2026-06-07
"Conduent Credit Balance Solutions, LLC",LLC,541512,,Richardson,TX,75080,2,,,[],true,low,"[""Senior .NET Developer"", ""Applications Development and Support Services Consultant""]",auto,2026-06-07,2026-06-07
"Shaw Systems Associates, LLC",LLC,5415,,Houston,TX,77042,2,,,[],true,low,"[""Software Developer""]",auto,2026-06-07,2026-06-07
"Nusoft Systems, LLC",LLC,541511,,Sugar Land,TX,77479,2,,,[],true,low,"[""Sr. Software Engineer"", ""ERP ANALYST""]",auto,2026-06-07,2026-06-07
Growth AXL LLC,LLC,541519,,Sugar Land,TX,77479,2,,,[],true,low,"[""Solution Architect""]",auto,2026-06-07,2026-06-07
Potel Projects LLC,LLC,541512,,Frisco,TX,75035,2,,,[],true,low,"[""Application Developer"", ""Software Developer""]",auto,2026-06-07,2026-06-07
Kibernum USA LLC,LLC,511210,,Plano,TX,75024,2,,,[],true,low,"[""Global Business Manager""]",auto,2026-06-07,2026-06-07
Solvo Tech Solutions LLC,LLC,541511,,Dallas,TX,75243,2,,,[],true,low,"[""Software Engineer""]",auto,2026-06-07,2026-06-07
"Cocolevio, LLC",LLC,5415,,Austin,TX,78702,2,,,[],true,low,"[""Application Development Manager"", ""Consultant""]",auto,2026-06-07,2026-06-07
"SRP TH Services, LLC",LLC,541511,,Dallas,TX,75219,2,,,[],true,low,"[""Senior Data Engineer"", ""Senior Software Engineer""]",auto,2026-06-07,2026-06-07
"Triarc Solutions, LLC",LLC,54151,,Houston,TX,77002,2,,,[],true,low,"[""Senior Technical Manager""]",auto,2026-06-07,2026-06-07
"Auctane, LLC, dba ShipStation",LLC,518210,,Austin,TX,78731,2,,,[],true,low,"[""Treasury Manager""]",auto,2026-06-07,2026-06-07
PROTAGONA LLC,LLC,541511,,PLANO,TX,75074,2,,,[],true,low,"[""Practice Manager / Cloud Acceleration"", ""DIRECTOR, SOLUTIONS ARCHITECTURE""]",auto,2026-06-07,2026-06-07
TekRubix LLC,LLC,541511,,Irving,TX,75039,2,,,[],true,low,"[""Software Development Engineer in test"", ""Senior Software Developer""]",auto,2026-06-07,2026-06-07
"Winner, LLC",LLC,518210,,Fort Worth,TX,76177,2,,,[],true,low,"[""Data Center Engineering Specialist - Product Platform""]",auto,2026-06-07,2026-06-07
ASYNC7 LLC,LLC,541511,,HOUSTON,TX,77092,2,,,[],true,low,"[""SOFTWARE ENGINEER""]",auto,2026-06-07,2026-06-07
ProjecTools Solutions LLC,LLC,541512,,Houston,TX,77043,2,,,[],true,low,"[""ProjecTools Commissioning Manager for Hydrogen Facilities"", ""Senior Project Director for Hydrogen Facilities""]",auto,2026-06-07,2026-06-07
Lotic AI LLC,LLC,541511,,Bee Cave,TX,78738,2,,,[],true,low,"[""Director of Content""]",auto,2026-06-07,2026-06-07
BLOCKnit LLC,LLC,541511,,Frisco,TX,75035,2,,,[],true,low,"[""Cloud Architect"", ""Data Scientist""]",auto,2026-06-07,2026-06-07
"Geek Genix, LLC",LLC,541519,,Waco,TX,76710,2,,,[],true,low,"[""Information Technology Project Manager""]",auto,2026-06-07,2026-06-07
QADWORKS SOLUTIONS LLC.,LLC,541519,,Houston,TX,77096,2,,,[],true,low,"[""Systems Applications and Products Analyst"", ""Solutions Architect""]",auto,2026-06-07,2026-06-07
"Mshana Group, LLC",LLC,541512,,Sugar Land,TX,77479,2,,,[],true,low,"[""Network Administrator"", ""Data Warehouse Specialist""]",auto,2026-06-07,2026-06-07
"Verge Ventures, LLC",LLC,511210,,Richardson,TX,75082,2,,,[],true,low,"[""Software Developer"", ""Full Stack Engineer""]",auto,2026-06-07,2026-06-07
"Luminary Creative and Marketing, LLC",LLC,541511,,Dallas,TX,75247,2,,,[],true,low,"[""Lead Developer"", ""Developer""]",auto,2026-06-07,2026-06-07
"Conduent Heritage, LLC",LLC,541512,,Richardson,TX,75080,2,,,[],true,low,"[""Applications Development and Support Engineer III"", ""Senior IT Engineer""]",auto,2026-06-07,2026-06-07
"Axcelinno, LLC",LLC,541512,,Frisco,TX,75034,2,,,[],true,low,"[""Solution & Innovation Consultant""]",auto,2026-06-07,2026-06-07
"Rand Group Solutions, LLC",LLC,541511,,Bellaire,TX,77401,2,,,[],true,low,"[""Sr. Systems Engineer""]",auto,2026-06-07,2026-06-07
RepeatMD Operating LLC,LLC,518210,,Houston,TX,77056,2,,,[],true,low,"[""Salesforce Developer"", ""Computer Systems Engineer""]",auto,2026-06-07,2026-06-07
The Quantamental Investment Group LLC,LLC,519130,,Fulshear,TX,77441,2,,,[],true,low,"[""Chief Financial Engineer""]",auto,2026-06-07,2026-06-07
Waypoint Data Solutions LLC,LLC,541511,,Spring,TX,77386,2,,,[],true,low,"[""Data Analyst""]",auto,2026-06-07,2026-06-07
"Lexipol, LLC",LLC,519130,,Frisco,TX,75034,2,,,[],true,low,"[""Sr. Product Manager, Corrections"", ""Director of Product, Policy & Performance Solutions""]",auto,2026-06-07,2026-06-07
AHACLOUDS LLC,LLC,541512,,Coppell,TX,75019,2,,,[],true,low,"[""Business Analyst"", ""Software Developer""]",auto,2026-06-07,2026-06-07
"Fame Computers, LLC",LLC,541512,,Plano,TX,75023,2,,,[],true,low,"[""Computer Network Architects"", ""Internal Accountant""]",auto,2026-06-07,2026-06-07
"Folio Software, LLC",LLC,541511,,Dallas,TX,75204,2,,,[],true,low,"[""Software Developer""]",auto,2026-06-07,2026-06-07
Paranet Solutions LLC,LLC,541512,,Dallas,TX,75248,2,,,[],true,low,"[""Senior Information Security Engineer"", ""Senior Security Engineer""]",auto,2026-06-07,2026-06-07
"SIGGA USA, LLC",LLC,541512,,Sugar Land,TX,77478,2,,,[],true,low,"[""Software Implementation Consultant"", ""Senior Delivery Consultant""]",auto,2026-06-07,2026-06-07
"Wolfepak Software, LLC",LLC,511210,,Abilene,TX,79602,2,,,[],true,low,"[""Software Developer""]",auto,2026-06-07,2026-06-07
Last Mile Venture LLC,LLC,54151,,Plano,TX,75093,2,,,[],true,low,"[""Senior Customer Success Director, Onboarding"", ""Senior Customer Success Manager""]",auto,2026-06-07,2026-06-07
CLOUD IMPERIUM GAMES TEXAS LLC,LLC,511210,,BEE CAVE,TX,78738,2,,,[],true,low,"[""DEVOPS ENGINEER II"", ""Business Analyst""]",auto,2026-06-07,2026-06-07
"Cerebre, LLC",LLC,541511,,Dallas,TX,78664,2,,,[],true,low,"[""Software Engineer""]",auto,2026-06-07,2026-06-07
"SCMO2, LLC",LLC,541512,,Plano,TX,75093,2,,,[],true,low,"[""Senior Integration Developer"", ""Solution Architect""]",auto,2026-06-07,2026-06-07
"Appweb, LLC",LLC,54151,,Georgetown,TX,78633,2,,,[],true,low,"[""Chief Technology Officer""]",auto,2026-06-07,2026-06-07
"AiQueous, LLC",LLC,541511,,Austin,TX,78757,2,,,[],true,low,"[""Quality Assurance Analyst"", ""Senior Business Analyst""]",auto,2026-06-07,2026-06-07
"Baxter Planning Systems Opco, LLC",LLC,541519,,Austin,TX,78731,2,,,[],true,low,"[""Data Integration Engineer"", ""Senior Engineer - Production Support""]",auto,2026-06-07,2026-06-07
"BoosterHub, LLC",LLC,511210,,Georgetown,TX,78628,2,,,[],true,low,"[""Software Engineer""]",auto,2026-06-07,2026-06-07
GrowthAXL Shared Services LLC,LLC,541519,,Houston,TX,77060,2,,,[],true,low,"[""Market Research Analyst"", ""Solutions Architect""]",auto,2026-06-07,2026-06-07
mlivelihood LLC,LLC,513210,,Houston,TX,77003,2,,,[],true,low,"[""Computer Programmer""]",auto,2026-06-07,2026-06-07
CyrusOne LLC,LLC,518210,,Dallas,TX,75201,2,,,[],true,low,"[""IP/IX Network Engineer"", ""Database Administrator""]",auto,2026-06-07,2026-06-07
Loop1 LLC,LLC,541511,,Cedar park,TX,78613,2,,,[],true,low,"[""Chief Operating Officer"", ""Chief Executive Officer""]",auto,2026-06-07,2026-06-07
Jointly LLC,LLC,511210,,Austin,TX,78745,2,,,[],true,low,"[""Visual Designer"", ""Product Designer""]",auto,2026-06-07,2026-06-07
Hotel RevUp LLC,LLC,518210,,Irving,TX,75062,2,,,[],true,low,"[""Vice President Engineering""]",auto,2026-06-07,2026-06-07
"Lively Video, LLC",LLC,541511,,Austin,TX,78722,2,,,[],true,low,"[""Senior Software Developer""]",auto,2026-06-07,2026-06-07
"Bridge Logix Solutions, LLC",LLC,541511,,Sugar Land,TX,77478,2,,,[],true,low,"[""ETL Developer"", ""Software Developer""]",auto,2026-06-07,2026-06-07
"Navesink Mortgage Services, LLC",LLC,54151,,Addison,TX,75001,2,,,[],true,low,"[""Senior Software Engineer"", ""Senior Developer""]",auto,2026-06-07,2026-06-07
REVENTION LLC,LLC,541512,,HOUSTON,TX,77043,2,,,[],true,low,"[""Senior Developer"", ""Software Architect""]",auto,2026-06-07,2026-06-07
"pixelByte, LLC",LLC,541511,,EL PASO,TX,79912,2,,,[],true,low,"[""SOFTWARE ENGINEER""]",auto,2026-06-07,2026-06-07
Capitalogix LLC,LLC,541511,,Coppell,TX,75019,2,,,[],true,low,"[""DATA ENGINEER"", ""DATA SCIENTIST""]",auto,2026-06-07,2026-06-07
"TEKENERGY, LLC.",LLC,541511,,IRVING,TX,75063,2,,,[],true,low,"[""SR. SAS PROGRAMMER"", ""BUSINESS INTELLIGENCE DEVELOPER""]",auto,2026-06-07,2026-06-07
Flight Operations Holdings LLC,LLC,541511,,Southlake,TX,76092,2,,,[],true,low,"[""Team Lead Business Analysis""]",auto,2026-06-07,2026-06-07
"Adaptive Vision & Robotics, LLC",LLC,541512,,McKinney,TX,75069,2,,,[],true,low,"[""Controls Engineer""]",auto,2026-06-07,2026-06-07
"Sultanete, LLC",LLC,541511,,Irving,TX,75062,2,,,[],true,low,"[""Splunk Engineer"", ""Lead System Analyst""]",auto,2026-06-07,2026-06-07
CLOUD RESOURCES LLC,LLC,541512,,IRVING,TX,75062,2,,,[],true,low,"[""Sr. Python Developer with AWS (CLDLLGX0049)"", ""DevOps Engineer (CLDLLGX0018)""]",auto,2026-06-07,2026-06-07
SwiftAnt LLC,LLC,541511,,MCKINNEY,TX,75070,2,,,[],true,low,"[""EDI PROGRAMMER/ANALYST"", ""EDI PROGRAMMER ANALYST""]",auto,2026-06-07,2026-06-07
Global Paradigm LLC,LLC,541511,,DALLAS,TX,75240,2,,,[],true,low,"[""Lead Solutions Architect""]",auto,2026-06-07,2026-06-07
"Vroom Automotive, LLC",LLC,541511,,Stafford,TX,77477,2,,,[],true,low,"[""Engineering Manager - Salesforce"", ""Software Engineer""]",auto,2026-06-07,2026-06-07
SOFTSYS TECHNOLOGIES LLC,LLC,541512,,LANTANA,TX,76226,2,,,[],true,low,"[""SOFTWARE DEVELOPER"", ""INFORMATICA DEVELOPER""]",auto,2026-06-07,2026-06-07
"ASTOUNDZ, LLC.",LLC,541511,,HOUSTON,TX,77092,2,,,[],true,low,"[""SOFTWARE DEVELOPER""]",auto,2026-06-07,2026-06-07
Trizetto Provider Solutions LLC,LLC,511210,,Earth City,MO,63045,2,,,[],true,low,"[""Senior Associate JC60 -Computer Systems Engineers/Architects""]",auto,2026-06-07,2026-06-07
Kelly Mitchell Group LLC,LLC,541512,,St. Louis,MO,63105,2,,,[],true,low,"[""Sr. Software Developer""]",auto,2026-06-07,2026-06-07
AYTECHNOLOGIES LLC,LLC,541511,,CHESTERFIELD,MO,63005,2,,,[],true,low,"[""AI/ML ENGINEER"", ""DEVOPS ENGINEER""]",auto,2026-06-07,2026-06-07
"Valorem Reply, LLC",LLC,5415,,Kansas City,MO,64108,2,,,[],true,low,"[""CRM  software developer"", ""Sr Project Manager""]",auto,2026-06-07,2026-06-07
Bluspire Technologies LLC,LLC,541511,,Saint Charles,MO,63303,2,,,[],true,low,"[""Software Developer""]",auto,2026-06-07,2026-06-07
DEVEIQ LLC,LLC,541511,,CHESTERFIELD,MO,63005,2,,,[],true,low,"[""Information Technology Director (IT Director)"", ""Director Business Development""]",auto,2026-06-07,2026-06-07
"Jon Buck Enterprises, LLC",LLC,541511,,JOPLIN,MO,64801,2,,,[],true,low,"[""SOFTWARE DEVELOPER""]",auto,2026-06-07,2026-06-07
"Ditat, LLC",LLC,541511,,Saint Louis,MO,63141,2,,,[],true,low,"[""Senior Software Developer""]",auto,2026-06-07,2026-06-07
UNI CONNECTIONS LLC,LLC,541511,,BALLWIN,MO,63021,2,,,[],true,low,"[""Software Automation Developer""]",auto,2026-06-07,2026-06-07
"Rechars Solutions, LLC.",LLC,541512,,Chesterfield,MO,63005,2,,,[],true,low,"[""Software Engineer""]",auto,2026-06-07,2026-06-07
Foursevens LLC,LLC,541511,,St. Louis,MO,63146,2,,,[],true,low,"[""SAP PP/ QM functional consultant"", ""Management Analyst""]",auto,2026-06-07,2026-06-07
"AutoAlert, LLC",LLC,541511,,Kansas,MO,64105,2,,,[],true,low,"[""Manager \u2013 Pando UX"", ""Manager-Software Engineering""]",auto,2026-06-07,2026-06-07
KDK Technology LLC,LLC,541512,,Saint Peters,MO,63376,2,,,[],true,low,"[""Senior Software Developer"", ""Supply Chain Manager""]",auto,2026-06-07,2026-06-07
"TierPoint, LLC",LLC,518210,,Saint Louis,MO,63131,2,,,[],true,low,"[""Senior Systems Engineer""]",auto,2026-06-07,2026-06-07
Digital Plus Solutions LLC,LLC,54151,,Kansas City,MO,64131,2,,,[],true,low,"[""Sr. RF Engineer"", ""Sr. RAN Optimization Engineer""]",auto,2026-06-07,2026-06-07
"CareSignal, LLC",LLC,541519,,St. Louis,MO,63110,2,,,[],true,low,"[""Chief Developer""]",auto,2026-06-07,2026-06-07
DST Brokerage Solutions LLC,LLC,511210,,Kansas City,MO,64105,2,,,[],true,low,"[""Senior Software Engineer"", ""Sr. Software Engineer""]",auto,2026-06-07,2026-06-07
"Ascension Health Resource and Supply Management Group, LLC",LLC,541511,,St. Louis,MO,63146,2,,,[],true,low,"[""Manager, Engineering Programs"", ""Director, Master Data Management""]",auto,2026-06-07,2026-06-07
"Cloud EPA, LLC",LLC,541511,,Euless,TX,76040,3,,,[],true,low,"[""Software Developer"", ""DevOps Engineer""]",auto,2026-06-07,2026-06-07
"Argo Design, LLC",LLC,541512,,Austin,TX,78704,3,,,[],true,low,"[""Principal Interaction Designer""]",auto,2026-06-07,2026-06-07
COGNITUM SOLUTIONS LLC,LLC,541511,,Austin,TX,78731,3,,,[],true,low,"[""Software Engineer"", ""SOFTWARE DEVELOPER"", ""BUSINESS INTELLIGENCE ANALYST""]",auto,2026-06-07,2026-06-07
Trinity Edge Solutions LLC,LLC,541511,,Irving,TX,75063,3,,,[],true,low,"[""Automation Engineer"", ""Senior QA Engineer"", ""Senior Business Analyst""]",auto,2026-06-07,2026-06-07
KEYWEB TECHNOLOGIES LLC,LLC,541511,,SHERIDAN,TX,82801,3,,,[],true,low,"[""senior software associate""]",auto,2026-06-07,2026-06-07
SimpleCube LLC,LLC,541511,,San Antonio,TX,78230,3,,,[],true,low,"[""Software Engineer""]",auto,2026-06-07,2026-06-07
ZOSH TECH LLC,LLC,541511,,Flower Mound,TX,75028,3,,,[],true,low,"[""MLOps/ DevOps Engineer"", ""Software Engineer""]",auto,2026-06-07,2026-06-07
R'cloud LLC,LLC,541511,,Pearland,TX,77584,3,,,[],true,low,"[""Business Analyst"", ""HR Systems Analyst""]",auto,2026-06-07,2026-06-07
XNOVAQ LLC,LLC,541511,,Frisco,TX,75035,3,,,[],true,low,"[""Programmer Analyst"", ""Data Engineer""]",auto,2026-06-07,2026-06-07
IBUILDSOFT LLC,LLC,518210,,Plano,TX,75074,3,,,[],true,low,"[""FULL STACK DEVELOPER"", ""NETWORK SECURITY ENGINEER"", ""Data Center Discovery and Migration Engineer""]",auto,2026-06-07,2026-06-07
VIRTUAL AMERICAN COMPANIES LLC,LLC,518210,,RICHMOND,TX,77407,3,,,[],true,low,"[""Management Analysts"", ""Business Process Analyst"", ""Market Research Analysts and Marketing Specialists""]",auto,2026-06-07,2026-06-07
Cyber Nirvana LLC,LLC,541511,,Irving,TX,75038,3,,,[],true,low,"[""Software Developer""]",auto,2026-06-07,2026-06-07
TEKPRO IT LLC,LLC,541511,,Plano,TX,75023,3,,,[],true,low,"[""Java Developer"", ""Web Developer""]",auto,2026-06-07,2026-06-07
Turvo LLC,LLC,541519,,Dallas,TX,75205,3,,,[],true,low,"[""Senior Site Reliability Engineer"", ""Principal Site Reliability Engineer""]",auto,2026-06-07,2026-06-07
AR INFOTEK SOLUTIONS LLC,LLC,541511,,Georgetown,TX,78626,3,,,[],true,low,"[""Senior Software Engineer"", ""ASIC Physical Design Engineer""]",auto,2026-06-07,2026-06-07
ROBOTIC PROCESS AUTOMATION LLC,LLC,541511,,DUNCANVILLE,TX,75116-4931,3,,,[],true,low,"[""SR. SOFTWARE ENGINEER"", ""SPARK DEVELOPER WITH JAVA""]",auto,2026-06-07,2026-06-07
VUYH TECHNOLOGIES LLC,LLC,541511,,KATY,TX,77494,3,,,[],true,low,"[""Network Engineer"", ""BUSINESS ANALYST"", ""Android Developer""]",auto,2026-06-07,2026-06-07
"WORK Technologies, LLC",LLC,518210,,San Antonio,TX,78232,3,,,[],true,low,"[""Senior Software Engineer (DevOps)"", ""Software Engineer-2""]",needs_review,2026-06-07,2026-06-07
"Hiecept, LLC",LLC,541511,,Houston,TX,77077,3,,,[],true,low,"[""Software Application Quality Consultant""]",auto,2026-06-07,2026-06-07
Avmtechies LLC,LLC,541511,,Frisco,TX,75034,3,,,[],true,low,"[""INTEGRATION ENGINEER"", ""Data Analyst""]",auto,2026-06-07,2026-06-07
SCUBE SOFT SOLUTIONS LLC,LLC,541511,,Flower Mound,TX,75022,3,,,[],true,low,"[""Software Developer"", ""Azure Data Engineer""]",auto,2026-06-07,2026-06-07
"GeoComputing Group, LLC",LLC,518210,,Houston,TX,77079,3,,,[],true,low,"[""Senior Database Administrator"", ""Geoscience Application Support Professional""]",auto,2026-06-07,2026-06-07
CONNECTEK SOLUTIONS LLC,LLC,541511,,Farmers Branch,TX,75234,3,,,[],true,low,"[""Computer Software Engineer"", ""Full Stack Software Engineer""]",auto,2026-06-07,2026-06-07
Global Smart Work LLC,LLC,541511,,McKinney,TX,75070,3,,,[],true,low,"[""Sr Performance Test Engineer (SQA)"", ""Software Mainframe Developer"", ""Product Architect""]",auto,2026-06-07,2026-06-07
Tekdream LLC,LLC,541511,,Lewisville,TX,75067,3,,,[],true,low,"[""Cyber Security Engineer"", ""Systems Engineer"", ""Network Engineer""]",auto,2026-06-07,2026-06-07
SLK Systems LLC,LLC,541511,,Dallas,TX,75234,3,,,[],true,low,"[""Infrastructure Engineer"", ""QA Engineer""]",auto,2026-06-07,2026-06-07
REAL SOURCE IT SOLUTIONS LLC,LLC,541511,,FRISCO,TX,75035,3,,,[],true,low,"[""DATA SCIENTIST"", ""SOFTWARE DEVELOPMENT ENGINEER IN TEST"", ""DATA ENGINEER""]",auto,2026-06-07,2026-06-07
A-DYNASTY LLC,LLC,541519,,Irving,TX,75062,3,,,[],true,low,"[""IT service Provider"", ""Electrician""]",auto,2026-06-07,2026-06-07
wingu llc,LLC,541512,,Houston,TX,77041,3,,,[],true,low,"[""security engineer"", ""Project Manager"", ""IT Analyst""]",auto,2026-06-07,2026-06-07
Cytracom LLC,LLC,541511,,Allen,TX,75013,3,,,[],true,low,"[""Software Engineer"", ""Senior Software Engineer""]",auto,2026-06-07,2026-06-07
Pranu Business Group LLC,LLC,541512,,Houston,TX,77079,3,,,[],true,low,"[""Software Developer"", ""SAP Consultant""]",auto,2026-06-07,2026-06-07
Waltasoft Technologies LLC,LLC,541511,,Irving,TX,75038,3,,,[],true,low,"[""Principal Consultant ( Oracle ERP)""]",auto,2026-06-07,2026-06-07
Idealagi LLC,LLC,541511,,The Woodlands,TX,77380,3,,,[],true,low,"[""Software Developer"", ""Cloud Platform Incident Analyst"", ""Technical Business Analyst""]",auto,2026-06-07,2026-06-07
PTechCrew LLC,LLC,541512,,Allen,TX,75013,3,,,[],true,low,"[""Techno Functional Consultant"", ""Advisory Consultant"", ""Data Scientist""]",auto,2026-06-07,2026-06-07
"TraxID, LLC",LLC,541511,,Farmers Branch,TX,75234,3,,,[],true,low,"[""Software Developer"", ""Software Programmer"", ""Data Scientist""]",auto,2026-06-07,2026-06-07
Crocus IT LLC,LLC,541511,,Frisco,TX,75036,3,,,[],true,low,"[""Data Engineer"", ""Senior Automation Architect"", ""Project Manager- Technical""]",auto,2026-06-07,2026-06-07
TechFuturiq LLC,LLC,541511,,McKinney,TX,75071,3,,,[],true,low,"[""Software Developer QA"", ""Data Analyst"", ""Resident Engineer""]",auto,2026-06-07,2026-06-07
"Digital Systems X, LLC",LLC,541512,,The Woodlands,TX,77381,3,,,[],true,low,"[""Solutions Architect"", ""PI/Software Developer"", ""Senior Systems Engineer""]",auto,2026-06-07,2026-06-07
Mash IT Solutions LLC,LLC,541511,,Austin,TX,78736,3,,,[],true,low,"[""Software Engineer Advisor""]",auto,2026-06-07,2026-06-07
Panda Solutions USA LLC,LLC,541519,,Dallas,TX,75240,3,,,[],true,low,"[""Network Transmission Engineer"", ""Supply Chain Specialist"", ""Software Engineer""]",auto,2026-06-07,2026-06-07
UtilPros LLC,LLC,541511,,Plano,TX,75023,3,,,[],true,low,"[""Business Analyst"", ""Senior Software Developer""]",auto,2026-06-07,2026-06-07
Ashtech Intelligent LLC,LLC,541513,,Richardson,TX,75080,3,,,[],true,low,"[""Cloud DevOps Engineer"", ""Cloud TestOps Engineer"", ""Health Data Analyst""]",auto,2026-06-07,2026-06-07
CITRINE SOLUTION LLC,LLC,541513,,IRVING,TX,75038,3,,,[],true,low,"[""TECHNICAL LEAD"", ""SALESFORCE TECHNICAL LEAD"", ""Business Analyst""]",auto,2026-06-07,2026-06-07
Dabble Sports LLC,LLC,513210,,Austin,TX,78701,3,,,[],true,low,"[""Chief Strategy Officer"", ""Performance Marketing Specialist"", ""Principal Engineer""]",auto,2026-06-07,2026-06-07
KLOUDSLACK LLC,LLC,541511,,Irving,TX,75062,3,,,[],true,low,"[""Lead Infrastructure Engineer"", ""Software Developer"", ""Software Quality Assurance Engineer""]",auto,2026-06-07,2026-06-07
TEKNOMITE LLC,LLC,541511,,MCKINNEY,TX,75070,3,,,[],true,low,"[""Database Engineering Manager"", ""QUALITY ASSURANCE ENGINEER""]",auto,2026-06-07,2026-06-07
Sutras LLC,LLC,541511,,KATY,TX,77494,3,,,[],true,low,"[""SAP-FICO Consultant"", ""SAP FICO Consultant""]",auto,2026-06-07,2026-06-07
KNR Paradise Holdings LLC,LLC,541512,,McKinney,TX,75071,3,,,[],true,low,"[""Software Developer""]",auto,2026-06-07,2026-06-07
DuraPeople LLC,LLC,513210,,San Antonio,TX,78205,3,,,[],true,low,"[""Senior Investment Manager"", ""Director of Central Finance""]",auto,2026-06-07,2026-06-07
Enboarder LLC,LLC,511210,,Austin,TX,78702,3,,,[],true,low,"[""Implementation Manager"", ""Implementation and Solutions Manager"", ""Implementation and Solutions Specialist""]",auto,2026-06-07,2026-06-07
MK Universal LLC,LLC,541511,,Plano,TX,75024,3,,,[],true,low,"[""Software Engineer""]",auto,2026-06-07,2026-06-07
SMARTCOMMS LLC,LLC,541519,,DALLAS,TX,75252,3,,,[],true,low,"[""PROJECT MANAGER"", ""PROFESSIONAL SERVICES MANAGER""]",auto,2026-06-07,2026-06-07
PEREGRINE AI LLC,LLC,541511,,PLANO,TX,75024,3,,,[],true,low,"[""DATA SCIENTIST"", ""DATA ANALYST""]",auto,2026-06-07,2026-06-07
TBX Employee Benefits LLC,LLC,541511,,Plano,TX,75024,3,,,[],true,low,"[""Developer II"", ""Developer"", ""Developer I""]",auto,2026-06-07,2026-06-07
Netnology LLC,LLC,541519,,Plano,TX,75074,3,,,[],true,low,"[""Network Engineer""]",auto,2026-06-07,2026-06-07
EASYSTEPIN LLC,LLC,541511,,Katy,TX,77494,3,,,[],true,low,"[""Software Developer - Applications"", ""Senior Integration Consultant"", ""Integration Developer""]",auto,2026-06-07,2026-06-07
KNSERVICESLLC,LLC,541511,,Round Rock,TX,78665,3,,,[],true,low,"[""Software Engineer"", ""IT Consultant (Systems Engineer)""]",auto,2026-06-07,2026-06-07
"Sitemetric, LLC",LLC,541512,,Houston,TX,77027,3,,,[],true,low,"[""Brand Director"", ""Financial Operations""]",auto,2026-06-07,2026-06-07
North Star Identity LLC,LLC,541512,,Prosper,TX,75078,3,,,[],true,low,"[""IT Service Resource Coordinator"", ""Software Developer"", ""IT Project Manager""]",auto,2026-06-07,2026-06-07
Digital 360 LLC,LLC,541511,,Arlington,TX,76010,3,,,[],true,low,"[""computer application analyst"", ""software developer"", ""Cyber Security Engineer""]",auto,2026-06-07,2026-06-07
IPLUS GLOBAL USA LLC,LLC,541511,,Irving,TX,75063,3,,,[],true,low,"[""Middleware Engineer""]",auto,2026-06-07,2026-06-07
We Empower IT LLC,LLC,541511,,The Woodlands,TX,77382,3,,,[],true,low,"[""Software Engineer"", ""Java Developer""]",auto,2026-06-07,2026-06-07
First Infra LLC,LLC,541511,,The Colony,TX,75056,3,,,[],true,low,"[""PROJECT ENGINEER"", ""Data Analyst""]",auto,2026-06-07,2026-06-07
Perficient IT LLC,LLC,541511,,McKinney,TX,75071,3,,,[],true,low,"[""Software Developer""]",auto,2026-06-07,2026-06-07
TECH SYNERGIES LLC,LLC,541511,,Irving,TX,75039,3,,,[],true,low,"[""Firm Developer / Software Developer"", "".Net Developer"", ""Business Analyst""]",auto,2026-06-07,2026-06-07
AUTHENTIC DATA SOLUTIONS LLC,LLC,541511,,ROUND ROCK,TX,78664,3,,,[],true,low,"[""LEAD DATA ENGINEER"", ""SOLUTION ARCHITECT"", ""Senior Software Engineer""]",needs_review,2026-06-07,2026-06-07
Hashtag Techie LLC,LLC,541511,,Dallas,TX,75243,3,,,[],true,low,"[""Sr. Hadoop Developer"", ""Software Developer"", ""Senior Data Engineer""]",auto,2026-06-07,2026-06-07
TekPeersGlobal LLC,LLC,541511,,Austin,TX,78731,3,,,[],true,low,"[""Sr. Database Developer"", ""Sr. Data Engineer"", ""Software Engineer""]",auto,2026-06-07,2026-06-07
"METAPRO USA, LLC",LLC,54151,,Grapevine,TX,76051,3,,,[],true,low,"[""Software Engineer"", ""NETWORK ENGINEER"", ""Senior Software Developer (SAP)""]",auto,2026-06-07,2026-06-07
ProArch Technologies LLC,LLC,541511,,Lakeway,TX,78734,3,,,[],true,low,"[""Project Manager"", ""FULL STACK JAVA DEVELOPER""]",auto,2026-06-07,2026-06-07
SoftTrak Technologies LLC.,LLC,541511,,Dallas,TX,75019,3,,,[],true,low,"[""Senior Software Developer - SQL"", ""Senior Software Developer (SQL)""]",auto,2026-06-07,2026-06-07
Alpha Solutions USA LLC,LLC,541512,,Addison,TX,75001,3,,,[],true,low,"[""Software Developer""]",auto,2026-06-07,2026-06-07
"Aqore, LLC",LLC,541511,,Grapevine,TX,75061,3,,,[],true,low,"[""Computer Systems Analyst"", ""Database/Computer Programmer""]",auto,2026-06-07,2026-06-07
"Watermark Insights, LLC",LLC,511210,,Austin,TX,78759,3,,,[],true,low,"[""Senior DevOps Engineer"", ""Principal Software Engineer"", ""Senior Software Engineer""]",auto,2026-06-07,2026-06-07
Asset Panda LLC,LLC,541511,,Frisco,TX,75034,3,,,[],true,low,"[""Architect"", ""Software Developer Lead""]",auto,2026-06-07,2026-06-07
Serverless Solutions LLC,LLC,54151,,Houston,TX,77024,3,,,[],true,low,"[""Senior Manager/Architect"", ""Software Developer"", ""Data Engineer""]",auto,2026-06-07,2026-06-07
Amnet Tech LLC,LLC,541511,,Leander,TX,78641,3,,,[],true,low,"[""Data Engineer"", ""Lead Software Engineer""]",auto,2026-06-07,2026-06-07
LorVen Techservices LLC,LLC,541511,,Frisco,TX,75034,3,,,[],true,low,"[""Lead RPA Architect"", ""BUSINESS INTELLIGENCE ANALYST""]",auto,2026-06-07,2026-06-07
"PakEnergy, LLC",LLC,511210,,Abilene,TX,79602,3,,,[],true,low,"[""Director of Digital Marketing""]",auto,2026-06-07,2026-06-07
Texas Automation Systems LLC,LLC,541512,,Grand Prairie,TX,75050,3,,,[],true,low,"[""Automation Engineer/Specialist"", ""SCADA Specialist""]",auto,2026-06-07,2026-06-07
OctagonIT LLC,LLC,541511,,Irving,TX,75062,3,,,[],true,low,"[""IT Consultant (Data Engineer)"", ""Database Administrator""]",auto,2026-06-07,2026-06-07
VERATECH SYSTEMS LLC.,LLC,541511,,CEDAR PARK,TX,78613,3,,,[],true,low,"[""SYSTEM ADMIN"", ""SR. APPLICATION ARCHITECT"", ""SOFTWARE ENGINEER""]",auto,2026-06-07,2026-06-07
Winstream IT LLC,LLC,541519,,Irving,TX,75063,3,,,[],true,low,"[""GRC Analyst"", ""GRC ANALYST""]",auto,2026-06-07,2026-06-07
Nimmetrix LLC,LLC,541511,,Houston,TX,77084,3,,,[],true,low,"[""Software Developer"", ""Project Manager""]",auto,2026-06-07,2026-06-07
Zeal Capital Management LLC,LLC,541511,,Dallas,TX,75201,3,,,[],true,low,"[""Software Developer""]",auto,2026-06-07,2026-06-07
"GDS Link, LLC",LLC,541511,,Dallas,TX,75206,3,,,[],true,low,"[""Solutions Consultant"", ""Solution Architect"", ""Business Analyst""]",auto,2026-06-07,2026-06-07
Kloutix Solutions LLC,LLC,541519,,Irving,TX,75039,3,,,[],true,low,"[""Data Engineer""]",auto,2026-06-07,2026-06-07
AMPLE GLOBAL SOLUTIONS LLC,LLC,541511,,Farmers Branch,TX,75234,3,,,[],true,low,"[""QA Engineer"", ""COMPUTER SYSTEMS ENGINEER"", ""BIG DATA ARCHITECT""]",auto,2026-06-07,2026-06-07
"NinjaOne, LLC",LLC,511210,,Austin,TX,78701,3,,,[],true,low,"[""Growth Marketing Analyst"", ""Senior Software Engineer"", ""Software Developer""]",auto,2026-06-07,2026-06-07
"Allata, LLC",LLC,541511,,Dallas,TX,75207,3,,,[],true,low,"[""Senior Associate"", ""Consultant"", ""Associate Software Developer""]",auto,2026-06-07,2026-06-07
Givewith LLC,LLC,541519,,Austin,TX,78701,3,,,[],true,low,"[""Senior Software Engineer"", ""Senior Software Engineer (Full Stack)""]",auto,2026-06-07,2026-06-07
"Solera Holdings, LLC",LLC,541511,,Westlake,TX,76262,3,,,[],true,low,"[""HRIS Analyst"", ""Sr. Workday Configuration Manager"", ""Sr. Software Engineer""]",auto,2026-06-07,2026-06-07
Nugen Tech LLC,LLC,541519,,Allen,TX,75013,3,,,[],true,low,"[""Systems Administrator"", ""SCADA Systems Manager""]",needs_review,2026-06-07,2026-06-07
Rex Team General LLC,LLC,541511,,Austin,TX,78731,3,,,[],true,low,"[""Product Designer"", ""Senior Data Engineer"", ""Senior Front End Engineer""]",auto,2026-06-07,2026-06-07
Navsan LLC,LLC,541511,,Helotes,TX,78023,3,,,[],true,low,"[""Automation Architect"", ""RPA Engineer"", ""Business Analyst""]",auto,2026-06-07,2026-06-07
Cloudiyan LLC,LLC,541511,,Frisco,TX,75034,3,,,[],true,low,"[""Senior Cloud Developer and Test Engineer"", ""Associate Attorney"", ""SR. LAW ASSOCIATE""]",auto,2026-06-07,2026-06-07
Telafor LLC,LLC,541511,,Dallas,TX,75019,3,,,[],true,low,"[""Release Train Engineer"", ""SOFTWARE DEVELOPER""]",auto,2026-06-07,2026-06-07
"Mountain State Software Solutions, LLC d.b.a ArganoMS3",LLC,541511,,Plano,TX,75093,3,,,[],true,low,"[""Integration Engineer"", ""Software Developer""]",needs_review,2026-06-07,2026-06-07
"PioneerRX, LLC",LLC,541512,,Irving,TX,75039,3,,,[],true,low,"[""Data Scientist"", ""SOFTWARE DEVELOPER"", ""Software Developer Lead""]",auto,2026-06-07,2026-06-07
"OpenSymmetry, LLC",LLC,541512,,Austin,TX,78746,3,,,[],true,low,"[""Enterprise Application Specialist"", ""Senior Principal Consultant, SAP APME"", ""Principal Consultant""]",auto,2026-06-07,2026-06-07
Bottle Rocket LLC,LLC,541511,,Addison,TX,75254,3,,,[],true,low,"[""Principal Experience Architect"", ""Technical Delivery Manager - Partnerships""]",auto,2026-06-07,2026-06-07
Zimat Investments LLC,LLC,541511,,Plano,TX,75024,3,,,[],true,low,"[""Senior Software Developer(Test Automation Lead)"", ""Senior Software Developer (Test Automation Lead)"", ""Software Development Engineer""]",auto,2026-06-07,2026-06-07
CY9 LLC,LLC,541511,,"Flower Mound,",TX,75022,3,,,[],true,low,"[""IT Project Manager"", ""Full Stack Developer""]",auto,2026-06-07,2026-06-07
Invasystems Digital LLC,LLC,54151,,Sugar Land,TX,77478,3,,,[],true,low,"[""Software Development Manager I"", ""SharePoint Developer II"", ""Technical Architect I""]",auto,2026-06-07,2026-06-07
Atlas Technology Group LLC,LLC,518210,,Austin,TX,78701,3,,,[],true,low,"[""HR Business Partner"", ""Project Management Specialist"", ""Project Director""]",auto,2026-06-07,2026-06-07
Ashers & Aarons LLC,LLC,541511,,Ballwin,MO,63011,3,,,[],true,low,"[""Programmer Analyst""]",auto,2026-06-07,2026-06-07
Guga Technology Solutions LLC,LLC,541511,,Saint Joseph,MO,64506,3,,,[],true,low,"[""Software Developer \u2013 Business Process Management"", ""Software Developer"", ""Network Engineer""]",auto,2026-06-07,2026-06-07
Snow Tech Solutions LLC,LLC,541511,,Saint Peters,MO,63376,3,,,[],true,low,"[""Software Developer"", ""Software Engineer""]",auto,2026-06-07,2026-06-07
"Techso IT, LLC",LLC,541511,,St Charles,MO,63304,3,,,[],true,low,"[""Senior Software Engineer"", ""SOFTWARE TECHNICAL LEAD"", ""SENIOR SOFTWARE ENGINEER""]",auto,2026-06-07,2026-06-07
"Aggio, LLC",LLC,51821,,St. Louis,MO,63132,3,,,[],true,low,"[""Associate Product Manager"", ""Product Manager"", ""Software Developer""]",auto,2026-06-07,2026-06-07
"Vantage Links, LLC",LLC,541512,,St. Louis,MO,63141,3,,,[],true,low,"[""Integration Sensor & Circuit Engineer""]",auto,2026-06-07,2026-06-07
"The Burgiss Group, LLC",LLC,511210,,Hoboken,MO,07030,3,,,[],true,low,"[""SOFTWARE DEVELOPER"", ""ASSOCIATE, TECH OPS MANAGER"", ""Data Engineer""]",auto,2026-06-07,2026-06-07
"DataMap, LLC",LLC,541512,,Kansas City,MO,64108,3,,,[],true,low,"[""Senior Software Architect""]",auto,2026-06-07,2026-06-07
"Local Backhaul Networks, LLC",LLC,541512,,St. Louis,MO,63005,3,,,[],true,low,"[""SOFTWARE DEVELOPER 2"", ""Business and Data Intelligence Director""]",auto,2026-06-07,2026-06-07
"Envision, LLC",LLC,541512,,St. Louis,MO,63141,3,,,[],true,low,"[""Sr.  Software (Pega) Developer"", ""Sr.  Data Engineer"", ""Sr.  Software Developer""]",auto,2026-06-07,2026-06-07
SKYOVI LLC,LLC,541511,,Allen,TX,75013,4,,,[],true,low,"[""Business Intelligence Engineer"", ""Data Scientist"", ""Data Engineer"", ""Infrastructure Implementation Manager""]",auto,2026-06-07,2026-06-07
"TOADFLY TECHNOLOGIES, LLC",LLC,541512,,Houston,TX,77034,4,,,[],true,low,"[""Senior Software Developer""]",auto,2026-06-07,2026-06-07
PEOPLESOFT TECH LLC,LLC,541511,,LEANDER,TX,78641,4,,,[],true,low,"[""ServiceNow Developer"", ""Software Developer"", ""ABAP Developer"", ""Software Engineer""]",auto,2026-06-07,2026-06-07
Turnitin LLC,LLC,541511,,Addison,TX,75001,4,,,[],true,low,"[""Associate Software Engineer"", ""Senior Software Engineer"", ""Principal Software Engineer"", ""Software Engineer""]",auto,2026-06-07,2026-06-07
TekOhana LLC,LLC,541511,,Farmers Branch,TX,75234,4,,,[],true,low,"[""Software Developer"", ""Senior Software Developer""]",auto,2026-06-07,2026-06-07
SYSINTELLECTS LLC,LLC,513210,,Plano,TX,75074,4,,,[],true,low,"[""Cybersecurity Engineer"", ""Software Test Analyst"", ""Software Developer"", ""Technical Program Manager""]",auto,2026-06-07,2026-06-07
Paalar LLC,LLC,541511,,Frisco,TX,75036,4,,,[],true,low,"[""Senior Developer"", ""Senior Software Engineer"", ""Technical Lead""]",auto,2026-06-07,2026-06-07
Laniakea Companies LLC,LLC,541511,,Farmers Branch,TX,75234,4,,,[],true,low,"[""Data Analyst"", ""FSQA Technician/Supervisor"", ""Software Developer""]",auto,2026-06-07,2026-06-07
Ooloo Group LLC,LLC,541511,,Richmond,TX,77406,4,,,[],true,low,"[""Workday Integrations Lead"", ""Workday Integrations Consultant""]",auto,2026-06-07,2026-06-07
LimeIQ LLC,LLC,518210,,Dallas,TX,75251,4,,,[],true,low,"[""Operations Research Data Analyst"", ""Software Developer Lead"", ""Sr. Business Intelligence Developer""]",auto,2026-06-07,2026-06-07
"Phoenix Infrastructure, LLC",LLC,518210,,Fort Worth,TX,76155,4,,,[],true,low,"[""Data Integrity Lead"", ""Senior Manager Financial Systems Reporting"", ""Senior Developer"", ""Market Account Director""]",auto,2026-06-07,2026-06-07
Cambay Solutions LLC,LLC,54151,,Katy,TX,77449,4,,,[],true,low,"[""Technical Solution Architect"", ""Solution Architect"", ""Director of Data & Analytics""]",auto,2026-06-07,2026-06-07
A2visions LLC,LLC,541511,,Frisco,TX,75034,4,,,[],true,low,"[""Java Production Support Engineer"", ""Software Engineer"", ""Software Engineer (Full Stack Java Developer)"", ""Quality Engineer""]",auto,2026-06-07,2026-06-07
TECHLADDER LLC,LLC,541511,,Houston,TX,77064,4,,,[],true,low,"[""Business Analysts"", ""Network Engineer"", ""Scrum Master"", ""Full Stack Java Developer""]",auto,2026-06-07,2026-06-07
VASHIPRA LLC,LLC,541511,,FULSHEAR,TX,77441,4,,,[],true,low,"[""SYSTEMS ANALYST"", ""SOFTWARE DEVELOPER""]",auto,2026-06-07,2026-06-07
Datamind Analytics LLC,LLC,541511,,Frisco,TX,75035,4,,,[],true,low,"[""Data Engineer"", ""Fullstack Engineer""]",auto,2026-06-07,2026-06-07
Impact QA Services LLC,LLC,541511,,Dallas,TX,75201,4,,,[],true,low,"[""Test Automation Architect"", ""AVP of Quality Engineering"", ""Test Engineer""]",auto,2026-06-07,2026-06-07
BROADX IT SOLUTIONS LLC,LLC,541511,,Irving,TX,75019,4,,,[],true,low,"[""Software Developer""]",auto,2026-06-07,2026-06-07
Sakesh Solutions LLC,LLC,541511,,Sugar Land,TX,77479,4,,,[],true,low,"[""System Analyst"", ""Software Engineer""]",auto,2026-06-07,2026-06-07
INTEGRATEUS LLC.,LLC,541511,,AUSTIN,TX,78701,4,,,[],true,low,"[""DATA SCIENTIST"", ""FULL-STACK ENGINEER"", ""FRONTEND WEB ENGINEER"", ""ML ENGINEER""]",auto,2026-06-07,2026-06-07
"Tyche Softech, LLC",LLC,541511,,Prosper,TX,75078,4,,,[],true,low,"[""Software Engineer"", ""Network Engineer""]",auto,2026-06-07,2026-06-07
NEO Techstaff LLC,LLC,541511,,Irving,TX,75062,4,,,[],true,low,"[""SAP WM/EWM Consultant"", ""QA Engineer"", ""Oracle APPS DBA""]",auto,2026-06-07,2026-06-07
Leading Edge Solutions LLC,LLC,541511,,The Colony,TX,75056,4,,,[],true,low,"[""Business Analyst"", ""Data Engineer"", ""Software Engineer"", ""Solution Architect""]",auto,2026-06-07,2026-06-07
BLUESPARK LLC,LLC,541511,,IRVING,TX,75038,4,,,[],true,low,"[""Software Engineer"", ""Software Developer""]",auto,2026-06-07,2026-06-07
COSMOFETCH LLC,LLC,541511,,COPPELL,TX,75019,4,,,[],true,low,"[""Application Analyst"", ""Solutions Architect""]",auto,2026-06-07,2026-06-07
PR Square Techstaff LLC,LLC,541511,,Justin,TX,76247,4,,,[],true,low,"[""Tosca Architect"", ""Software Developer""]",auto,2026-06-07,2026-06-07
"TEXAS FSG, LLC",LLC,541512,,SOUTH HOUSTON,TX,77587,4,,,[],true,low,"[""SAP SUPPLY CHAIN MANAGEMENT ANALYST"", ""HR SPECIALIST""]",auto,2026-06-07,2026-06-07
"Techwhiz Solutions, LLC",LLC,541511,,Dallas,TX,75235,4,,,[],true,low,"[""Software Developer"", ""Business Analyst""]",auto,2026-06-07,2026-06-07
Pragmatech LLC,LLC,541511,,The Colony,TX,75056,4,,,[],true,low,"[""Infrastructure Architect"", ""Data Engineer"", ""QA Tester, Software Testing""]",auto,2026-06-07,2026-06-07
"Leverture, LLC",LLC,541512,,Decatur,TX,76234,4,,,[],true,low,"[""Software Developer"", ""Power BI and Data Analytics Developer""]",auto,2026-06-07,2026-06-07
Cloud Technosoft LLC,LLC,541511,,Dallas,TX,75208,4,,,[],true,low,"[""System Analyst"", ""Software Developer""]",auto,2026-06-07,2026-06-07
Nexus Cognitive Technologies LLC,LLC,541511,,Addison,TX,75001,4,,,[],true,low,"[""Software Developer"", ""Technical Lead"", ""Sr. Vice President of Strategy & Operations"", ""Network Administrator""]",auto,2026-06-07,2026-06-07
EverExpanse LLC,LLC,541519,,Round Rock,TX,78664,4,,,[],true,low,"[""Computer Systems Analyst"", ""IT Program Manager""]",auto,2026-06-07,2026-06-07
CLOUD CONNECT SYSTEMS LLC,LLC,541511,,FRISCO,TX,75035,4,,,[],true,low,"[""BigData Engineer"", ""Software Developer"", ""Big Data Engineer"", ""SOFTWARE DEVELOPER""]",auto,2026-06-07,2026-06-07
"STRAVISO, LLC",LLC,541511,,Frisco,TX,75034,4,,,[],true,low,"[""Implementation - Project Lead"", ""Systems Analyst"", ""Director- Implementation"", ""Senior Software Engineer - Implementation""]",auto,2026-06-07,2026-06-07
Datapower LLC,LLC,541512,,Frisco,TX,75035,4,,,[],true,low,"[""Data Engineer"", ""Software Engineer""]",auto,2026-06-07,2026-06-07
Global Star IT Serve LLC,LLC,541511,,Plano,TX,75024,4,,,[],true,low,"[""Software Engineer"", ""SOFTWARE ENGINEER"", ""Senior Full Stack Developer""]",auto,2026-06-07,2026-06-07
Assuratech LLC,LLC,541511,,Richardson,TX,75082,4,,,[],true,low,"[""Network Engineering"", ""Sr. Network Engineer"", ""Sr.Network Engineer""]",auto,2026-06-07,2026-06-07
PLANET9TEK LLC,LLC,541511,,FRISCO,TX,75035,4,,,[],true,low,"[""SOFTWARE DEVELOPMENT ADVISOR"", ""SOFTWARE DEVELOPER""]",auto,2026-06-07,2026-06-07
Converge Info Systems LLC,LLC,541511,,Plano,TX,75074,4,,,[],true,low,"[""software developer"", ""computer system analyst"", ""Computer Systems Analyst"", ""Sr. APM Engineer""]",auto,2026-06-07,2026-06-07
Prosper Path LLC,LLC,541511,,Little Elm,TX,75068,4,,,[],true,low,"[""Software Engineer"", ""software engineer""]",auto,2026-06-07,2026-06-07
AveriSource LLC,LLC,541512,,Dallas,TX,75225,4,,,[],true,low,"[""Software Engineer""]",auto,2026-06-07,2026-06-07
"NorthStar Guru, LLC.",LLC,541511,,DALLAS,TX,75244,4,,,[],true,low,"[""Cloud Engineer"", ""React Developer"", ""Cloud DevOps Engineer"", ""Android Developer""]",auto,2026-06-07,2026-06-07
Cloudaspirers LLC,LLC,541511,,IRVING,TX,75062,4,,,[],true,low,"[""Software Quality Assurance Engineer"", ""Data Engineer"", ""Business Analyst"", ""AI/ML Engineer""]",auto,2026-06-07,2026-06-07
Lion Skills LLC,LLC,541511,,RICHARDSON,TX,75080,4,,,[],true,low,"[""SOFTWARE DEVELOPER"", ""Software Developer""]",auto,2026-06-07,2026-06-07
Zenith Cloud LLC,LLC,541511,,Irving,TX,75063,4,,,[],true,low,"[""Mechanical Design Engineer"", ""Data Scientist"", ""Business Analyst"", ""Computer Systems Engineer""]",auto,2026-06-07,2026-06-07
Master CVV Technologies LLC,LLC,541512,,Prosper,TX,75078,4,,,[],true,low,"[""Senior Programmer"", ""Programmer"", ""Senior Developer""]",auto,2026-06-07,2026-06-07
APIC SOLUTIONS LLC,LLC,541511,,AUSTIN,TX,78731,4,,,[],true,low,"[""SOFTWARE ENGINEER""]",auto,2026-06-07,2026-06-07
KUNDANA SOLUTIONS LLC.,LLC,541511,,ALLEN,TX,75013,4,,,[],true,low,"[""SOFTWARE DEVELOPER"", ""DEVOPS ENGINEER"", ""BUSINESS ADMINISTRATOR"", ""PROJECT MANAGER""]",auto,2026-06-07,2026-06-07
Krizmic LLC,LLC,541511,,Austin,TX,78731,4,,,[],true,low,"[""Full stack cloud engineer"", ""Full Stack Developer (.NET)"", ""Program Manager"", ""DevOps Engineer""]",auto,2026-06-07,2026-06-07
"eDriving, LLC",LLC,541511,,Westlake,TX,76262,4,,,[],true,low,"[""Staff Server Engineer, Team Lead, Software Engineering"", ""Data Analyst"", ""iOS Engineer - Software Engineer""]",auto,2026-06-07,2026-06-07
"DBD Ventures, LLC",LLC,541511,,Austin,TX,78701,4,,,[],true,low,"[""Backend Software Engineer""]",auto,2026-06-07,2026-06-07
Tek Geeks LLC,LLC,54151,,Argyle,TX,76226,4,,,[],true,low,"[""Software Engineer"", ""Software Developer""]",auto,2026-06-07,2026-06-07
Wavelabs US LLC,LLC,541511,,Dallas,TX,75201,4,,,[],true,low,"[""Senior Data Engineer"", ""Lead Engineer - Data & AI"", ""Technical Lead and Architect"", ""Technical Lead""]",auto,2026-06-07,2026-06-07
TEK AMPLIFY LLC,LLC,541511,,Hutto,TX,78634,4,,,[],true,low,"[""Software Development Engineer"", ""Project Manager"", ""Software Developer""]",auto,2026-06-07,2026-06-07
S TEKWIZARDS LLC,LLC,541511,,FARMERS BRANCH,TX,75234,4,,,[],true,low,"[""API Developer"", ""Data Engineer"", ""SQL Database Developer""]",auto,2026-06-07,2026-06-07
"Projekt202, LLC",LLC,511210,,Dallas,TX,75254,4,,,[],true,low,"[""Solutions Architect"", ""Engineer""]",auto,2026-06-07,2026-06-07
PLV INFO GENIUS LLC,LLC,541511,,FRISCO,TX,75035,4,,,[],true,low,"[""Data Analyst"", ""Data Scientist"", "".Net Security Developer""]",auto,2026-06-07,2026-06-07
BIOREV LLC,LLC,541511,,IRVING,TX,75039,4,,,[],true,low,"[""Software Developer"", ""IT Analyst"", ""IT Project Manager""]",auto,2026-06-07,2026-06-07
Petty Karma Interactive LLC,LLC,511210,,Austin,TX,78702,4,,,[],true,low,"[""Lead Environment Artist"", ""Player Community & Partner Success Manager""]",auto,2026-06-07,2026-06-07
Synnefo Solutions LLC,LLC,541511,,Grapevine,TX,76051,4,,,[],true,low,"[""IT Project manager"", ""SAP Principal Consultant \u2013 Data Migration Lead"", ""Information Systems Supervisor"", ""Software Developer""]",auto,2026-06-07,2026-06-07
"Koder Labs, LLC",LLC,541511,,Soutlake,TX,76092,4,,,[],true,low,"[""Software Architect"", ""CEO/Operations Manager""]",auto,2026-06-07,2026-06-07
Technoflair Solutions LLC,LLC,541511,,Farmers Branch,TX,75234,4,,,[],true,low,"[""Solutions Architect"", ""Oracle Techno Functional Developer""]",auto,2026-06-07,2026-06-07
PROFESSIONAL TECHNOLGY SERVICES LLC,LLC,541511,,ALLEN,TX,75013,4,,,[],true,low,"[""NETWORK ADMINISTRATOR"", ""SOFTWARE DEVELOPER"", ""Senior Developer""]",auto,2026-06-07,2026-06-07
VS Software LLC,LLC,541511,,Frisco,TX,75035,4,,,[],true,low,"[""Senior Quality Test Engineer"", ""Software Test Engineer"", ""Java Developer"", ""CRM consultant""]",auto,2026-06-07,2026-06-07
"DYOPATH, LLC",LLC,541519,,HOUSTON,TX,77040,4,,,[],true,low,"[""APPLICATIONS TEAM LEAD"", ""BUSINESS INTELLIGENCE DEVELOPER"", ""AREA MANAGER"", ""APPLICATION ARCHITECT""]",auto,2026-06-07,2026-06-07
WIN Reality LLC,LLC,541511,,Austin,TX,78730,4,,,[],true,low,"[""Senior Unity Engineer"", ""Senior Technical Designer - VR (Unity)"", ""Front-End Engineer"", ""Senior Software Engineer - VR""]",auto,2026-06-07,2026-06-07
"Safekick Americas, LLC",LLC,541511,,Katy,TX,77449,4,,,[],true,low,"[""Project Engineer"", ""Technical Solutions Specialist""]",auto,2026-06-07,2026-06-07
Google LLC,LLC,541512,,California,TX,94043,4,,,[],true,low,"[""Hardware Engineer"", ""Software Engineer 1615.56134"", ""Software Engineer"", ""Program Manager 1615.73347""]",auto,2026-06-07,2026-06-07
Accruent LLC,LLC,511210,,Austin,TX,78758,4,,,[],true,low,"[""Vice President, Business Systems"", ""Sr. Software Engineer"", ""Deputy Chief Information Officer"", ""Head of Transformation and AI""]",auto,2026-06-07,2026-06-07
Hyphen Solutions LLC,LLC,541512,,Dallas,TX,75234,4,,,[],true,low,"[""Director of Software Development"", ""Developer"", ""Director, Software Development""]",auto,2026-06-07,2026-06-07
Flutura Business Solutions LLC,LLC,541511,,Houston,TX,77057,4,,,[],true,low,"[""Solution Architect"", ""Solutions Architect"", ""Senior Analyst - Value Engineering""]",auto,2026-06-07,2026-06-07
"Precocity, LLC",LLC,541511,,Dallas,TX,75254,4,,,[],true,low,"[""Senior Software Engineer""]",auto,2026-06-07,2026-06-07
"Centrix Group, LLC",LLC,54151,,Austin,TX,78744,4,,,[],true,low,"[""Full Stack Java Developer"", ""Salesforce Developer"", ""Corporate Counsel""]",auto,2026-06-07,2026-06-07
"TechBridge Partners, LLC.",LLC,541512,,Houston,TX,77036,4,,,[],true,low,"[""Big Data Engineer"", ""Data Engineer""]",auto,2026-06-07,2026-06-07
FullStack Labs LLC,LLC,541511,,San Antonio,TX,78258,4,,,[],true,low,"[""Senior Software Engineer"", ""Junior Software Engineer"", ""Principal Software Engineer""]",auto,2026-06-07,2026-06-07
"ZenQ, LLC.",LLC,541511,,Dallas,TX,75244,4,,,[],true,low,"[""Software Quality Assurance Enigneer"", ""Software Quality Assurance Engineer""]",auto,2026-06-07,2026-06-07
GalacticIT LLC,LLC,541511,,Dallas,TX,75019,4,,,[],true,low,"[""Software Developer"", ""Application Architect"", ""Advanced Software Developer""]",auto,2026-06-07,2026-06-07
"SQL Brains, LLC",LLC,541511,,Frisco,TX,75034,4,,,[],true,low,"[""SQL Database Administrator"", ""Cloud Engineer"", ""DevOps Architect""]",auto,2026-06-07,2026-06-07
Mahika Info LLC,LLC,541511,,Houston,TX,77077,4,,,[],true,low,"[""Software Engineer"", ""Data Scientist""]",auto,2026-06-07,2026-06-07
"BPM Geeks, LLC",LLC,541511,,Houston,TX,77077,4,,,[],true,low,"[""IT Project Manager"", ""Software Developer"", ""Product Specialist"", ""Manager, Implementation & Support""]",needs_review,2026-06-07,2026-06-07
Pennycoder LLC,LLC,541511,,Irving,TX,75039,4,,,[],true,low,"[""Senior Engineer, IT Systems"", ""Devops Engineer"", ""Java developer""]",auto,2026-06-07,2026-06-07
cPanel LLC,LLC,541511,,Houston,TX,77092,4,,,[],true,low,"[""Developer II 6491.3"", ""User Interface Developer III"", ""User Interface Developer"", ""Developer 3""]",auto,2026-06-07,2026-06-07
Nexify Infosystems LLC,LLC,541511,,Saint Charles,MO,63303,4,,,[],true,low,"[""Data Engineer"", ""Java Developer""]",auto,2026-06-07,2026-06-07
Mortgage NEKS LLC,LLC,541511,,Clayton,MO,63105,4,,,[],true,low,"[""Senior Software Engineering Manager"", ""Senior Software Engineer"", ""Senior Software Developer"", ""Quality Assurance Engineer""]",auto,2026-06-07,2026-06-07
Omnigo Software LLC,LLC,541511,,St. Louis,MO,63132,4,,,[],true,low,"[""Senior Test Automation Engineer"", ""Product Manager""]",auto,2026-06-07,2026-06-07
Emerge IT Solutions LLC,LLC,541511,,Frisco,TX,75035,5,,,[],true,low,"[""Software Engineer"", ""SFDC Developer"", ""Software Engineer Analyst""]",auto,2026-06-07,2026-06-07
"Enuit, LLC",LLC,541511,,Houston,TX,77002,5,,,[],true,low,"[""Software Developer"", ""System Analyst"", ""Associate Computer Systems Analyst""]",auto,2026-06-07,2026-06-07
"ABACUS TECHNICAL SERVICES, LLC",LLC,541512,,PLANO,TX,75093,5,,,[],true,low,"[""Senior Java Developer"", ""Tech Lead"", ""AA.COM DEVELOPER IV"", ""Software Engineer (J2EE)"", ""Systems Analyst II""]",auto,2026-06-07,2026-06-07
"Rarefied Atmosphere, LLC",LLC,518210,,Austin,TX,78701,5,,,[],true,low,"[""Producer"", ""Director of Partnerships, Content"", ""Sr. Director, Content""]",auto,2026-06-07,2026-06-07
Dynamic Tek LLC,LLC,541511,,irving,TX,75062,5,,,[],true,low,"[""Systems Engineer"", ""Foreign Legal Consultant"", ""Software Engineer"", ""Software Engineer (Microsoft Dynamics F&O Developer)""]",needs_review,2026-06-07,2026-06-07
"Universal Conversion Technologies I, LLC",LLC,541512,,Grapevine,TX,76051,5,,,[],true,low,"[""Business Analyst"", ""Senior Data Migration Specialist"", ""Data Migration Specialist""]",auto,2026-06-07,2026-06-07
Rifluxyss Softwares LLC,LLC,541519,,Irving,TX,75063,5,,,[],true,low,"[""Software Engineer"", ""Technical Lead""]",auto,2026-06-07,2026-06-07
eTron Digital LLC,LLC,541511,,Southlake,TX,76092,5,,,[],true,low,"[""Sr. IT Implementation Consultant"", ""IT Implementation Consultant"", ""Manager, MDM Practice"", ""ML Software Engineer II""]",needs_review,2026-06-07,2026-06-07
Ayra Tech LLC,LLC,541511,,Allen,TX,75013,5,,,[],true,low,"[""Jr. Developer"", "".Net Developer"", ""Devops Engineer"", ""Software Developer"", ""Founding Software Developer""]",needs_review,2026-06-07,2026-06-07
Byte Solutions LLC,LLC,541511,,IRVING,TX,75039,5,,,[],true,low,"[""Front End Engineer"", ""Senior Software Engineer"", ""Software Engineer"", ""Frontend Engineer"", ""Senior ETL Tester""]",needs_review,2026-06-07,2026-06-07
INNOVATIVE SCHEDULING LLC,LLC,541511,,Dallas,TX,75019,5,,,[],true,low,"[""Senior Operations Research Scientist"", ""Operations Research Scientist"", ""SENIOR OPERATIONS RESEARCH SCIENTIST"", ""UX Designer"", ""Principal Software Engineer""]",auto,2026-06-07,2026-06-07
"Predactica, LLC",LLC,541511,,Plano,TX,75093,5,,,[],true,low,"[""Data Engineer"", ""Data Scientist"", ""Software Engineer"", ""Machine Learning Engineer"", ""Sr. Data Scientist""]",auto,2026-06-07,2026-06-07
ACEABLE IT LLC,LLC,541511,,LEANDER,TX,78641,5,,,[],true,low,"[""Senior Software Engineer"", ""ServiceNow Developer"", ""UI Path Developer"", ""RPA Engineer"", ""Java Developer""]",auto,2026-06-07,2026-06-07
DATAVERN LLC,LLC,541511,,FARMERS BRANCH,TX,75234,5,,,[],true,low,"[""Software Developer"", ""System Analyst"", ""Scrum Master Program Manager"", ""Software Engineer""]",auto,2026-06-07,2026-06-07
ASA Techsol LLC,LLC,541511,,Dallas,TX,75243,5,,,[],true,low,"[""Fullstack Java Developer"", ""Software Engineer"", ""Senior Software Engineer"", ""Software Developer""]",auto,2026-06-07,2026-06-07
InfoRight Solutions LLC,LLC,541511,,Frisco,TX,75036,5,,,[],true,low,"[""Data Engineer"", ""Software Developer""]",auto,2026-06-07,2026-06-07
SPRINT ZONE TECH LLC,LLC,541511,,Cedar Park,TX,78613,5,,,[],true,low,"[""QA Validation Engineer"", ""Salesforce Programmer/Analyst"", ""Test Engineer"", ""Automation Tester""]",auto,2026-06-07,2026-06-07
V SHARP LLC,LLC,541511,,Addison,TX,75001,5,,,[],true,low,"[""Database Administrator"", ""Quality Analyst"", ""Business Solutions Analyst"", ""Software Developer""]",auto,2026-06-07,2026-06-07
CUBICOID SOLUTIONS LLC,LLC,541511,,Cypress,TX,77433,5,,,[],true,low,"[""Data Analyst"", ""EDI Analyst""]",auto,2026-06-07,2026-06-07
KNOVIQITSOLUTIONS LLC.,LLC,541511,,MAGNOLIA,TX,77354,5,,,[],true,low,"[""DFT ENGINEER"", ""UI DEVELOPER"", ""DEVOPS DEVELOPER"", ""JAVA DEVELOPER"", ""PYTHON DEVELOPER""]",auto,2026-06-07,2026-06-07
ANNA GLOBAL TECHNOLOGIES LLC,LLC,541511,,PLANO,TX,75093,5,,,[],true,low,"[""NETWORK ENGINEER"", ""DevOps Engineer"", ""Java Developer"", ""Web Developers""]",auto,2026-06-07,2026-06-07
Qubitsys LLC,LLC,541511,,Dallas,TX,75243,5,,,[],true,low,"[""Sr. Software Developer"", ""Software Developer""]",auto,2026-06-07,2026-06-07
NEXTGEN IT LABS LLC,LLC,541511,,Houston,TX,77079,5,,,[],true,low,"[""Java Full stack Developer"", ""Software Engineering Senior Advisor"", ""iOS Developer"", ""Computer Programmer""]",auto,2026-06-07,2026-06-07
ASPIREDATA LLC,LLC,541511,,PLANO,TX,75024,5,,,[],true,low,"[""TEST AUTOMATION ENGINEER"", ""SOFTWARE DEVELOPER"", ""SOLUTION ARCHITECT""]",auto,2026-06-07,2026-06-07
Suprha Svc LLC,LLC,54151,,Frisco,TX,75034,5,,,[],true,low,"[""Cloud Engineer"", ""SAP Consultant"", ""Bioinformatics Technician""]",auto,2026-06-07,2026-06-07
SS Business Services LLC,LLC,541511,,Houston,TX,77043,5,,,[],true,low,"[""Software Engineer"", ""AI & ML Developer"", ""Software Developer""]",auto,2026-06-07,2026-06-07
WORLDWIDE LOGICS LLC,LLC,541511,,COPPELL,TX,75019,5,,,[],true,low,"[""BUSINESS ANALYST / IT SPECIALIST"", ""IT DIRECTOR""]",auto,2026-06-07,2026-06-07
Tectonicx LLC,LLC,541511,,Addison,TX,75001,5,,,[],true,low,"[""Software Engineer"", ""Software Manager"", ""Senior Programmer""]",auto,2026-06-07,2026-06-07
NEURALSYS TEK LLC,LLC,541511,,HOUSTON,TX,77074,5,,,[],true,low,"[""Data Analyst"", ""Software Engineer"", ""AI & ML Engineer"", ""Analyst"", ""Infrastructure Engineer""]",auto,2026-06-07,2026-06-07
ITTDIGITAL LLC.,LLC,541511,,AUSTIN,TX,78702,5,,,[],true,low,"[""DRUPAL DEVELOPER"", ""SENIOR PROJECT MANAGER"", ""PROJECT MANAGER""]",auto,2026-06-07,2026-06-07
Cavnorise Technologies LLC,LLC,541511,,Dallas,TX,75244,5,,,[],true,low,"[""Software Java Developer"", ""CLOUD ENGINEER"", ""Web Programmer""]",auto,2026-06-07,2026-06-07
"Orbitpeople, LLC",LLC,541511,,Austin,TX,78732,5,,,[],true,low,"[""C/C PLUS PLUS DEVELOPER"", ""Full Stack Java Software Engineer"", ""GCP Data Engineer""]",auto,2026-06-07,2026-06-07
INFOGAMA LLC,LLC,541511,,The Colony,TX,75056,5,,,[],true,low,"[""Salesforce Developer"", ""IAM Security Engineer"", ""Software Development Engineer""]",auto,2026-06-07,2026-06-07
Tech Era LLC,LLC,541511,,Irving,TX,75063,5,,,[],true,low,"[""Android App Developer"", ""Data Analyst"", ""ETL Data Engineer""]",auto,2026-06-07,2026-06-07
TECH SPAN LLC,LLC,541511,,Plano,TX,75024,5,,,[],true,low,"[""BUSINESS ANALYST"", ""INFORMATION SECURITY ENGINEER"", ""SOFTWARE ENGINEER I"", ""Junior Cyber Security Analyst"", ""Junior Software Developer""]",auto,2026-06-07,2026-06-07
PROTECHERS LLC.,LLC,541511,,HOUSTON,TX,77036,5,,,[],true,low,"[""SAP FICA CONSULTANT"", ""SOFTWARE QA ENGINEER"", ""NETWORK TECHNICIAN""]",auto,2026-06-07,2026-06-07
"JDCQ SOLUTIONS, LLC",LLC,511210,,ADDISON,TX,75001,5,,,[],true,low,"[""FULL STACK ENGINEER"", ""QA ENGINEER"", ""SENIOR BUSINESS INTELLIGENCE ENGINEER"", ""ENGINEERING TEAM LEAD""]",auto,2026-06-07,2026-06-07
Srisys LLC,LLC,541511,,Irving,TX,75039,5,,,[],true,low,"[""Software Engineer"", ""Software Developer"", ""Automation Engineer"", ""Systems Engineer"", ""Sr Systems Engineer""]",auto,2026-06-07,2026-06-07
AGATI SYSTEMS LLC,LLC,541511,,FRISCO,TX,75034,5,,,[],true,low,"[""SAS DEVELOPER"", ""BUSINESS ANALYST"", ""CLINICAL DATABASE DEVELOPER"", ""SOFTWARE ENGINEER""]",auto,2026-06-07,2026-06-07
Quisitive LLC,LLC,541511,,Irving,TX,75038,5,,,[],true,low,"[""Lead Consultant - .Net"", ""Software Engineer \u2013 AX Functional"", ""Software Engineer"", ""AX Functional Engineer""]",auto,2026-06-07,2026-06-07
"P97 Networks, LLC",LLC,511210,,Houston,TX,77042,5,,,[],true,low,"[""Technical Product Manager- Payments"", ""Software Engineer"", ""DevOps Engineer"", ""Principal Cloud Engineer""]",auto,2026-06-07,2026-06-07
"West Advanced Solutions, LLC",LLC,511210,,Houston,TX,77008,5,,,[],true,low,"[""Mechatronics Engineer"", ""Process Engineer"", ""Control Engineer"", ""Process Control Engineer""]",auto,2026-06-07,2026-06-07
"Cognax Tech, LLC",LLC,541512,,Frisco,TX,75033,5,,,[],true,low,"[""Java Full Stack Developer"", ""Sr Cloud Data Engineer"", ""Sr Frontend Developer"", ""Informatics Specialist""]",auto,2026-06-07,2026-06-07
"DataLoopz, LLC",LLC,541511,,Houston,TX,77057,5,,,[],true,low,"[""Software Developer"", ""ERP Functional Analyst""]",auto,2026-06-07,2026-06-07
OPTTECH LLC,LLC,541511,,Richardson,TX,75080,5,,,[],true,low,"[""Software Engineer"", ""Business Development Manager""]",auto,2026-06-07,2026-06-07
"Virtual Integrated Analytics Solutions, LLC",LLC,518210,,Houston,TX,77084,5,,,[],true,low,"[""FEA Engineer"", ""Senior Engineer"", ""Director of CFD Applications"", ""Sales Engineer"", ""Finance Director""]",auto,2026-06-07,2026-06-07
PEBAL BRIGHT TECHNOLOGIES LLC,LLC,541519,,CEDAR PARK,TX,78613,5,,,[],true,low,"[""DATA ENGINEER (ETL DATASTAGE DEVELOPER)"", ""DATA ENGINEER"", ""SOFTWARE QUALITY ASSURANCE ANALYST AND TESTER"", ""DATA ARCHITECT"", ""DEVOPS ENGINEER""]",auto,2026-06-07,2026-06-07
AMSYS Innovative Solutions LLC,LLC,541511,,Houston,TX,77074,5,,,[],true,low,"[""Software Engineer"", ""Computer Network Information Analyst"", ""IT Applications Manager"", ""Software Developer""]",auto,2026-06-07,2026-06-07
PURVI TECHNOLOGIES LLC.,LLC,541511,,Lewisville,TX,75056,5,,,[],true,low,"[""Software Developer""]",auto,2026-06-07,2026-06-07
AR Val Services LLC,LLC,541511,,Allen,TX,75013,5,,,[],true,low,"[""Senior Software Engineer"", ""DevOps Engineer"", ""Java Developer"", ""Software Quality Analyst"", ""Senior Validation Specialist""]",auto,2026-06-07,2026-06-07
BIORBIT LLC,LLC,541511,,Lewisville,TX,75056,5,,,[],true,low,"[""Azure DevOps Engineer"", ""SAP Functional Consultant"", ""Sr. Cloud Engineer"", ""Azure DevOps Developer"", ""SAP Solution Analyst-4""]",auto,2026-06-07,2026-06-07
iMiDiA LLC,LLC,518210,,Cypress,TX,77433,5,,,[],true,low,"[""Business Analyst"", ""Data Scientist"", ""Junior Architect"", ""Technical Delivery Supervisor""]",auto,2026-06-07,2026-06-07
ReferralPoint LLC,LLC,541511,,Irving,TX,75039,5,,,[],true,low,"[""Lead Full Stack Software Developer"", ""Principal Software Engineer""]",auto,2026-06-07,2026-06-07
"Milestone Technologies, LLC.",LLC,54151,,Dallas,TX,75244,5,,,[],true,low,"[""Business Analyst"", ""Software Developers, Applications"", ""SENIOR SOFTWARE ENGINEER""]",auto,2026-06-07,2026-06-07
"Khoros, LLC",LLC,541511,,Austin,TX,78730,5,,,[],true,low,"[""Senior Software Engineer"", ""Quality Engineer III""]",auto,2026-06-07,2026-06-07
ITEKSYSTEM LLC,LLC,541511,,Farmers Branch,TX,75234,5,,,[],true,low,"[""Full Stack Developer"", ""Software Engineer"", ""Data Science Engineer"", ""Senior Software Engineer""]",auto,2026-06-07,2026-06-07
Hire Soft Solutions LLC,LLC,541511,,O’Fallon,MO,63368,5,,,[],true,low,"[""Sr. Site Reliability Engineer"", ""ERP Manager"", ""Site Reliability Engineer"", ""DevOps Engineer"", ""Software Engineer""]",auto,2026-06-07,2026-06-07
Ethoca LLC,LLC,541519,,O’Fallon,MO,63368,5,,,[],true,low,"[""Senior Database Engineer"", ""Senior Specialist, Product Management"", ""Senior Specialist, Business Support"", ""Senior Data Scientist""]",auto,2026-06-07,2026-06-07
Zetta Data Systems LLC,LLC,541511,,Webster Groves,MO,63119-1784,5,,,[],true,low,"[""Software Developer""]",auto,2026-06-07,2026-06-07
"eComchain, LLC",LLC,541511,,Frisco,TX,75035,6,,,[],true,low,"[""Sr. Technical Specialist"", ""Technical Manager"", ""Technical eCommerce Developer""]",auto,2026-06-07,2026-06-07
Tire Profiles LLC,LLC,541511,,Irving,TX,75038,6,,,[],true,low,"[""Machine Vision Engineer"", ""ACCOUNTING ASSOCIATE"", ""Electrical Engineer"", ""Mechanical Engineer"", ""Software Engineer""]",auto,2026-06-07,2026-06-07
"Epiphany Industrial Technologies, LLC",LLC,541512,,San Antonio,TX,78222,6,,,[],true,low,"[""Senior Data Modeler"", ""Senior Data Integration Developer"", ""Technical Architect"", ""Senior Data Integration Engineer"", ""Technical Architect Lead - MS Dynamics"", ""Sr. Salesforce Developer""]",auto,2026-06-07,2026-06-07
"SPIN Analytics and Strategy, LLC",LLC,541511,,Conroe,TX,77301,6,,,[],true,low,"[""Senior Data Engineer"", ""Project Manager"", ""BI Analyst (SPOTFIRE)"", ""Software Engineer""]",auto,2026-06-07,2026-06-07
"The WIMR Group, LLC",LLC,541512,,Dallas,TX,75226,6,,,[],true,low,"[""Systems Integrator"", ""Senior Systems Integrator"", ""Data Migration Analyst"", ""Data Engineer"", ""Solution Architect""]",auto,2026-06-07,2026-06-07
Gigsoft Labs LLC,LLC,541511,,Austin,TX,78759,6,,,[],true,low,"[""Software Engineer"", ""iOS Developer"", ""Software Developer"", ""Sales Manager""]",auto,2026-06-07,2026-06-07
SmartStart Systems LLC,LLC,541512,,Cypress,TX,77429,6,,,[],true,low,"[""Software Developer"", ""Senior Software Developer""]",auto,2026-06-07,2026-06-07
"Delaware North America, LLC",LLC,541519,,Dallas,TX,75218,6,,,[],true,low,"[""SAP EWM Technical Team Lead"", ""SAP Data Migration Managing Consultant"", ""SAP EWM Senior Consultant, SAP Extended Warehouse Management"", ""EAM Subject Matter Expert""]",auto,2026-06-07,2026-06-07
"CONTENTACTIVE, LLC",LLC,541511,,HOUSTON,TX,77064,6,,,[],true,low,"[""WEBSITE DEVELOPMENT"", ""Software Developer"", ""DATABASE / WEB INTERFACE DESIGNER"", ""SOFTWARE DEVELOPER"", ""SOFTWARE ARCHITECT"", ""FULL-STACK DEVELOPER""]",auto,2026-06-07,2026-06-07
Amniscient LLC,LLC,541511,,Houston,TX,77068,6,,,[],true,low,"[""Director, IoT Development"", ""ML/AI Software Engineer"", ""Backend Engineer"", ""Chief Operating Officer""]",auto,2026-06-07,2026-06-07
ERP STEP LLC,LLC,541512,,Plano,TX,75074,6,,,[],true,low,"[""SAP Consultant"", ""Network Engineer"", ""SAP Basis Consultant""]",auto,2026-06-07,2026-06-07
CLAPPONE LLC,LLC,541511,,Addison,TX,75001,6,,,[],true,low,"[""Software Developer"", ""DevOps Engineer"", ""oneAPI Software Developer"", ""Senior Application Developer""]",auto,2026-06-07,2026-06-07
MAADHU GLOBAL BUSINESS SOLUTIONS LLC.,LLC,541511,,SUGAR LAND,TX,77478,6,,,[],true,low,"[""SR. SOFTWARE ENGINEER - DEVOPS"", ""SOFTWARE DEVELOPER"", ""SOFTWARE DEVELOPER \u2013 SDET"", ""DATA ENGINEER"", ""SOFTWARE ENGINEER-DEVOPS""]",auto,2026-06-07,2026-06-07
Chetana Soft LLC,LLC,541511,,HOUSTON,TX,77063,6,,,[],true,low,"[""Software Developer"", ""Software Engineer"", ""Computer Programmer"", ""SAP Financial Analysts""]",auto,2026-06-07,2026-06-07
eVerge Group LLC,LLC,541512,,Lewisville,TX,75067,6,,,[],true,low,"[""Salesforce Senior Technical Architect"", ""Senior Managed Support Consultant \u2013 HCM"", ""HCM Sr. Implementation Consultant"", ""Salesforce Technical Architect"", ""Vice President, Salesforce Architecture""]",auto,2026-06-07,2026-06-07
SRK IT GROUP LLC,LLC,541511,,Lewisville,TX,75067,6,,,[],true,low,"[""Lead Business Analyst"", ""Application Developer"", ""Software Developer"", ""Database Developer"", ""Software Engineer""]",auto,2026-06-07,2026-06-07
"Royal Monarch Solutions, LLC",LLC,541511,,Irving,TX,75038,6,,,[],true,low,"[""Project Manager"", ""Java Developer"", ""DEVOPS ENGINEER"", ""DATABASE ENGINEER"", ""DATA ENGINEER""]",auto,2026-06-07,2026-06-07
ACCLENCE LLC,LLC,541511,,PROSPER,TX,75078,6,,,[],true,low,"[""APPLICATIONS INTERGRATION DEVELOPER"", ""SENIOR APPLICATION INTERGRATION DEVELOPER"", ""SENIOR APPLICATION INTERGRATION ANALYST""]",auto,2026-06-07,2026-06-07
Cirrus Solutions LLC,LLC,541511,,Katy,TX,77494,6,,,[],true,low,"[""Software Developer""]",auto,2026-06-07,2026-06-07
CROSS SENSE ANALYTICS LLC,LLC,541511,,LEWISVILLE,TX,75057,6,,,[],true,low,"[""SR. SYSTEMS ADMINISTRATOR"", ""SENIOR FULL STACK DEVELOPER"", ""DATA ANALYST SPECIALIST"", ""Software Developer"", ""DATA ANALYST""]",auto,2026-06-07,2026-06-07
Utilipal LLC,LLC,541511,,Irving,TX,75038,6,,,[],true,low,"[""Test Engineer"", ""Data Analyst"", ""Software Engineer"", ""Database Administrator""]",auto,2026-06-07,2026-06-07
"DallasTek Software Solutions, LLC.",LLC,541511,,McKinney,TX,75070,6,,,[],true,low,"[""ETL Developer"", ""SOFTWARE ENGINEER"", ""SR. .NET DEVELOPER"", ""INSURANCENOW SOFTWARE ENGINEER"", ""DATA ANALYST"", "".NET DEVELOPER""]",auto,2026-06-07,2026-06-07
Vintek LLC,LLC,541511,,Prosper,TX,75078,6,,,[],true,low,"[""Software Developer"", ""SAP Security Consultant"", ""Software developer""]",auto,2026-06-07,2026-06-07
VSTRS LLC dba Tek Global,LLC,54151,,Cypress,TX,77429,6,,,[],true,low,"[""SAP Technical Consultant"", ""SAP FICO Consultant"", ""Consultant"", ""Senior Salesforce Architect"", ""SAP MDG Consultant"", ""SAP ISU Consultant""]",auto,2026-06-07,2026-06-07
"Frisco Analytics, LLC",LLC,541511,,Austin,TX,78758,6,,,[],true,low,"[""Machine Learning Engineer"", ""Director - IT Delivery"", ""Technical Lead"", ""Project Coordinator"", ""Lead - IT Delivery"", ""Data Analyst""]",auto,2026-06-07,2026-06-07
KENFILL TECHNO SOLUTIONS LLC.,LLC,541511,,DALLAS,TX,75247,6,,,[],true,low,"[""INDUSTRIAL DESIGNER"", ""BUSINESS SYSTEM ANALYST"", ""DATA ENGINEER"", ""DEVOPS ENGINEER"", ""QA AUTOMATION ENGINEER""]",auto,2026-06-07,2026-06-07
United Cloud Technologies LLC,LLC,541511,,Lewisville,TX,75056,6,,,[],true,low,"[""Software Developer""]",auto,2026-06-07,2026-06-07
Drift Tech LLC,LLC,541511,,Celina,TX,75009,6,,,[],true,low,"[""Software Engineer"", ""Full Stack Developer""]",auto,2026-06-07,2026-06-07
Insightary LLC,LLC,541511,,Plano,TX,75093,6,,,[],true,low,"[""Software Engineer"", ""Java Developer"", ""Data Engineer"", ""Software Developer""]",auto,2026-06-07,2026-06-07
Wawasan LLC,LLC,541511,,Katy,TX,77494,6,,,[],true,low,"[""SAP Consultant"", ""Snowflacke Cloud Developer"", ""Software Engineer"", ""Software Consultant"", ""Validation Engineer""]",auto,2026-06-07,2026-06-07
TEK FYNDER LLC,LLC,541511,,Plano,TX,75074,6,,,[],true,low,"[""Sr.Project Manager"", ""Business Analyst"", ""Project Manager"", ""Devops Engineer"", ""Software Engineer""]",auto,2026-06-07,2026-06-07
CAREER CONNECT TECHNOLOGIES LLC,LLC,541511,,Houston,TX,77057,6,,,[],true,low,"[""Software Developer"", ""Software Engineer"", ""AWS Data Engineer""]",auto,2026-06-07,2026-06-07
Twilnet LLC,LLC,541519,,Frisco,TX,75034,6,,,[],true,low,"[""Application Support Analyst"", ""Business Intelligence Specialist"", ""Software Developer"", ""Database Administrator"", ""Quality Assurance Analyst""]",auto,2026-06-07,2026-06-07
Maxwell Tech Systems LLC,LLC,541511,,Dallas,TX,75252,6,,,[],true,low,"[""Systems Analyst"", ""Computer System Analyst"", ""Software QA Engineer""]",auto,2026-06-07,2026-06-07
OpenKyber LLC,LLC,541512,,Round Rock,TX,78681,6,,,[],true,low,"[""Security Analyst (Information Security Analyst)"", ""IAM Engineer"", ""Network and Computer System Administrator"", ""openkyber, LLC"", ""Consulting Engineer""]",auto,2026-06-07,2026-06-07
Infosys Nova Holdings LLC,LLC,541511,,Richardson,TX,75082,6,,,[],true,low,"[""Front End Developer"", ""Delivery Director"", ""Technical Architect"", ""Software Engineer""]",auto,2026-06-07,2026-06-07
"CloudRan Communication, LLC.",LLC,541511,,Dallas,TX,75234,6,,,[],true,low,"[""Software Engineer"", ""Sr. System Engineer"", ""Technical Operations Manager""]",auto,2026-06-07,2026-06-07
ITFluence LLC,LLC,541511,,McKinney,TX,75070,6,,,[],true,low,"[""QA Automation Engineer"", ""Cloud Developer"", ""Technical Product Owner"", ""Software Developer"", ""OCM Analyst""]",auto,2026-06-07,2026-06-07
Arche Resources LLC,LLC,541511,,Farmers Branch,TX,75244,6,,,[],true,low,"[""Oracle Cloud\u00a0Architect"", ""Software Developer"", ""Business Operations Analyst"", ""Full Stack Java Developer""]",auto,2026-06-07,2026-06-07
DA2Technologies LLC,LLC,541511,,Dallas,TX,75243,6,,,[],true,low,"[""Software Engineer"", ""Information Analyst"", ""Data Engineer""]",auto,2026-06-07,2026-06-07
PHASORSOFT GROUP LLC,LLC,541511,,LEANDER,TX,78641,6,,,[],true,low,"[""SR TALEND DEVELOPER"", ""AI/ML ENGINEER"", ""SR. DATA ENGINEER"", ""SR DATA ENGINEER"", ""SOFTWARE ENGINEER II""]",auto,2026-06-07,2026-06-07
Acentrik Technology Solutions LLC,LLC,541511,,Irving,TX,75063,6,,,[],true,low,"[""Senior Software Engineer"", ""Software Engineer"", ""Data Engineer""]",auto,2026-06-07,2026-06-07
"TSI USA, LLC",LLC,541511,,Dallas,TX,75231,6,,,[],true,low,"[""Senior Software Engineer"", ""Solutions Architect"", ""Software Engineer"", ""Team Lead, Software Development"", ""Lead Software Engineer"", ""Web Administrator""]",needs_review,2026-06-07,2026-06-07
"Keste, LLC d.b.a. ArganoKeste",LLC,541512,,Plano,TX,75093,6,,,[],true,low,"[""Manager of Delivery"", ""Oracle EBS Functional Lead"", ""Subscription Management Architect"", ""Lead Technical Consultant"", ""Systems Lead Consultant""]",needs_review,2026-06-07,2026-06-07
HAANTECH LLC,LLC,54151,,Southlake,TX,76092,6,,,[],true,low,"[""Computer Program   Analyst (Salesforce  Veeva Developer)"", ""Computer Programmer"", ""Computer Program Analyst (Salesforce Veeva Developer)"", ""Senior Systems Support Analyst"", ""Senior Software Developer""]",auto,2026-06-07,2026-06-07
INNOCITO TECHNOLOGIES LLC,LLC,541511,,Irving,TX,75062,6,,,[],true,low,"[""SOFTWARE DEVELOPER"", ""Sales Development Repersentative"", ""Software Developer"", ""Data Engineer""]",needs_review,2026-06-07,2026-06-07
SASS Service LLC,LLC,541511,,Austin,TX,78728,6,,,[],true,low,"[""Software Engineer"", ""Civil Engineer""]",needs_review,2026-06-07,2026-06-07
Seventhgeneration Technologies LLC,LLC,541511,,Argyle,TX,76226,6,,,[],true,low,"[""Software Developer"", ""IT Project Manager"", ""Software Engineer"", ""Data Analyst"", ""Frontend Developer"", ""Computer Programmer""]",needs_review,2026-06-07,2026-06-07
Vivi LLC,LLC,541511,,Houston,TX,77080,6,,,[],true,low,"[""Chief Financial Officer"", ""Mid Market Account Executive""]",auto,2026-06-07,2026-06-07
"SILVERLINE TECHNOLOGIES OF AMERICA, LLC",LLC,541511,,RICHARDSON,TX,75081,6,,,[],true,low,"[""Business Intelligence Analyst"", ""Software Developer"", ""Sr. Systems Engineer"", ""Infrastructure Developer"", ""Senior Call Center Technology Specialist""]",auto,2026-06-07,2026-06-07
Spinakr Solutions LLC,LLC,541511,,Dallas,TX,75202,6,,,[],true,low,"[""QA Automation Engineer"", ""Sr. QA Automation Engineer"", ""Lead Solutions Architect"", ""Technology Testing Lead""]",auto,2026-06-07,2026-06-07
Idealforce LLC,LLC,541511,,Austin,TX,78750,6,,,[],true,low,"[""Systems Architect/Technical Analyst"", ""Systems Analyst"", "".NET Developer/Architect"", ""Software Developer (BI/Cognos Developer)""]",auto,2026-06-07,2026-06-07
"Audiencent, LLC",LLC,54151,,Dallas,TX,75247,6,,,[],true,low,"[""Lead Software Solutions Architect"", ""Sr. Computer Systems Engineer"", ""Database Administrator"", ""Cyber Security Engineer"", ""Software Developer""]",auto,2026-06-07,2026-06-07
"SV Evolutions, LLC",LLC,541511,,Frisco,TX,75036,6,,,[],true,low,"[""Sr. Software Developer"", ""Oracle PL/SQL Software Developer"", ""Software Engineer"", ""Software Developer""]",auto,2026-06-07,2026-06-07
"CODENETWORKZ, LLC",LLC,541512,,KANSAS CITY,MO,64114,6,,,[],true,low,"[""Network Engineer""]",auto,2026-06-07,2026-06-07
HCM Square LLC,LLC,54151,,St Charles,MO,63304,6,,,[],true,low,"[""Systems Integration Architect"", ""Oracle Cloud Consultant"", ""Business Analyst""]",auto,2026-06-07,2026-06-07
Information Technology Warehouse LLC,LLC,54151,,St. Louis,MO,63132,6,,,[],true,low,"[""Sr. Software (React-UX)) Developer"", ""Sr. Software Engineer"", ""Software (Data) Engineer""]",auto,2026-06-07,2026-06-07
STATACORP LLC,LLC,541511,,COLLEGE STATION,TX,77845,7,,,[],,low,"[""Senior Econometrician & Software Developer"", ""Senior Econometrician, Communications"", ""Senior Statistician"", ""Senior Econometrician"", ""Computer Science Analyst""]",auto,2026-06-07,2026-06-07
AR Validation Services LLC,LLC,541511,,Allen,TX,75013,7,,,[],,low,"[""Project Manager"", ""Senior Validation Specialist"", ""DevOps Engineer"", ""Senior Systems Engineer"", ""Quality Engineer""]",auto,2026-06-07,2026-06-07
ZenTech Solutions LLC,LLC,54151,,Frisco,TX,75034,7,,,[],,low,"[""Senior JIRA/SAP Developer"", ""Senior Delivery Optimization Engineer"", ""DevOps Lead"", ""Atlassian Developer"", ""Delivery Optimization Engineer"", ""JAVA Developer""]",needs_review,2026-06-07,2026-06-07
PLUTOSOFT TECHNOLOGIES LLC,LLC,541512,,Katy,TX,77494,7,,,[],,low,"[""IT Project Manager"", ""Software Developer"", ""Software Engineer"", ""Software Solutions Architect""]",needs_review,2026-06-07,2026-06-07
iaisystem LLC,LLC,541511,,DALLAS,TX,75244,7,,,[],,low,"[""SOFTWARE DEVELOPER"", ""SAP CONSULTANT"", ""Software Developer"", ""PO Contract / Software Developer""]",auto,2026-06-07,2026-06-07
Mobilize LLC,LLC,541511,,HOUSTON,TX,77031,7,,,[],,low,"[""Software Developer"", ""Software Engineer"", ""Senior Software Developer""]",auto,2026-06-07,2026-06-07
CLOUD HYBRID TECHNOLOGIES LLC,LLC,541511,,DUNCANVILLE,TX,75116,7,,,[],,low,"[""IOS DEVELOPER"", ""INTEGRATED BUSINESS ANALYST"", ""PROJECT MANAGER"", ""BUSINESS SYSTEM ANALYST"", ""JAVA DEVELOPER"", ""SYSTEM TEST ENGINEER""]",auto,2026-06-07,2026-06-07
Aleph Technologies LLC,LLC,541512,,Richardson,TX,75080,7,,,[],,low,"[""Full Stack Developer"", ""Senior Software Cloud Engineer"", ""Sr.SAP PP/QM Functional Consultant""]",needs_review,2026-06-07,2026-06-07
Opportunity IT Solutions LLC,LLC,541512,,Plano,TX,75074,7,,,[],,low,"[""HR Specialist"", ""Software Engineer"", ""React/Node.js Developer"", ""Project Manager"", ""Java Software Engineer 2""]",auto,2026-06-07,2026-06-07
TMT IT SOLUTIONS LLC,LLC,541511,,PLANO,TX,75025,7,,,[],,low,"[""SOFTWARE DEVELOPER"", ""QA ENGINEER"", ""DEV OPS ENGINEER"", ""SYSTEMS ENGINEER""]",auto,2026-06-07,2026-06-07
INFOVIZ SOLUTIONS LLC,LLC,541511,,IRVING,TX,75063,7,,,[],,low,"[""SOFTWARE ENGINEER"", ""SOFTWARE QUALITY ASSURANCE ENGINEER"", ""SOFTWARE DEVELOPER""]",auto,2026-06-07,2026-06-07
OPENMIND SOLUTIONS LLC.,LLC,541519,,HOUSTON,TX,77002,7,,,[],,low,"[""SOFTWARE DEVELOPER"", ""SOFTWARE ENGINEER""]",auto,2026-06-07,2026-06-07
VRC7 LLC,LLC,541511,,Dallas,TX,75243,7,,,[],,low,"[""Software Developer"", ""Data Engineer""]",auto,2026-06-07,2026-06-07
"Eagan US HoldCo, LLC",LLC,54151,,Fort Worth,TX,76102,7,,,[],,low,"[""Lead Automation QA Engineer"", ""Lead Software Engineer"", ""Senior Business Systems Analyst"", ""Senior Technical Solutions Architect"", ""Director, 3E Programs"", ""Client Advisory Director""]",auto,2026-06-07,2026-06-07
Monumental LLC,LLC,511210,,Austin,TX,78701,7,,,[],,low,"[""Senior Software Engineer"", ""Chief Product Officer"", ""Analytics & Data Science Manager"", ""Data Scientist"", ""Director, Analytics & Data Science""]",auto,2026-06-07,2026-06-07
Finday LLC,LLC,541511,,Plano,TX,75024,7,,,[],,low,"[""Software Engineer"", ""Solutions Architect"", ""Data Scientist"", ""DevOps Engineer"", ""Full Stack Developer"", ""Data Engineer""]",auto,2026-06-07,2026-06-07
Kolibri Data Solutions LLC,LLC,541511,,Frisco,TX,75033,7,,,[],,low,"[""Software Developer"", ""Database Administrator"", ""DATA ANALYST"", ""DATABASE ADMINISTRATOR"", ""HEALTHCARE DATA ANALYST"", ""SOFTWARE ENGINEER""]",auto,2026-06-07,2026-06-07
Shritech Solution LLC,LLC,54151,,Plano,TX,75074,7,,,[],,low,"[""Systems Analyst"", ""Business Analyst"", ""Data Engineer"", ""Project Manager"", ""IT assistant Project manager""]",auto,2026-06-07,2026-06-07
"Intellect Capital, LLC",LLC,541511,,Aubrey,TX,76227,7,,,[],,low,"[""Programmer Analyst"", ""Software Developer""]",auto,2026-06-07,2026-06-07
Shubh Solutions LLC,LLC,541511,,Austin,TX,78758,7,,,[],,low,"[""DevOps Programmer"", ""Deveops Programmer"", ""Sr. Data Scientist"", ""Product Manager"", ""Software Engineer""]",auto,2026-06-07,2026-06-07
TAAJ TECH LLC,LLC,541511,,Lewisville,TX,75067,7,,,[],,low,"[""Senior Integration Architect"", ""Systems Architect"", ""Computer Programmer"", ""AWS Solutions Architect"", ""SAP Functional Architect"", ""Data Engineer""]",auto,2026-06-07,2026-06-07
Modesto Tech Solutions LLC,LLC,541511,,Austin,TX,78759,7,,,[],,low,"[""Business Analyst"", ""Data Analyst"", ""Software Developer"", ""Sr. Software Developer""]",auto,2026-06-07,2026-06-07
Vedanta Telecom LLC,LLC,54151,,McKinney,TX,75070,7,,,[],,low,"[""Network Engineer"", ""Sr. RF Engineer"", ""RF Engineer"", ""Sr. Transport Engineer""]",auto,2026-06-07,2026-06-07
Stellar Home Maintenance Services LLC,LLC,541511,,Dallas,TX,75254,7,,,[],,low,"[""Salesforce Administrator"", ""Salesforce Database Administrator"", ""Sr. Data Scientist"", ""Business Process Analyst""]",auto,2026-06-07,2026-06-07
ADEPT SCRIPTS LLC.,LLC,541511,,FRISCO,TX,75035,7,,,[],,low,"[""TABLEAU DEVELOPER"", ""Hadoop Developer"", ""Support Engineer"", ""Software Engineer"", ""Tableau Developer"", ""Software Developer"", ""Integration Engineer""]",auto,2026-06-07,2026-06-07
CyrusOne Management Services LLC,LLC,518210,,Dallas,TX,75201,7,,,[],,low,"[""IP/IX Network Engineer"", ""Database Administrator"", ""Operations System Controls Technician"", ""Senior Manager, Enterprise Network Services"", ""Azure Data Engineer II""]",auto,2026-06-07,2026-06-07
"SPINSCI TECHNOLOGIES, LLC",LLC,541511,,Dallas,TX,75254,7,,,[],,low,"[""Program Manager"", ""Delivery Manager"", ""Public Relations Specialist"", ""Management Analyst"", ""Software Developer"", ""Implementation Engineer""]",auto,2026-06-07,2026-06-07
SOARSWELL SOLUTIONS LLC.,LLC,541519,,KATY,TX,77494,7,,,[],,low,"[""SOFTWARE DEVELOPER"", ""JAVA FULL STACK DEVELOPER"", ""PROJECT MANAGER"", ""ORACLE DATABASE ADMINISTRATOR"", ""SOFTWARE ENGINEER"", ""AWS INFRASTRUCTURE CONSULTANT""]",auto,2026-06-07,2026-06-07
"Stellar Elements, LLC",LLC,513210,,St. Louis,MO,63141,7,,,[],,low,"[""Software Engineer"", ""Software Development Specialist""]",auto,2026-06-07,2026-06-07
"CUBE INFOSYS, LLC.",LLC,541511,,ELLISVILLE,MO,63011,7,,,[],,low,"[""SOFTWARE DEVELOPER"", ""Computer Systems Analyst""]",auto,2026-06-07,2026-06-07
"Synaptiq, LLC",LLC,541511,,Plano,TX,75024,8,,,[],,low,"[""Senior Technical Business Analyst Consultant"", ""Senior Quality Assurance Consultant"", ""Senior Consultant Senior UI Developer"", ""Senior Consultant \u2013 Software Engineer"", ""Software Developer"", ""Software Programmer Databricks Consultant""]",auto,2026-06-07,2026-06-07
Emergere Technologies LLC,LLC,541511,,Plano,TX,75024,8,,,[],,low,"[""Data Warehousing Specialist"", ""Data Engineer"", ""BI Developer"", ""IAM Analytics Analyst"", ""IT Project Manager""]",auto,2026-06-07,2026-06-07
D Best Workz LLC,LLC,541511,,Austin,TX,78717,8,,,[],,low,"[""Product Owner"", ""Software Engineer"", ""Quality Assurance Analyst"", ""Java Developer""]",auto,2026-06-07,2026-06-07
"DevelopScripts, LLC",LLC,541511,,Richardson,TX,75080,8,,,[],,low,"[""Network / Systems Engineer"", ""Full Stack Developer"", ""Software Developer"", ""Network Engineer"", ""Software Engineer""]",auto,2026-06-07,2026-06-07
IT APPS LLC,LLC,541511,,IRVING,TX,75062,8,,,[],,low,"[""IT Training and Development Specialist"", ""Software Developer"", ""Market Research Analyst"", ""Business Analyst"", ""Technical Recruiter""]",auto,2026-06-07,2026-06-07
JADE BUSINESS SERVICES LLC,LLC,541511,,Frisco,TX,75035,8,,,[],,low,"[""Optimization Analyst"", ""Senior Systems Analyst"", ""Generative AI Engineer"", ""Data Scientist"", ""Principal Solutions Architect"", ""Data Architect""]",auto,2026-06-07,2026-06-07
VycerTech LLC,LLC,541511,,Austin,TX,78757,8,,,[],,low,"[""Software Developer QA"", ""Software  Developer"", ""Tibco  Developer"", ""SAP FICO Consultant"", ""Senior Technical Recruiter"", ""The Common Noticing System OpenText (CNS-OT) Developer""]",auto,2026-06-07,2026-06-07
"Qcentrio, LLC",LLC,541511,,Lewisville,TX,75067,8,,,[],,low,"[""Senior Integration Expert"", ""Architect"", ""Software Developer"", ""ServiceNow Developer"", ""Sr. Software Developer"", ""Cloud Data Engineer""]",auto,2026-06-07,2026-06-07
SAWN CAPITAL LLC,LLC,5415,,AUSTIN,TX,78731,8,,,[],,low,"[""Python Developer"", ""Health Care"", ""Sr Architect"", ""SAP FUNCTIONAL CONSULTANT"", ""Sr Busniess Analyst"", ""MIDDLEWARE DEVELOPER"", ""Oracle Consultant"", ""NETWORK ENGINEER""]",auto,2026-06-07,2026-06-07
Cloudscouts Software Solutions LLC,LLC,541519,,Frisco,TX,75036,8,,,[],,low,"[""Software Developer"", ""Data Engineer""]",auto,2026-06-07,2026-06-07
LOGICQUBE LLC,LLC,541511,,Cedar Park,TX,78613,8,,,[],,low,"[""Software Engineer"", ""Database Administrator"", ""TIBCO Middleware Developer"", ""Software Developer"", ""TIBCO Analyst""]",auto,2026-06-07,2026-06-07
"A&H Technologies, LLC",LLC,541512,,Frisco,TX,75035,8,,,[],,low,"[""Software Engineer"", ""Senior Software Engineer"", ""Generative AI Engineer"", ""Scrum Master"", ""Software Development Engineer in Test""]",auto,2026-06-07,2026-06-07
AIBD Tek LLC,LLC,541511,,Irving,TX,75060,8,,,[],,low,"[""System Analyst"", ""Software  Engineer"", ""Software \u00a0Engineer"", ""Financial Analyst"", ""Software Engineer""]",auto,2026-06-07,2026-06-07
"ABC Fitness Solutions, LLC",LLC,541511,,Frisco,TX,75034,8,,,[],,low,"[""Senior QA Automation Engineer"", ""Software Engineer"", ""Data Warehouse Architect"", ""Principal Information Security Engineer"", ""BI Developer"", ""Senior Director of Product, CRM"", ""Senior Manager, Data Engineering""]",auto,2026-06-07,2026-06-07
TERRAPROMPT LLC.,LLC,54151,,PLANO,TX,75024,8,,,[],,low,"[""DATA SCIENTIST"", ""DATA WAREHOUSE ETL DEVELOPER"", ""SALESFORCE DEVELOPER"", ""SENIOR QUALITY ANALYST"", ""SOFTWARE ENGINEER""]",auto,2026-06-07,2026-06-07
Clogration LLC,LLC,541511,,Plano,TX,75024,8,,,[],,low,"[""SAP BRIM Tech Lead"", ""SAP HANA Tech Lead"", ""Project Management Specialist IT"", ""Business Intelligence Analyst I"", ""Business Intelligence Analyst 3"", ""SAP Solution Analyst 4""]",auto,2026-06-07,2026-06-07
CODELARK LLC,LLC,541511,,DALLAS,TX,75243,8,,,[],,low,"[""DATA ENGINEER"", ""DATA ANALYST"", ""UI/UX DESIGNER"", ""EMBEDDED ENGINEER"", ""DATA SCIENTIST"", ""Java Software Developer""]",auto,2026-06-07,2026-06-07
CloudVet LLC,LLC,541511,,Leander,TX,78641,8,,,[],,low,"[""Software Developer""]",auto,2026-06-07,2026-06-07
INNOVATIVE DATALYTICS GROUP LLC,LLC,541511,,PLANO,TX,75024,8,,,[],,low,"[""SOFTWARE DEVELOPER""]",auto,2026-06-07,2026-06-07
PHX Agile LLC.,LLC,541511,,PFLUGERVILLE,TX,78660,8,,,[],,low,"[""Computer Programmer"", ""Software Developer"", ""Computer Software Engineer""]",auto,2026-06-07,2026-06-07
TrustIT LLC,LLC,541511,,Dallas,TX,75243,8,,,[],,low,"[""Software Developer II"", ""Web Developer"", ""Application Programmer"", ""Application Developer"", ""Applications Programmer"", ""UI Developer with React.JS""]",auto,2026-06-07,2026-06-07
BelenITS LLC,LLC,541511,,San Antonio,TX,78216,8,,,[],,low,"[""UI Developer"", ""Software Testing Engineer"", ""Senior Software Testing Engineer"", ""Software Development Engineering, Tech Lead"", ""Software Development Engineering Tech Lead""]",auto,2026-06-07,2026-06-07
GEHMS ITSERVICES LLC,LLC,541511,,MCKINNEY,TX,75070,8,,,[],,low,"[""software engineer""]",auto,2026-06-07,2026-06-07
MULTIPLIED SOLUTIONS LLC.,LLC,541512,,LEWISVILLE,TX,75067,8,,,[],,low,"[""SOFTWARE DEVELOPER"", ""SAP EWM FUNCTIONAL CONSULTANT""]",auto,2026-06-07,2026-06-07
VARENS SOFTTECH LLC,LLC,541511,,Frisco,TX,75033,8,,,[],,low,"[""SOFTWARE DEVELOPER"", ""Accountant  and Bookkeepers"", ""PROJECT MANAGER"", ""Software Developer""]",auto,2026-06-07,2026-06-07
"Agile Adroit, LLC",LLC,541511,,Frisco,TX,75034,8,,,[],,low,"[""Software  Developer"", ""Data Engineer"", ""Dot Net  Developer"", ""Java Developer"", ""Java  Developer""]",auto,2026-06-07,2026-06-07
INFODATAWORX LLC,LLC,54151,,McKinney,TX,75072,8,,,[],,low,"[""Software Engineer"", ""Assistant Technical Project Manager""]",auto,2026-06-07,2026-06-07
"KNOVIQ IT SOLUTIONS, LLC.",LLC,541511,,ARLINGTON,TX,76013,8,,,[],,low,"[""DEVOPS ENGINEER"", ""BUSINESS ANALYST"", ""QA AUTOMATION ANALYST"", ""SNOWFLAKE DEVELOPER""]",auto,2026-06-07,2026-06-07
United Technology Service LLC,LLC,541511,,McKinney,TX,75069,8,,,[],,low,"[""Radio Frequency Engineer"", ""Network Engineer"", ""Software Developer/Programmer"", ""NETWORK ENGINEER-TELECOM"", ""Packet Network Core Engineer"", ""Computer System Network Engineer/Architect""]",auto,2026-06-07,2026-06-07
Mythri Minds LLC,LLC,541511,,Dallas,TX,75254,8,,,[],,low,"[""Senior Software Engineer"", ""Software Engineer"", ""Software Developer"", ""SAP Data Migration Specialist"", ""Full Stack Developer"", ""Full Stack .Net Developer""]",auto,2026-06-07,2026-06-07
MVK Solutions LLC,LLC,541512,,Plano,TX,75023,8,,,[],,low,"[""Software Engineer"", ""Software Developer""]",auto,2026-06-07,2026-06-07
"Two Sigma Solutions, LLC",LLC,541512,,Houston,TX,77002,8,,,[],,low,"[""DATA ANALYST"", ""Data Analyst"", ""Software Engineer"", ""Full Stack Engineer""]",auto,2026-06-07,2026-06-07
"DataLeads Technology Services, LLC",LLC,541511,,Chesterfield,MO,63005,8,,,[],,low,"[""Splunk Cloud Developer"", ""CLOUD SOLUTION ARCHITECT"", ""Salesforce Cloud Architect"", ""Performance Architect""]",auto,2026-06-07,2026-06-07
AI LABS WEB LLC,LLC,541511,,Maryland Heights,MO,63043,8,,,[],,low,"[""Full Stack .NET Developer"", "".NET Developer"", ""Data Engineer"", ""DOTNET DEVELOPER"", ""DATA ENGINEER"", ""Dotnet Developer""]",auto,2026-06-07,2026-06-07
PRAMIS SOLUTIONS LLC,LLC,541511,,Southlake,TX,76092,9,,,[],,low,"[""Java Developer"", ""Data Analyst"", ""SAP Functional Consultant"", ""Software Developer"", ""Software Engineer"", ""Java developer""]",auto,2026-06-07,2026-06-07
Yantran LLC,LLC,541511,,Allen,TX,75013,9,,,[],,low,"[""SAP VIM Workflow Engineer"", ""SAP Technical Engineer"", ""Technical Engineer"", ""Oracle Technical Engineer"", ""Clinical Specialist - Optometrist"", ""Solution Architect"", ""Data Analytics Architect L1"", ""Senior Software Engineer""]",needs_review,2026-06-07,2026-06-07
"Value Global, LLC.",LLC,541511,,Tomball,TX,77375,9,,,[],,low,"[""Programmer Analyst"", ""Software Architect""]",auto,2026-06-07,2026-06-07
"Akshaya Solutions, LLC",LLC,541511,,Mckinney,TX,75070,9,,,[],,low,"[""Software Engineer"", ""Software Developer"", ""Computer Systems Engineer""]",auto,2026-06-07,2026-06-07
DATA FABRIC SOLUTIONS LLC,LLC,541511,,CONROE,TX,77384,9,,,[],,low,"[""DEVELOPER - FULL STACK"", ""APPLICATION PROGRAMMER ANALYST"", ""BUSINESS ANALYST"", ""JAVA DEVELOPER"", ""FULL STACK DEVELOPER"", ""BUSINESS SYSTEMS ANALYST""]",auto,2026-06-07,2026-06-07
VSTRS LLC,LLC,54151,,Cypress,TX,77429,9,,,[],,low,"[""SAP BW Architect"", ""SAP SD/LE Consultant"", ""SAP OTC Architect"", ""SAP MM Consultant"", ""Python Developer"", ""Sr. programmer/Analyst"", ""SAP HANA Consultant"", ""SAP Consultant""]",auto,2026-06-07,2026-06-07
INTELLIOZ LLC.,LLC,541511,,McKinney,TX,75072,9,,,[],,low,"[""Software Engineer"", ""Project Manager"", ""Business Systems Analyst""]",auto,2026-06-07,2026-06-07
Gamut Source LLC,LLC,541511,,Austin,TX,78705,9,,,[],,low,"[""Software Release Analyst"", ""Software Developers"", ""Software quality assurance analyst"", ""Software Developer"", ""Business Intelligence analyst"", ""Data Engineer""]",auto,2026-06-07,2026-06-07
Cloud Touch  IT LLC,LLC,541519,,DENTON,TX,76201,9,,,[],,low,"[""Software Engineer"", ""Business Analyst"", ""Solution Architect""]",needs_review,2026-06-07,2026-06-07
KALVEN GROUP OF LIMITED LIABILITY COMPANY,LLC,541511,,DALLAS,TX,75234,9,,,[],,low,"[""SCRUM MASTER"", ""DATA ANALYST"", ""SOFTWARE ENGINEER"", ""DATA SCIENTIST"", ""Software Developer""]",auto,2026-06-07,2026-06-07
VCLOUD SOFT TECHNOLOGIES LLC,LLC,541511,,Austin,TX,78705,9,,,[],,low,"[""Software Engineer"", ""Software Developer"", ""Systems Administrator"", ""QA Analyst"", ""Management Analyst""]",auto,2026-06-07,2026-06-07
M3IOX LLC,LLC,5415,,Katy,TX,77494,9,,,[],,low,"[""Project Management Specialist"", ""Solutions Architect"", ""Human Resources Specialist"", ""Infor M3 Technical Consultant"", ""Software Quality Assurance Engineer""]",auto,2026-06-07,2026-06-07
SYSCONSULT LLC.,LLC,541511,,FRISCO,TX,75034,9,,,[],,low,"[""PROGRAMMER ANALYST"", ""SOFTWARE DEVELOPER"", ""SOFTWARE QA ENGINEER"", ""IT PROJECT MANAGER"", ""DATA ENGINEER"", ""DEVOPS ENGINEER""]",auto,2026-06-07,2026-06-07
QUANTITIX LLC,LLC,541511,,PLANO,TX,75074,9,,,[],,low,"[""Software Engineer"", ""Data Engineer"", ""Senior Software Engineer"", ""Data Scientist"", ""Technology Specialist - Integrations"", ""Software Engineer / Application Support Engineer""]",auto,2026-06-07,2026-06-07
"Nubes Opus, LLC",LLC,541512,,Prosper,TX,75078,9,,,[],,low,"[""Programmer"", ""Lead Developer""]",auto,2026-06-07,2026-06-07
MVS360 LLC,LLC,541511,,Austin,TX,78738,9,,,[],,low,"[""Software Developer"", ""Computer Systems Analyst""]",auto,2026-06-07,2026-06-07
VOXTECH LLC,LLC,541511,,KATY,TX,77494,9,,,[],,low,"[""FULL STACK DEVELOPER"", ""SAP SUCCESSFACTORS DEVELOPER"", ""SAP BTP DEVELOPER"", ""SAP BASIS/BTP ADMINISTRATOR"", ""AI DATA ENGINEER"", ""SAP BTP AND BUSINESS AI ARCHITECT"", ""SALESFORCE CRM ADMINISTRATOR"", ""DEVOPS ENGINEER"", ""DATA ENGINEER""]",auto,2026-06-07,2026-06-07
VonExpy Softech LLC,LLC,541511,,Austin,TX,78701,9,,,[],,low,"[""COMPUTER PROGRAMMER"", ""Software Developer"", ""Computer Programmer"", ""Software Engineer""]",auto,2026-06-07,2026-06-07
Gen Piper Technologies LLC,LLC,541511,,Round Rock,TX,78681,9,,,[],,low,"[""Software Engineer"", ""QA Software Engineer"", ""Quality Assurance Tester"", ""Senior Software Engineer""]",auto,2026-06-07,2026-06-07
HBR ANALYTICS & BI SOLUTIONS LLC,LLC,541511,,Dallas,TX,75226,9,,,[],,low,"[""Senior SAP Data & Analytics Engineer"", ""Sr. SAP BW4HANA Developer"", ""Sr. SAP Data & Analytics Developer"", ""Software Testing Engineer"", ""SAP ABAP & BTP Developer"", ""Sr. SAP Data & Analytics Architect"", ""Sr. SAP Analytics Cloud Planning Developer"", ""Cloud Data Analytics Architect"", ""Senior SAP BW4HANA Developer""]",auto,2026-06-07,2026-06-07
HUB IT SOLUTIONS LLC,LLC,541511,,Plano,TX,75074,9,,,[],,low,"[""Embedded Software Engineer"", ""Specialist \u2013 Embedded SW"", ""Data Engineer"", ""Software Engineer"", ""Software Developer"", ""Model Based Development (MBD) Control Engineer"", ""Senior Cloud/Bigdata Platform Engineer""]",auto,2026-06-07,2026-06-07
Telcobuy.com LLC,LLC,541511,,Maryland Heights,MO,63043,9,,,[],,low,"[""Sr. Big Data Analyst"", ""Sr. Hyperion Developer"", ""Custom Application Developer"", ""Business Intelligence Developer"", ""Lead Oracle Developer"", ""Lead Machine Learning Engineer"", ""Sr. iOS Software Engineer""]",auto,2026-06-07,2026-06-07
UNIIAN LLC.,LLC,541511,,Frisco,TX,75035,10,,,[],,low,"[""Software Engineer"", ""Software Test Lead""]",auto,2026-06-07,2026-06-07
CALIBER MANAGEMENT LLC,LLC,541511,,ROUND ROCK,TX,78681,10,,,[],,low,"[""SOFTWARE DEVELOPER"", ""QUALITY ANALYST"", ""COMPUTER SYSTEMS ENGINEER"", ""COMPUTER PROGRAMMER"", ""SOFTWARE QUALITY ANALYST""]",auto,2026-06-07,2026-06-07
Visualization LLC,LLC,541519,,Allen,TX,75002,10,,,[],,low,"[""Sr. Project Manager"", ""Sr. Optimization Expert"", ""Program Manager"", ""Sr. Business Analyst"", ""Network Optimization Consultant"", ""Mobility Optimization Specialist""]",auto,2026-06-07,2026-06-07
Leosoft solutions LLC,LLC,541511,,Cypress,TX,77429,10,,,[],,low,"[""Software Engineer"", ""Software Developer"", ""SOFTWARE DEVELOPER"", ""SR. DATA ENGINEER""]",needs_review,2026-06-07,2026-06-07
Vinshe Systems LLC,LLC,541511,,Austin,TX,78759,10,,,[],,low,"[""Software Developer"", ""Data Engineer"", ""Software Development Engineer in Test (SDET)"", ""Software Engineer"", ""Business Analyst""]",auto,2026-06-07,2026-06-07
SR SOFT LLC,LLC,541519,,SUGAR LAND,TX,77479,10,,,[],,low,"[""PROGRAMMER ANALYST"", ""IT ANALYST"", ""Java Developer"", ""APPLICATION ANALYST"", ""ERP APPLICATION ANALYST"", ""Software Developer""]",needs_review,2026-06-07,2026-06-07
EDW Architectonics LLC,LLC,541511,,Flower Mound,TX,75022,10,,,[],,low,"[""Senior IT Assistant"", ""senior IT Assistant""]",auto,2026-06-07,2026-06-07
"BorrowWorks, LLC",LLC,511210,,Fort Worth,TX,76132,10,,,[],,low,"[""Product & Senior Business Analyst"", ""Risk Analyst"", ""Software Quality Assurance Engineer"", ""Senior Data Scientist"", ""Senior Software Developer""]",auto,2026-06-07,2026-06-07
TAP Innovations LLC,LLC,541511,,Irving,TX,75063,10,,,[],,low,"[""Program Manager"", ""Data Engineer"", ""Project Manager"", ""Microsoft Dynamics Developer"", ""Data Scientist"", ""Senior Program Manager""]",auto,2026-06-07,2026-06-07
Change CX LLC,LLC,541511,,Plano,TX,75024,10,,,[],,low,"[""AWS DevOps Architect"", ""Director of Technology"", ""Sr. DevOps Engineer"", ""Program Lead"", ""Senior Software Engineer"", ""E-Commerce Technical Architect"", ""Technology Architect"", ""QA Engineer""]",auto,2026-06-07,2026-06-07
"International Technologies Pro, LLC",LLC,541511,,Houston,TX,77056,10,,,[],,low,"[""Sr. Test Engineer - Salesforce"", ""Software Developer"", ""QA Analyst"", ""Java Developer"", ""Guidewire Developer"", ""QA Engineer Automated Specialist"", ""Software Engineer"", ""MainFrame Developer""]",auto,2026-06-07,2026-06-07
"CONDUENT LEGAL & COMPLIANCE SOLUTIONS, LLC",LLC,541512,,Richardson,TX,75080,10,,,[],,low,"[""Applications Development and Support Engineer III"", ""Ontrack Application Developer"", ""Software Engineer"", ""OnTrack Developer"", ""Ontrack Developer"", ""App Dev & Support Engineer III""]",auto,2026-06-07,2026-06-07
AI SYNC INNOVATIONS LLC,LLC,541511,,MCKINNEY,TX,75070,10,,,[],,low,"[""Data Analyst"", ""Software Engineer"", ""Business Analyst"", ""SOFTWARE ENGINEER"", ""PRODUCT DESIGNER"", ""IT PROJECT MANAGER"", ""SNOWFLAKE ENGINEER""]",auto,2026-06-07,2026-06-07
Snowsoft LLC,LLC,541511,,Coppell,TX,75019,10,,,[],,low,"[""Java Developer"", ""Software Engineer""]",auto,2026-06-07,2026-06-07
Digital360Solutions LLC,LLC,541519,,Houston,TX,77064,10,,,[],,low,"[""Business Analyst"", ""Cyber Security Engineer"", ""Computer System Analyst"", ""Business Analyst (SAP)"", ""Financial Risk Specialist"", ""Information Security Engineer"", ""Business System Analyst"", ""Software Solutions Engineer""]",auto,2026-06-07,2026-06-07
Afflux Systems LLC,LLC,541511,,Pflugerville,TX,78660,10,,,[],,low,"[""Staff Software Engineer"", ""Application Security Engineer"", ""Microsoft Azure Administrator"", ""Business Systems Analyst"", ""Sitecore Developer"", ""Software Quality Assurance Analyst"", ""Web Developer"", ""Azure Databricks Developer"", ""Implementation Lead""]",auto,2026-06-07,2026-06-07
Upward Innovations LLC,LLC,541511,,Mesquite,TX,75150,10,,,[],,low,"[""Software Engineer"", ""Front End Developer"", ""Salesforce Developer"", ""Software Developer in Test"", ""Software Developer in TEST"", ""Software  Test Engineer"", ""Software Developer"", ""Embedded Software Engineer"", ""Data Engineer""]",auto,2026-06-07,2026-06-07
ThothIT LLC,LLC,541511,,Irving,TX,75063,10,,,[],,low,"[""Programmer Analyst"", ""Software Developer/ Programmer Analyst"", ""Java Fullstack Developer"", ""Software Engineer"", ""Application Developer/Java Developer"", ""Java Developer / Application Engineer"", ""Software Engineer/Developer""]",auto,2026-06-07,2026-06-07
BINARE LLC,LLC,54151,,HOUSTON,TX,77064,10,,,[],,low,"[""API Integration Engineer"", ""IT Project Manager"", ""Data Architect"", ""Senior Software Engineer"", ""Big Data Developer"", ""Java Developer"", ""Mendix Software Engineer"", ""Sr. Software Development Engineer in Test"", ""Senior Java Developer""]",auto,2026-06-07,2026-06-07
"Koerber Supply Chain, LLC",LLC,541511,,Dallas,TX,75261,10,,,[],,low,"[""VP, Project Engineering"", ""Senior Controls Engineer"", ""Controls Team Lead"", ""Software and Simulation Solutions Engineer"", ""Sr. Systems Engineer"", ""Senior Applications Engineer"", ""Firmware Controls Engineer"", ""Software Engineer II""]",auto,2026-06-07,2026-06-07
LOGOS GLOBALTECH LLC,LLC,541511,,Woodway,TX,76712,10,,,[],,low,"[""Data Engineer"", ""Software Engineer"", ""Release Manager"", ""Senior DevOps Engineer""]",auto,2026-06-07,2026-06-07
"Enchantapps,LLC",LLC,541512,,Cypress,TX,77433,10,,,[],,low,"[""Oracle Applications Specialist"", ""Oracle Application Designer"", ""Business Analyst"", ""Programmer Analyst"", ""PROGRAMMER ANALYST"", ""Systems Analyst""]",auto,2026-06-07,2026-06-07
BRINGWISE LLC,LLC,541512,,FRISCO,TX,75033,10,,,[],,low,"[""SALESFORCE DEVELOPER"", ""Guidewire Development Engineer"", ""Senior Software Engineer"", ""Software Engineer"", ""Salesforce Developer"", ""Information Security Engineer""]",auto,2026-06-07,2026-06-07
SOURCE CODE TECH LLC,LLC,541511,,HOUSTON,TX,77084,10,,,[],,low,"[""SOFTWARE ENGINEER"", ""FULLSTACK DEVELOPER"", ""DATA ENGINEER"", ""BI DEVELOPER"", ""DEVOPS ENGINEER"", ""DATA ANALYST""]",auto,2026-06-07,2026-06-07
Teknims Group LLC,LLC,541511,,Dallas,TX,75234,10,,,[],,low,"[""Cloud DevOps Engineer - Applications"", ""Senior Software Developer"", ""Software Application Test Lead"", ""Lead Data Engineer"", ""Software Application Test Engineer"", ""Senior Software Engineer"", ""ServiceNow Developer"", ""Software Developer - Applications""]",auto,2026-06-07,2026-06-07
VISHTIK LLC,LLC,541511,,Prosper,TX,75078,10,,,[],,low,"[""Software Developer"", ""Software Engineer""]",auto,2026-06-07,2026-06-07
viaSDLC LLC,LLC,541511,,Farmers Branch,TX,75234,10,,,[],,low,"[""QUALITY ENGINEER"", ""DevOps Engineer"", ""Test Engineer"", ""Software Development Engineer in Test"", ""Workday Developer"", ""Software Developer"", ""Software Engineer"", ""Full Stack Java Developer""]",auto,2026-06-07,2026-06-07
IMAGINX LLC,LLC,541511,,HOUSTON,TX,77054,10,,,[],,low,"[""software Engineer"", ""software Developer"", ""Technical Lead"", ""Database Architect"", ""SOFTWARE ENGINEER"", ""IT CONSULTANT"", ""Data Engineer"", ""JAVA DEVELOPER"", ""Oracle Apps Finance Functional Consultant""]",auto,2026-06-07,2026-06-07
APPS Technology LLC,LLC,541511,,Dallas,TX,75287,10,,,[],,low,"[""Java Developer"", ""Business Analyst"", ""QA Engineer"", ""Project Test Coordinator"", ""Full stack Developer""]",auto,2026-06-07,2026-06-07
ATAPCLOUD LLC,LLC,541511,,AUSTIN,TX,78731,10,,,[],,low,"[""ETL Developer"", ""SYSTEMS ENGINEER"", ""DATA ANALYST"", ""SENIOR DATABASE ENGINEER"", ""SYSTEMS ENGINEER/Developer"", ""DATA ANALYST/DEVELOPER"", ""SOFTWARE DEVELOPER"", ""Software Developer"", ""Principal Consultant"", ""Senior Database Administrator""]",auto,2026-06-07,2026-06-07
Panic Button LLC,LLC,541511,,Austin,TX,78759,10,,,[],,low,"[""Software Engineer""]",auto,2026-06-07,2026-06-07
Techspheresolutions LLC,LLC,541511,,LITTLE ELM,TX,75068,10,,,[],,low,"[""Computer Systems Architect"", ""Senior SAP Consultant"", ""SAP Consultant"", ""Senior Manager"", ""Software Developer"", ""Senior Product Manager"", ""Senior Software Engineer""]",auto,2026-06-07,2026-06-07
"Learfield Communications, LLC",LLC,541511,,Jefferson City,MO,65109,10,,,[],,low,"[""Senior Network Reliability Engineer"", ""Senior Product Manager"", ""Software Engineer II"", ""Principal Software Engineer"", ""Data Scientist - Digital Marketing"", ""Senior Software Engineer""]",auto,2026-06-07,2026-06-07
Vidusolutions LLC,LLC,541511,,Katy,TX,77494,11,,,[],,low,"[""Workday Consultant"", ""Software Developer"", ""Software Engineer"", ""SAP Consultant"", ""Technical Business Analyst""]",auto,2026-06-07,2026-06-07
Tryittech LLC,LLC,541511,,PLANO,TX,75023,11,,,[],,low,"[""PYTHON DEVELOPER"", ""Software Developer"", ""Sr Software Developer"", ""Junior Developer"", ""QA Analyst"", ""Lead Mulesoft Developer"", ""Network Engineer"", ""Technical Lead""]",auto,2026-06-07,2026-06-07
"The Shams Group, LLC",LLC,541511,,Irving,TX,75038,11,,,[],,low,"[""Data Services Manager"", ""Senior Software Developer"", ""Operations / Logistics Consultant"", ""Chief Technology Officer"", ""Vice President, Finance and Operations"", ""Systems Administrator"", ""IT Project Manager""]",auto,2026-06-07,2026-06-07
CLOTHING TECH LLC,LLC,511210,,Austin,TX,78746,11,,,[],,low,"[""Sr. Software Developer"", ""Software Engineer Team Lead"", ""Software Engineer"", ""Software Developer"", ""Senior Software Tester"", ""UI/UX Development Team Lead"", ""Senior Software Engineer""]",auto,2026-06-07,2026-06-07
STAGITY SOLUTIONS LLC,LLC,541512,,FARMERS BRANCH,TX,75234,11,,,[],,low,"[""SOFTWARE ENGINEER"", ""Software Engineer"", ""Network Engineer""]",auto,2026-06-07,2026-06-07
Enterprise Value Systems LLC,LLC,54151,,Katy,TX,77494,11,,,[],,low,"[""Systems Analyst"", ""Data Engineer"", ""System Analyst""]",auto,2026-06-07,2026-06-07
INFIVERSE SYSTEMS LLC,LLC,541511,,HOUSTON,TX,77074,11,,,[],,low,"[""Software Developer"", ""Application DEVELOPER""]",auto,2026-06-07,2026-06-07
SIRI INFOTEC LLC.,LLC,541511,,FRISCO,TX,75035,11,,,[],,low,"[""SR. DATA ENGINEER"", ""PEGA DEVELOPER"", ""QA TESTER"", ""SOFTWARE ENGINEER"", ""DATA MANAGEMENT ANALYST II"", ""DATA SCIENTIST"", ""SR. COGNOS ADMIN"", ""SOFTWARE DEVELOPER""]",auto,2026-06-07,2026-06-07
IT GIANTS LLC,LLC,541511,,IRVING,TX,75063,11,,,[],,low,"[""Sr Software Engineer"", ""Junior Software Engineer"", ""Software Engineer"", ""Senior Software Engineer"", ""IT Project Manager/Scrum Master""]",auto,2026-06-07,2026-06-07
"IT GENERATION SOFTWARE, LLC.",LLC,541519,,FLOWER MOUND,TX,75022,11,,,[],,low,"[""SOFTWARE ENGINEER"", ""DEVOPS ENGINEER"", ""SR. SOFTWARE ENGINEER"", ""TECHNICAL PROJECT MANAGER""]",auto,2026-06-07,2026-06-07
"Collaborative Imaging, LLC",LLC,541512,,Plano,TX,75025,11,,,[],,low,"[""Sr. User Experience Designer"", ""UI/UX Developer"", ""UI/UX Designer & Developer"", ""Software Engineer"", ""Lead Software Engineer"", ""Software Developer"", ""Senior Software Developer"", ""Product Manager""]",needs_review,2026-06-07,2026-06-07
AUGMENTED REALITY TECHNOLOGIES LLC,LLC,541511,,DUNCANVILLE,TX,75116-4931,11,,,[],,low,"[""SOFTWARE ENGINEER"", ""DATA ANALYST"", ""SOURCING ANALYST"", ""FINANCIAL ANALYST"", ""SR. SOFTWARE ENGINEER""]",auto,2026-06-07,2026-06-07
MindSkill Pedia LLC,LLC,541511,,houston,TX,77090,11,,,[],,low,"[""Sr. Software Engineer"", ""Software Developer-Python"", ""Software Quality Assurance Engineer"", ""SOFTWARE DEVELOPER"", ""SYSTEMS ANALYST"", ""SYSTEMS ADMINISTRATOR""]",auto,2026-06-07,2026-06-07
Tekebin LLC,LLC,541511,,Plano,TX,75023,11,,,[],,low,"[""Software Developer"", ""Java Full Stack Developer"", ""UI Developer"", ""Estimator"", ""IT Project Manager"", ""Java Developer"", ""Software Engineer""]",auto,2026-06-07,2026-06-07
Ams Tec Solutions LLC,LLC,541511,,Austin,TX,78731,11,,,[],,low,"[""Software Developer"", ""Data Engineer"", ""PLM Developer""]",auto,2026-06-07,2026-06-07
Niche IT Software Solutions LLC,LLC,541511,,Frisco,TX,75035,11,,,[],,low,"[""Senior Data Engineer"", ""Sr. Software Developer"", ""Information Systems Security Officer"", ""Database Architect"", ""Data Engineer"", ""Automation Test Engineer"", ""Senior Software Engineer""]",auto,2026-06-07,2026-06-07
MAARISOFT SOLUTIONS LLC,LLC,541511,,PLANO,TX,75024,11,,,[],,low,"[""Software Architect"", ""Software Developer"", ""QA Engineer"", ""IT Architect"", ""IT Project Manager"", ""SAP Consultant""]",auto,2026-06-07,2026-06-07
Enterprise Business Data LLC,LLC,541519,,Coppell,TX,75019,11,,,[],,low,"[""Software Engineer"", ""Business Analyst"", ""Software Developer""]",auto,2026-06-07,2026-06-07
Global IT Engineers LLC,LLC,541511,,Irving,TX,75063,11,,,[],,low,"[""Software Developer"", ""Software Engineer"", ""Data Analyst"", ""Project Manager"", ""Business Analyst""]",auto,2026-06-07,2026-06-07
SRTECHSOFT LLC,LLC,541519,,MCKINNEY,TX,75070,11,,,[],,low,"[""SOFTWARE DEVELOPER"", ""SOFTWARE QUALITY ANALYST"", ""AUTOMATION ENGINEER""]",auto,2026-06-07,2026-06-07
CX DATA LABS LLC,LLC,541511,,McKinney,TX,75070,11,,,[],,low,"[""Principal Engineer"", ""Consultant (Automation QA Engineer)"", ""QA Engineer"", ""RPA Developer"", ""Data Scientist""]",auto,2026-06-07,2026-06-07
Metasoft LLC,LLC,541511,,PLANO,TX,75024,11,,,[],,low,"[""SOFTWARE DEVELOPER II"", ""Software Developer""]",auto,2026-06-07,2026-06-07
SF GLOBAL LLC,LLC,541511,,Dallas,TX,75247,11,,,[],,low,"[""Java Developer"", ""Radio Frequency Engineer"", ""Data Analyst"", ""Senior Software Engineer"", ""Business Analyst"", ""Developer"", ""IT Engineer"", ""Software Engineer""]",auto,2026-06-07,2026-06-07
SCEPTER TECHNOLOGIES LLC,LLC,541511,,SAINT LOUIS,MO,63108,11,,,[],,low,"[""PROJECT MANAGER"", ""SYSTEM ADMINISTRATOR"", ""JAVA DEVELOPER"", ""BIGDATA DEVELOPER"", ""Java Developer"", ""Programmer Analyst"", ""Software Developer""]",needs_review,2026-06-07,2026-06-07
IT LOOKING GLASS LLC,LLC,541511,,Foristell,MO,63348,11,,,[],,low,"[""Software Developer"", ""ETL Developer"", ""Custom Software Engineering Sr Analyst"", ""Senior Data Consultant"", ""Data Engineer"", ""Senior Consultant"", ""Oracle Fusion HCM Cloud Technical Consultant"", ""Software Tester"", ""Application Developer"", ""SOFTWARE DEVELOPER""]",auto,2026-06-07,2026-06-07
iProgram LLC,LLC,541511,,Frisco,TX,75034,12,,,[],,low,"[""Full Stack Software Developer"", ""PROGRAMMER ANALYST"", ""DATA ENGINEER"", ""SAP FICO Consultant"", ""Software Engineer""]",auto,2026-06-07,2026-06-07
NEWDREAM DATA SYSTEMS LLC,LLC,541511,,FRISCO,TX,75035,12,,,[],,low,"[""SOFTWARE DEVELOPER"", ""Business Analyst"", ""Guidewire Project Manager"", ""Software Developer""]",auto,2026-06-07,2026-06-07
RA InfoSolutions LLC,LLC,541511,,McKinney,TX,75070,12,,,[],,low,"[""Systems Application Developer"", ""Software Developer"", ""Senior Software Engineer"", ""Systems Engineer"", ""Sr Software Engineer"", ""Software Engineer"", ""Sr. Business Analyst"", ""Sr. Software Engineer""]",auto,2026-06-07,2026-06-07
BLUO SOFTWARE LLC,LLC,541511,,HOUSTON,TX,77042,12,,,[],,low,"[""SOFTWARE DEVELOPER"", ""AZURE DATA ENGINEER"", ""Azure Data Engineer"", ""Lead Database Developer"", ""Full Stack Developer"", ""Software Developer""]",auto,2026-06-07,2026-06-07
Nexient LLC,LLC,541511,,Plano,TX,75024,12,,,[],,low,"[""Senior Developer"", ""Delivery Manager"", ""Senior Quality Engineer"", ""Machine Learning Engineer"", ""Product Manager"", ""Technical Manager""]",auto,2026-06-07,2026-06-07
"Headstorm, LLC",LLC,541511,,Dallas,TX,75248,12,,,[],,low,"[""Computer Programmer"", ""Software Architect"", ""Software Engineer"", ""Software Engineer (Team Lead)"", ""Architect II"", ""AI and Automation Consultant III"", ""Principal Management Consultant"", ""Senior ML-Generative AI Engineer"", ""AI Project Leader""]",needs_review,2026-06-07,2026-06-07
IT OPENDOORS LLC,LLC,541511,,Plano,TX,75024,12,,,[],,low,"[""Data Engineer"", ""Cloud Data Engineer"", ""SAP Consultant"", ""Cloud Devops Engineer"", ""Scrum Master"", ""Azure Data Engineer"", ""Software Engineer"", ""Senior Software Engineer""]",auto,2026-06-07,2026-06-07
Ivistasoft LLC,LLC,541511,,Irving,TX,75038,12,,,[],,low,"[""Software Developer"", ""Data Analyst""]",auto,2026-06-07,2026-06-07
lnfoshore Solutions LLC,LLC,541511,,Frisco,TX,75034,12,,,[],,low,"[""Software Developer"", ""Data Engineer"", ""Application Developer""]",needs_review,2026-06-07,2026-06-07
MapsITSolutions LLC,LLC,541519,,Allen,TX,75013,12,,,[],,low,"[""Project Manager"", ""Software Engineer"", ""Principal Consultant"", ""SAP HANA Administrator"", ""SOFTWARE DEVELOPER"", ""SENIOR FRONTEND DEVELOPER""]",needs_review,2026-06-07,2026-06-07
CAMPTRA TECHNOLOGIES LLC,LLC,541511,,PLANO,TX,75075,12,,,[],,low,"[""Managing Consultant"", ""Senior Manager"", ""Director"", ""Oracle EPM Cloud Functional Senior Manager"", ""Managing Consultant \u2013 Oracle HCM Cloud"", ""Senior Manager \u2013 Oracle Cloud Applications"", ""HCM Technical Architect \u2013 Oracle cloud Applications"", ""Managing Consultant \u2013 Oracle Cloud Applications"", ""Regional Account Director""]",needs_review,2026-06-07,2026-06-07
"Universal IT Professionals, LLC",LLC,541511,,Houston,TX,77042,12,,,[],,low,"[""SAP IBP Consultant"", ""Software Developer""]",auto,2026-06-07,2026-06-07
RC4Vets LLC,LLC,541511,,San Antonio,TX,78210,12,,,[],,low,"[""Sr. Software Developer"", ""Software Developer"", ""Senior Developer"", ""Appian Developer"", ""Software Programmer""]",auto,2026-06-07,2026-06-07
"Compass Management, LLC",LLC,518210,,Dallas,TX,75254,12,,,[],,low,"[""Structural Engineer"", ""Global Design and Constructability Review Specialist"", ""Operations Support Specialist"", ""Design Coordinator & Constructability Lead"", ""Project Manager, Development"", ""Jr. Program Manager, Site Compliance"", ""Project Manager"", ""Lead Design and Constructability"", ""Lead Design & Constructability""]",auto,2026-06-07,2026-06-07
Pro17Analytics LLC,LLC,541511,,South Lake,TX,76092,12,,,[],,low,"[""Computer Programmer"", ""Software Quality Assurance Engineer"", ""Information Technology Project Manager"", ""Site Reliability Engineering (SRE) Project Manager"", ""Cloud Compute Automation Programmer"", ""Cloud Compute Automation Engineer"", ""Data Scientist""]",auto,2026-06-07,2026-06-07
INVERTIS IT SOLUTIONS LLC,LLC,541511,,PLANO,TX,75024,12,,,[],,low,"[""SOFTWARE ENGINEER"", ""SR. DATA SCIENTIST"", ""PROGRAMMER ANALYST"", ""LEAD BUSINESS ANALYST"", ""Senior Quality Analyst"", ""TECHINCAL ARCHITECT""]",auto,2026-06-07,2026-06-07
TEK DEEDS LLC,LLC,541511,,Frisco,TX,75034,12,,,[],,low,"[""QA Analyst"", ""Java Developer"", ""Systems Engineer"", ""Software Engineer"", ""Software Developer"", ""Data Engineer""]",auto,2026-06-07,2026-06-07
VERTEX ELITE LLC,LLC,541511,,Katy,TX,77494,12,,,[],,low,"[""Salesforce ServiceMax Lead Consultant"", ""Integration Consultant/MuleSoft Developer"", ""Data Engineer"", ""Software Developer"", ""MULESOFT APPLICATION ARCHITECT"", ""Database Engineering"", ""Sales Director"", ""Senior Mulesoft Integration Architect""]",auto,2026-06-07,2026-06-07
Chapter Two Technologies LLC,LLC,541511,,Plano,TX,75024,12,,,[],,low,"[""Software Developer"", ""Cloud Machine Learning Systems Developer""]",auto,2026-06-07,2026-06-07
TECH11 LLC,LLC,541512,,HOUSTON,TX,77064,12,,,[],,low,"[""Senior PEGA Developer(With AWS)"", ""Java developer"", ""SAS Programmer"", ""Data Analyst"", ""Solutions Architect"", ""IT Project Manager"", ""Computer Systems Analyst"", ""QA Engineer"", ""Data Scientist""]",auto,2026-06-07,2026-06-07
TekStrive LLC,LLC,541511,,Farmers Branch,TX,75234,12,,,[],,low,"[""Software Developer"", ""Workspace One Administrator"", ""Sr. Software Developer"", ""Software  Engineer"", ""Sr. Software\u00a0Engineer"", ""Data Platform Engineer"", ""Java Full Stack Developer"", ""Pega Developer"", ""Software Engineer""]",auto,2026-06-07,2026-06-07
Wehire Technologies LLC,LLC,541511,,Austin,TX,78754,12,,,[],,low,"[""Business Analyst"", ""Peoplesoft Business Analyst"", ""Software Developer"", ""Quality Automation Engineer"", ""Software Engineer""]",auto,2026-06-07,2026-06-07
Zyon Digital Solutions LLC,LLC,541511,,El Paso,TX,79911,12,,,[],,low,"[""Software Developer"", ""Web Developer"", ""QA Tester"", ""Sr. Angular/ Node.JS developer"", ""Java Developer""]",auto,2026-06-07,2026-06-07
CerroAlto Digital LLC,LLC,541511,,McKinney,TX,75070,12,,,[],,low,"[""Software Engineer"", ""Software Engineer (ETL/SSIS developer)"", ""DEVELOPER"", ""Data Engineer"", ""Computer Programmers"", ""SAP Functional Consultant"", ""SAP EWM Consultant"", ""Business Intelligence Analysts"", ""AI/ML Technology Project Manager"", ""Information Technology Project Manager"", ""SAP Data Engineer"", ""SAP  Software Engineer""]",auto,2026-06-07,2026-06-07
Crowdplum Global Services LLC,LLC,541511,,Chesterfield,MO,63005,12,,,[],,low,"[""Senior Software Developer"", ""Software Engineer"", ""Senior Technical Lead"", ""Lead Test Engineer"", ""Project Manager"", ""Software Engineer II"", ""Software Engieer"", ""Quality Assurance Engineer"", ""Android Developer"", ""Computer System Engineer""]",auto,2026-06-07,2026-06-07
Ai Software LLC,LLC,518210,,University City,MO,63130,12,,,[],,low,"[""Senior Product Manager"", ""Software Engineer"", ""Software Engineer, AI"", ""Software Developer"", ""Senior Software Engineer"", ""Digital Marketing Manager""]",auto,2026-06-07,2026-06-07
"CONDUENT CARE SOLUTIONS, LLC",LLC,541512,,Richardson,TX,75080,13,,,[],,low,"[""Senior Business Analyst"", ""IT Testing Engineer III"", ""Quality Assurance Engineer II"", ""Applications and Development Support Engineer IV"", ""Manager, IT Testing""]",auto,2026-06-07,2026-06-07
PRICETRACE LLC,LLC,518210,,RICHARDSON,TX,75081,13,,,[],,low,"[""Finance/Strategy Analyst"", ""Digital Media Analyst II"", ""Digital Media Analyst"", ""Web/Interactive Media Developer"", ""BUSINESS PROCESS IMPROVEMENT ANALYST, MULTIMEDIA"", ""Sr. Editor"", ""Marketing Specialist"", ""Campaign Specialist"", ""Training and Development Specialist"", ""Business Data Analyst"", ""Graphic Designer""]",auto,2026-06-07,2026-06-07
"Signify Health, LLC",LLC,541511,,Dallas,TX,75244,13,,,[],,low,"[""Senior Software Engineer"", ""Data Warehouse Engineer IV"", ""Network Engineer II"", ""Lead BI Developer"", ""Director, Quality Engineering"", ""Senior Quality Engineer"", ""Database Engineer III"", ""Manager, Product Management"", ""Senior Manager, Product Management"", ""Analytics Consultant"", ""Quality Engineer"", ""Sr. Associate, Financial Planning & Analysis""]",auto,2026-06-07,2026-06-07
Wise Men Solutions LLC,LLC,541511,,Houston,TX,77077,13,,,[],,low,"[""SAP Consultant"", ""Sharepoint Developer"", ""SENIOR AIX ADMINISTRATOR"", ""Sr. Dot Net Developer"", ""SAP Security Consultant"", ""Systems Administrator"", ""SAP ABAP Consultant"", ""EDI Consultant"", ""Computer Systems Analyst"", ""Solutions Architect"", ""Software Developer (Scrum Master)""]",auto,2026-06-07,2026-06-07
"Blumetra Solutions, LLC",LLC,541511,,Houston,TX,77094,13,,,[],,low,"[""Project Manager"", ""Business Intelligence Developer"", ""Data Scientist"", ""Software Developer"", ""Business Intelligence Consultant"", ""Technical Project Manager"", ""Automation Test Architect""]",needs_review,2026-06-07,2026-06-07
TruStartIT LLC,LLC,541511,,Richardson,TX,75081,13,,,[],,low,"[""Data Engineer"", ""Java Developer"", ""Software Developer"", ""Emerging technology developer"", ""Business Analyst"", ""Python Developer"", ""Site Reliability Engineer"", ""Splunk Developer"", ""GenAI Architect"", ""Solution Architect""]",auto,2026-06-07,2026-06-07
Mindzcape Solutions LLC,LLC,541511,,Katy,TX,77494,13,,,[],,low,"[""SAP Analyst"", ""SAP Software Analyst"", ""SAP System Analyst""]",auto,2026-06-07,2026-06-07
TELECOMGATEWAY LLC,LLC,541511,,FRISCO,TX,75035,13,,,[],,low,"[""RF ENGINEER"", ""RAN ENGINEER"", ""DATA ENGINEER"", ""Sr. RF Engineer"", ""Telecom Construction Manager"", ""Solutions Architect"", ""Data Engineer"", ""Software Developer"", ""DevOps Engineer""]",auto,2026-06-07,2026-06-07
KBS Solutions LLC,LLC,541511,,Irving,TX,75038,13,,,[],,low,"[""Software Developer"", ""Software Engineer"", ""Sr. Software Program Manager"", ""Project Manager"", ""SAP Analyst"", ""SAP System Analyst / SAP MM Consultant"", ""SAP DBA Lead""]",needs_review,2026-06-07,2026-06-07
TIMESOFT SOLUTIONS LLC.,LLC,541511,,LEWISVILLE,TX,75067,13,,,[],,low,"[""SOFTWARE ENGINEER"", ""DATA ANALYST"", ""API ARCHITECT"", ""SOFTWARE DEVELOPER"", ""PRODUCTION SUPPORT ANALYST"", ""QA ENGINEER"", ""FIRMWARE EMBEDDED LINUX ENGINEER"", ""JAVA DEVELOPER"", ""APPLICATION SUPPORT ENGINEER"", ""Software Developer""]",needs_review,2026-06-07,2026-06-07
New Math Data LLC,LLC,541519,,Houston,TX,77008,13,,,[],,low,"[""Full-Stack Software Developer"", ""Full Stack Software Developer"", ""Data Engineer"", ""Software Developer"", ""Solution Architect - Data & AI (Energy Industry)"", ""Solution Architect"", ""Solutions Architect""]",auto,2026-06-07,2026-06-07
Techquency LLC,LLC,541511,,Austin,TX,78730,13,,,[],,low,"[""Software Engineer"", ""Cloud Infra Architect"", ""Systems Architect"", ""Data  Engineer"", ""Devops  Engineer"", ""NLP Engineer"", ""Software Developer"", ""Devops Engineer"", ""Project Manager"", ""Data Analyst""]",auto,2026-06-07,2026-06-07
SNCloudSolutions LLC,LLC,541511,,Frisco,TX,75035,13,,,[],,low,"[""Project Manager"", ""Senior .Net Full Stack Developer."", ""Business Analyst"", ""SAP Consultant"", ""Java Developer"", ""Product Owner"", ""Security Engineer"", ""DevOps Engineer"", ""Program Manager"", ""Android Developer"", ""Clinical Data Manager"", ""Senior Clinical Data Manager"", ""Full Stack Developer""]",auto,2026-06-07,2026-06-07
Atlas Cloud Foundry LLC,LLC,541511,,houston,TX,77077,13,,,[],,low,"[""Software Developer"", ""SOFTWARE DEVELOPER"", ""BUSINESS ANALYST"", ""Mechanical Engineers"", ""MECHANICAL ENGINEER"", ""Computer Systems Analysts"", ""SAP Consultant"", ""Senior SAP Consultant"", ""SOFTWARE ENGINEER""]",auto,2026-06-07,2026-06-07
Hillsoft Business Solutions LLC,LLC,541511,,Sugarland,TX,77478,13,,,[],,low,"[""Site Reliability Engineer"", ""Technical Project Manager"", ""Sr Software QA Engineer"", ""Full Stack Developer"", ""Data Engineer"", ""Software Engineer"", ""Analytics Engineer"", ""Senior Software Engineer"", ""Architect""]",auto,2026-06-07,2026-06-07
"Yantratek, LLC",LLC,541511,,Round Rock,TX,78681,13,,,[],,low,"[""Software Developer"", ""Data Analyst"", ""Software Engineer"", ""Software Network Engineer"", ""Full Stack Java Developer"", ""ETL Developer""]",auto,2026-06-07,2026-06-07
Trunix LLC,LLC,541511,,Irving,TX,75062,13,,,[],,low,"[""Software Engineer""]",auto,2026-06-07,2026-06-07
ITBuild Solutions LLC,LLC,541511,,Flower Mound,TX,75028,13,,,[],,low,"[""Cloud Data Engineer"", ""SAP Programmer"", ""Computer Programmer"", ""Team Leader"", ""Technical Project Manager"", ""Associate Data Engineer"", ""Senior Software Developer""]",auto,2026-06-07,2026-06-07
KRIWIN LLC,LLC,541511,,KATY,TX,77494,13,,,[],,low,"[""EMBEDDED SOFTWARE ENGINEER"", ""Embedded Software Engineer 2"", ""Embedded Software Engineer"", ""ELECTRICAL ENGINEER 4"", ""Embedded software Engineer"", ""Software Engineer"", ""Software Developer"", ""Embedded RTOS Software Engineer""]",auto,2026-06-07,2026-06-07
"Technocore360, LLC",LLC,541511,,Houston,TX,77081,13,,,[],,low,"[""QA Engineer"", ""Software Engineer"", ""IT Project Manager"", ""Software Developer"", ""QA Analyst""]",auto,2026-06-07,2026-06-07
"MRP, LLC",LLC,541511,,Austin,TX,78754,13,,,[],,low,"[""Clarity Developer 1 Timesheet and AWS Architect"", ""AWS Observability Engineer"", ""Technical Consultant (CA Clarity PPM Developer)"", ""Clarity PPM Developer"", ""CA Clarity PPM Application Developer"", ""SOFTWARE DEVELOPER"", ""Clarity techno functional Architect/ Program Manager"", ""Application Lead"", ""Software Developer"", ""Principal Cloud Solutions Architect (Azure & AWS)"", ""TECHNICAL CONSULTANT (CA CLARITY PPM DEVELOPER)""]",auto,2026-06-07,2026-06-07
Arksoft Systems LLC,LLC,541511,,Plano,TX,75023,14,,,[],,low,"[""Software Developer"", ""Software Engineer"", ""Sr. Software Developer"", ""System Engineer"", ""Software Test Engineer"", ""Product Owner""]",auto,2026-06-07,2026-06-07
SPERITI SOLUTIONS LLC,LLC,541511,,IRVING,TX,75062,14,,,[],,low,"[""IAM Network Engineer"", ""Software Developer"", ""Software Automation Engineer"", ""Business Analyst""]",needs_review,2026-06-07,2026-06-07
Vectorsoft LLC,LLC,541511,,Irving,TX,75063,14,,,[],,low,"[""Lead Consultant"", ""Java Developer"", ""Data Engineer"", ""Salesforce Developer"", ""Software Engineer"", ""Data Scientist"", ""IT Security Analyst"", ""Software Developer""]",auto,2026-06-07,2026-06-07
"defi AUTO, LLC",LLC,518210,,Westlake,TX,76262,14,,,[],,low,"[""Lead Software Developer"", ""Software Development Engineer III"", ""Product Analyst"", ""Senior Software Development Engineer"", ""Senior Software Engineer"", ""Lead Software Architect"", ""Sr Manager, Software Engineering"", ""Senior Manager, Software Engineering"", ""Manager, Software Engineering""]",auto,2026-06-07,2026-06-07
"Auctane, LLC",LLC,518210,,Austin,TX,78731,14,,,[],,low,"[""Senior Marketing Data Analyst"", ""Quality Assurance Engineer"", ""Principal Software Engineer"", ""Account Executive"", ""Director, Product Management"", ""Software Engineer - SX"", ""Software Engineer"", ""Regional Manager - International & Consolidator"", ""Treasury Manager"", ""Senior Software Engineer"", ""Manager, Engineering""]",auto,2026-06-07,2026-06-07
MACHINE INTELLIGENCE LLC,LLC,541511,,DUNCANVILLE,TX,75116-4931,14,,,[],,low,"[""SR. SOFTWARE ENGINEER"", ""INVESTMENT ANALYST"", ""SR. DATA ANALYST"", ""SOURCING ANALYST"", ""FINANCIAL ANALYST"", ""SOFTWARE DEVELOPER"", ""DATA ANALYST"", ""SR. SOFTWARE DEVELOPER"", ""SOFTWARE ENGINEER"", ""MACHINE LEARNING ENGINEER"", ""BI/TABLEAU ENGINEER"", ""BUSINESS ANALYST""]",needs_review,2026-06-07,2026-06-07
Jacob Judah LLC.,LLC,541511,,RICHARDSON,TX,75080,14,,,[],,low,"[""Sr. Business Analyst"", ""SOFTWARE ENGINEER"", ""SENIOR SOFTWARE DEVELOPER"", ""SOFTWARE DEVELOPER"", ""Principal Consultant"", ""Sr. SAP CONSULTANT"", ""Software Engineer"", ""SAP Functional Consultant"", ""Design Verfication Engineer""]",auto,2026-06-07,2026-06-07
SBTS Systems LLC,LLC,541511,,Frisco,TX,75036,14,,,[],,low,"[""Data Analytical Engineer/Architect"", ""Informatica Developer"", ""Informatica Cloud Administrator"", ""Informatica Cloud Developer"", ""Data Analyst"", ""Operations Manager"", ""BI Developer"", ""Senior Application Consultant""]",needs_review,2026-06-07,2026-06-07
"LevelBlue, LLC",LLC,541512,,Dallas,TX,75202,14,,,[],,low,"[""Senior Consultant Systems Integration"", ""Cyber Consultant II - Advisory"", ""Cyber Director - Testing"", ""Cyber Consultant I - Testing"", ""Consultant"", ""Cyber Consultant II - DFIR"", ""Cyber Director - DFIR"", ""Cyber Manager - Advisory"", ""Global Compliance Director & Privacy Lead""]",auto,2026-06-07,2026-06-07
UNITED TEKINFO HUB LLC.,LLC,541511,,FARMERS BRANCH,TX,75234,14,,,[],,low,"[""SOFTWARE DEVELOPER"", ""APPLICATION DEVELOPER"", ""SOFTWARE ENGINEER"", ""DATA ENGINEER"", ""System Engineer"", ""Linux System Administrator"", ""Software Developer"", ""Azure Solutions Architect"", ""DATA ANALYST""]",auto,2026-06-07,2026-06-07
"CCSolTech, LLC.",LLC,5415,,Cedar Park,TX,78613,14,,,[],,low,"[""Salesforce Marketing Cloud Architect"", ""Sr. Director, Growth and Web Engineering"", ""MarTech Solution Architect"", ""Data Analyst II"", ""Senior Salesforce Marketing Cloud Developer"", ""Sr. Salesforce Developer""]",auto,2026-06-07,2026-06-07
NEON IT LLC,LLC,541511,,Mckinney,TX,75070,14,,,[],,low,"[""Project Lead"", ""SAP Analyst"", ""Software Developer"", ""Software Quality Assurance Analyst and tester""]",auto,2026-06-07,2026-06-07
Cubefore LLC,LLC,541511,,Frisco,TX,75036,14,,,[],,low,"[""Oracle HCM Cloud Developer"", ""Oracle ERP Consultant"", ""Oracle Cloud HCM Reporting Resource"", ""Network Engineer"", ""Oracle Consultant"", ""Adobe Analyst"", ""System Analyst"", ""IT Consultant"", ""Java Developer"", ""Application Developer""]",auto,2026-06-07,2026-06-07
ThriveOn Solutions LLC,LLC,541511,,Sugarland,TX,77478,14,,,[],,low,"[""Software Developer/ Datacap Developer"", ""Data Scientist / Senior Application Engineer"", ""Senior Software Developer"", ""Senior Applications/Software Developer"", ""Senior Software Engineer / Data Scientist"", ""Data Scientist / Lead Full Stack Engineer"", ""Data Scientist"", ""Senior Software/SAP PM Functional Engineer"", ""Data Analyst / Software Engineer"", ""Sr. Data Scientist""]",auto,2026-06-07,2026-06-07
Qwerty Tech LLC,LLC,541511,,Dallas,TX,75243,14,,,[],,low,"[""Technical Scrum Master"", ""Software Developer"", ""Python Developer"", ""Project Manager""]",auto,2026-06-07,2026-06-07
Ethoca LLC,LLC,541519,,Austin,TX,78758,14,,,[],,low,"[""Manager, Product Integration"", ""Director, Product Integration"", ""Lead Data Scientist"", ""Senior Platform Engineer"", ""Senior Software Engineer"", ""Senior Database Engineer"", ""Principal Data Engineer"", ""Lead Software Engineer"", ""Manager, Product Management"", ""Principal Software Engineer""]",auto,2026-06-07,2026-06-07
VBusiness Solutions LLC,LLC,541511,,Farmers Branch,TX,75234,14,,,[],,low,"[""Network Engineer"", ""FIPS Security Assurance Engineer"", ""Network Architect"", ""Firewall Engineer"", ""Senior Wireless Network Engineer"", ""Network Data Engineer""]",auto,2026-06-07,2026-06-07
"TECHGIRD SYSTEMS, LLC",LLC,541511,,Frisco,TX,75034,14,,,[],,low,"[""Data Engineer"", ""IT Manager"", ""Data Scientist"", ""TECHNICAL PROJECT MANAGER"", ""VALIDATION ENGINEER"", ""SOFTWARE ENGINEER"", ""Data Analyst"", ""SOFTWARE DEVELOPER"", ""DATA ENGINEER""]",auto,2026-06-07,2026-06-07
SAPNEXX LLC,LLC,54151,,Irving,TX,75039,14,,,[],,low,"[""Business Analyst"", ""Quality Assurance Analyst"", ""BUSINESS ANALYST"", ""SAP BUSINESS ANALYST"", ""SOFTWARE DEVELOPER"", ""SAP EWM BUSINESS ANALYST""]",auto,2026-06-07,2026-06-07
"Homecare Homebase, LLC",LLC,511210,,Dallas,TX,75206,15,,,[],,low,"[""Sr. Software Engineer"", ""Software Engineer 3"", ""Senior Test Automation Engineer"", ""Software Engineer III"", ""Senior Systems Developer - Interfaces"", ""Senior Software Engineer"", ""Lead Software Engineer"", ""Software Engineer 2"", ""Lead Software Quality Engineer""]",auto,2026-06-07,2026-06-07
Alpha IT LLC.,LLC,541511,,Plano,TX,75074,15,,,[],,low,"[""Software Engineer"", ""Financial Data Analyst""]",needs_review,2026-06-07,2026-06-07
MAS IT LABS LLC,LLC,541511,,The Colony,TX,75056,15,,,[],,low,"[""Sr Frontend React Engineer"", ""UI Developer"", ""Software Engineer"", ""Software Developer"", ""Web Developer"", ""Data Engineer"", ""Software Developer Engineer II"", ""React Js Developer"", ""SOFTWARE DEVELOPER""]",auto,2026-06-07,2026-06-07
iNetFrame Technologies LLC,LLC,541511,,Frisco,TX,75033,15,,,[],,low,"[""Software Product Developer"", ""Senior Software Developer"", ""Data Scientist for Clinical & Claims Data Analytics"", ""Software Development Engineer"", ""Software Engineer"", ""Software Developer""]",needs_review,2026-06-07,2026-06-07
"NEWBIE SOFT SOLUTIONS, LLC.",LLC,541511,,FRISCO,TX,75034,15,,,[],,low,"[""SOFTWARE DEVELOPER"", ""BI Developer"", ""Network Engineer"", ""SR. BI Developer"", ""TECHNICAL RECRUITER"", ""NETWORK ENGINEER"", ""POWER BI DEVELOPER"", ""D B A"", ""Dot Net Developer"", ""Data Engineer""]",needs_review,2026-06-07,2026-06-07
MAYEE SOLUTIONS LLC,LLC,541511,,Ceder Park,TX,78613,15,,,[],,low,"[""Software Engineer"", ""Biotech Process Engineer"", ""Software Developer"", ""ERP Tax technology Architect""]",auto,2026-06-07,2026-06-07
OpenTeQ Technologies LLC,LLC,541511,,Irving,TX,75038,15,,,[],,low,"[""Senior Java Developer"", ""Senior ETL / SSIS Developer"", ""Guidewire Developer"", ""Technical Lead"", ""Senior SAS Adminstrator"", ""Senior Platform Administrator"", ""Technical Manager"", ""SAS Programmer"", ""Full Stack Developer"", ""Cloud and DevOps Architect"", ""Big Data Developer"", ""Software Development Engineer"", ""Senior VOIP Engineer"", ""Senior QA Analyst/Test Manager"", ""Computer Programmer""]",needs_review,2026-06-07,2026-06-07
"ADVANCED ROBOTICS GROUP, LLC",LLC,5415,,HOUSTON,TX,77054,15,,,[],,low,"[""SOFTWARE DEVELOPER"", ""ROBOTICS SOFTWARE DEVELOPER"", ""ROBOTICS ENGINEER"", ""ROBOTICS SOFTWARE ENGINEER"", ""SENIOR SOFTWARE DEVELOPER"", ""DATA ENGINEER"", ""SOFTWARE ENGINEER"", ""Business Analyst""]",auto,2026-06-07,2026-06-07
ERP LOGIC LLC,LLC,541512,,COPPELL,TX,75019,15,,,[],,low,"[""COMPUTER SYSTEMS ANALYST"", ""Information Technology Project Manager"", ""Computer Systems Analyst"", ""Computer System Analyst"", ""Software Developer"", ""Senior SAP Developer"", ""Sr. Business/Quality Analyst"", ""Senior Application Consultant"", ""Senior Solution Architect"", ""Sr. SAP GRC Consultant"", ""SAC Consultant""]",auto,2026-06-07,2026-06-07
INNOVATE SOFT LLC,LLC,541511,,IRVING,TX,75063,15,,,[],,low,"[""Storage System Administrator"", ""Business Analyst"", ""Network/Data Center Engineer"", ""Software Developer"", ""Data Analyst"", ""Senior Principal Engineer, TLCP"", ""Software Engineer""]",auto,2026-06-07,2026-06-07
"CSS International, LLC d.b.a. ArganoCSS",LLC,541519,,Plano,TX,75093,15,,,[],,low,"[""Lead Consultant"", ""Senior Consultant"", ""Principal Consultant - Client Services"", ""Project Manager"", ""Sr. Consultant"", ""CSS Oracle Cloud Delivery Architect"", ""Director - Delivery"", ""Oracle Cloud Technical Consultant"", ""Principal Consultant""]",auto,2026-06-07,2026-06-07
New Origin Technologies LLC,LLC,541511,,Dallas,TX,75243,15,,,[],,low,"[""Software Engineer"", ""Software Developer"", ""Data engineer"", ""Systems Engineer"", ""Senior Software Engineer"", ""QA Engineer"", ""Automation Test Architect/ senior Software Engineer"", ""Cloud Security and Compliance Engineer""]",auto,2026-06-07,2026-06-07
BTFPRO LLC,LLC,541511,,Mckinney,TX,75069,15,,,[],,low,"[""DevOps Engineer"", ""Java Programmer/Developer"", ""Java Developer"", ""JAVA FULL STACK DEVELOPER"", ""Full Stack Java Developer"", "".NET FULL STACK DEVELOPER"", ""Software Development Engineer"", ""JAVA FULL-STACK DEVELOPER""]",auto,2026-06-07,2026-06-07
NCloud IT Resourses LLC,LLC,541511,,Plano,TX,75023,15,,,[],,low,"[""JAVA FULL STACK DEVELOPER"", ""SOFTWARE DEVELOPER"", ""Java Developer"", ""Software Developer"", ""Product Manager"", ""Business Data Analyst"", ""Validation Engineer""]",auto,2026-06-07,2026-06-07
Alephys LLC,LLC,54151,,Houston,TX,77077,15,,,[],,low,"[""Computer Systems Architect"", ""Solutions Architect"", ""Associate Solutions Architect"", ""Senior Systems Architect"", ""Senior Software Engineer""]",auto,2026-06-07,2026-06-07
"K2View, LLC",LLC,541511,,Plano,TX,75024,15,,,[],,low,"[""COE Expert"", ""K2View, LLC"", ""Software Developer, COE Expert"", ""COE Technical Lead"", ""Technical Account Manager (TAM)"", ""Software Implementer"", ""Customer Business Executive (CBE)"", ""Solution Architect"", ""Staff POT Engineer"", ""Software Engineer""]",auto,2026-06-07,2026-06-07
LOGIXHUB LLC,LLC,541511,,IRVING,TX,75062,15,,,[],,low,"[""SOFTWARE DEVELOPER"", ""DATABASE ADMINISTRATOR"", ""Software Developer""]",auto,2026-06-07,2026-06-07
"Nubes Opus, LLC",LLC,541512,,Kansas City,MO,64105,15,,,[],,low,"[""Lead Automation Engineer"", ""Lead Developer"", ""Senior Software Engineer"", ""Programmer Analyst"", ""Senior Developer"", ""Senior Software Programmer"", ""Lead Programmer""]",auto,2026-06-07,2026-06-07
Adaptive Technology Insights LLC,LLC,5415,,St. Louis,MO,63141,15,,,[],,low,"[""Senior Developer"", ""Senior Software Engineer"", ""Senior Developer/Consultant"", ""Software Engineer"", ""Sr. DevOps Engineer"", ""Sr. Software Engineer""]",auto,2026-06-07,2026-06-07
"TimeClock Plus, LLC.",LLC,511210,,San Angelo,TX,76904,16,,,[],,low,"[""Dev Ops"", ""Financial Analyst"", ""Software Engineer II"", ""Software Engineer"", ""Cybersecurity Engineer"", ""Software Engineer II - Front"", ""Product Marketing Manager, Scheduling"", ""VP of Engineering"", ""Software Engineer IV""]",auto,2026-06-07,2026-06-07
FireEye Security Holdings US LLC,LLC,541519,,Plano,TX,75024,16,,,[],,low,"[""Senior Software Developer in Test (21087.18)"", ""Senior Software Developer in Test (21087.20.4)"", ""Senior Quality Assurance Engineer(21087.35.4)"", ""Principle Engineer, Software Development (21087.50.5)"", ""Sr. Software Development Engineer in Test(21087.35.4)"", ""Sr Software Engineering Mgr (21087.42.5)"", ""Full Stack Developer"", ""Sr Staff, Technical Lead SW QA"", ""Senior Engineering Manager"", ""Senior CI/CD Automation Engineer (21087.33)"", ""Engineer, SW QA, Principal (21087.24)"", ""Principal Engineer, Software Development"", ""Engineer, Dev, Staff"", ""Senior Networking Engineer"", ""Manager, Research Science (21087.28.5)"", ""Engineer, SW QA, Sr Staff""]",needs_review,2026-06-07,2026-06-07
GTECH LLC,LLC,541511,,COPPELL,TX,75019,16,,,[],,low,"[""RF Engineer"", ""Senior Software Developer"", ""Network Engineer"", ""Software Developer"", ""Software Engineer"", ""Project Manager"", ""Data Analyst"", ""Telecom Engineer""]",auto,2026-06-07,2026-06-07
Octohub Technology LLC,LLC,541511,,Austin,TX,78745,16,,,[],,low,"[""PYTHON DEVELOPER"", ""SYSTEMS ENGINEER"", ""BUSINESS INTELLIGENCE ANALYST"", ""SR. SOFTWARE DEVELOPER"", ""SR. DEV OPS ENGINEER"", ""Data Analyst"", ""Quality Assurance Engineer"", ""Data Scientist""]",needs_review,2026-06-07,2026-06-07
WORKSTAM LLC,LLC,541511,,Irving,TX,75038,16,,,[],,low,"[""Software Developer"", ""Information Security Analyst"", ""IT Project Manager""]",auto,2026-06-07,2026-06-07
Parinama LLC,LLC,541511,,Leander,TX,78641,16,,,[],,low,"[""Software Developer"", ""Computer Systems Analyst"", ""Information Technology Project Manager"", ""Software Developers"", ""IT Project Manager"", ""Computer Systems Analysts""]",auto,2026-06-07,2026-06-07
Glassdoor LLC,LLC,519130,,Austin,TX,78701,16,,,[],,low,"[""Data Scientist, Employer Brand/GTM"", ""Senior Security Engineer"", ""Lead Software Engineer"", ""Staff Software Engineer"", ""Sr. Data Analyst, Sales Operations"", ""Sr. Product Designer"", ""Senior DevOps Engineer, Core"", ""Data Scientist"", ""Staff Test Engineer"", ""Senior Sales Operations Analyst"", ""Staff Machine Learning Engineer"", ""Data Scientist, Decision Scientist""]",auto,2026-06-07,2026-06-07
Ambright Tech LLC,LLC,541511,,McKinney,TX,75070,16,,,[],,low,"[""Software Engineer"", ""DevOps Engineer"", ""Senior Data Engineer""]",auto,2026-06-07,2026-06-07
ALDATATECH LLC,LLC,541511,,Dallas,TX,75231,16,,,[],,low,"[""Data Engineer"", ""Software Engineer"", ""Go lang Developer / FHIR Backend Developer."", ""Azure DevOps Engineer"", ""Azure DevOps engineer/Site reliability Engineer""]",auto,2026-06-07,2026-06-07
VSTRS LLC DBA TekGlobal,LLC,54151,,Cypress,TX,77429,16,,,[],,low,"[""Technical Consultant"", ""SAP ABAP Consultant"", ""SAP MM Consultant"", ""SAP PP & Manufacturing Consultant"", ""SAP FICO consultant"", ""SAP OTC Solution Architect"", ""SAP FICO Consultant"", ""SAP SCM Consultant"", ""SAP ISU Consultant"", ""SAP EWM Consultant"", ""Senior SAP Basis and BTP Architect"", ""Software Engineer""]",auto,2026-06-07,2026-06-07
POMMALA LLC,LLC,541511,,Irving,TX,75038,16,,,[],,low,"[""Informatica Developer"", ""SAP BASIS and Hana Consultant"", ""Devops Engineer"", ""Software Developer"", ""Business Analyst"", ""Information Security Engineer"", ""IT Director"", ""Computer Systems Analyst""]",auto,2026-06-07,2026-06-07
AUTOMATION TECHNOLOGIES LLC,LLC,541511,,DUNCANVILLE,TX,75116-4931,16,,,[],,low,"[""DATA ANALYST"", ""SR. DATA ANALYST"", ""BUSINESS ANALYST"", ""DEVOPS ENGINEER"", ""SENIOR ENGINEERING AI RECRUITER"", ""MACHINE LEARNING ENGINEER"", ""BUSINESS SYSTEMS ANALYST"", ""MICROSOFT DYNAMICS DEVELOPER"", ""PYTHON DEVELOPER"", ""SYSTEM ANALYST TECHNICAL"", ""SENIOR TECHNICAL CONSULTANT""]",auto,2026-06-07,2026-06-07
First Genix LLC,LLC,541511,,Irving,TX,75039,16,,,[],,low,"[""Software Developer"", ""Business Analyst"", ""IOS Developer"", ""Cyber Security Engineer"", ""Devops Engineer - II"", ""QA Engineer"", "".NET Developer"", ""iOS Developer"", ""Automation QA Engineer"", ""QA Automation Tester"", ""Database Administrator""]",auto,2026-06-07,2026-06-07
BLOCKCHAIN TECHNOLOGIES LLC,LLC,541511,,DUNCANVILLE,TX,75116-4515,16,,,[],,low,"[""APPLICATION DEVELOPER"", ""SENIOR SOFTWARE ENGINEER"", ""SR. PRODUCT ANALYST"", ""SR. DATA ENGINEER"", ""TECHNICAL PROJECT MANAGER"", ""DATA ENGINEER"", ""CONTROLS ENGINEER"", ""QUALITY ENGINEER"", ""JAVA API DEVELOPER"", ""DATA INGESTION ANALYST"", ""JAVA DEVELOPER"", ""DEVOPS ENGINEER"", ""SOFTWARE DEVELOPER""]",auto,2026-06-07,2026-06-07
YES WE GROUP LLC,LLC,54151,,DALLAS,TX,75240,16,,,[],,low,"[""SR SOFTWARE DEVELOPER"", ""SOFTWARE DEVELOPER"", ""Software Consultant"", ""SENIOR SOFTWARE ENGINEER"", ""JAVA DEVELOPER"", ""Software Developer"", ""Database Administrator"", ""RPA Blue Prism Lead Developer"", ""Data Engineer"", ""Database Admin"", ""Software Engineer""]",auto,2026-06-07,2026-06-07
Trugit LLC,LLC,541511,,Irving,TX,75062,16,,,[],,low,"[""Software Developer"", ""Deals Operational Lead"", ""Sofware Developer"", ""SW Developer"", ""Sales Engineer"", ""Systems Engineer"", ""Network and Computer Systems Administrators""]",auto,2026-06-07,2026-06-07
Active Cyber LLC,LLC,541511,,Dallas,TX,75248,16,,,[],,low,"[""Technical Lead - Information Security Analysis"", ""Technical Lead - Software Applications Development"", ""SOFTWARE APPLICATIONS DEVELOPER"", ""Sr. Workday Adaptive Consultant/Lead"", ""Senior OKTA Technical Consultant"", ""Operations Research Analyst"", ""Software Developer"", ""IT Project Manager"", ""Technical Lead-Information Security Analysis"", ""Software Applications Developer"", ""IT Project Manager (Associate Consultant)""]",auto,2026-06-07,2026-06-07
RECODE SOLUTIONS LLC,LLC,541512,,HOUSTON,TX,77042,17,,,[],,low,"[""IT PROJECT LEAD-III"", ""Sr. Software Engineer"", ""Software Engineer"", ""Technical Architect"", ""Project Manager"", ""Test Engineer"", ""Principal Data Scientist"", ""Technical Lead"", ""Porgram Manager"", ""Solution Architect"", ""Technical Analyst"", ""Quality Auditor"", ""Program Manager""]",needs_review,2026-06-07,2026-06-07
Indigo Beam LLC,LLC,541512,,Houston,TX,77042,17,,,[],,low,"[""Senior GIS Developer"", ""GIS Technologist"", ""Senior Data Warehouse Architect"", ""Senior GIS Technologist"", ""Project Manager"", ""Principal Consultant"", ""DATA ENGINEER"", ""BUSINESS ANALYST"", ""SENIOR CONSULTANT"", ""GIS ARCHITECT"", ""Senior Consultant"", ""Data Scientist"", ""Data Engineer""]",auto,2026-06-07,2026-06-07
Versaflair LLC,LLC,541511,,Plano,TX,75024,17,,,[],,low,"[""Dot Net Developer"", ""DevOps Engineer"", ""DOT Net Developer"", ""Business Analyst"", ""Senior Consultant"", ""Consultant - Data Analytics"", ""Consultant"", ""Consultant III"", ""Software Developer"", ""Technical Product Owner"", ""Software Development Engineer in Test""]",auto,2026-06-07,2026-06-07
"WINTECSOFT,LLC",LLC,541511,,Austin,TX,78767,17,,,[],,low,"[""SOFTWARE ENGINEER""]",auto,2026-06-07,2026-06-07
PinnacleSoft Solutions LLC,LLC,541511,,Cedar park,TX,78613,17,,,[],,low,"[""Data Scientist"", ""Sr. SAS informatica analyst"", ""Data Engineer"", ""DevOps Engineer"", ""DATA ANALYST"", ""System Engineer"", ""ReactNative Developer"", ""Cloud Engineer""]",auto,2026-06-07,2026-06-07
PEACHES AND PLATINUM LLC,LLC,541512,,LEWISVILLE,TX,75067,17,,,[],,low,"[""Business Development Manager"", ""Business Analyst"", ""IT Support Analyst"", ""Business Development Analyst"", ""Senior Finance Analyst"", ""Technical Communications Analyst"", ""Technical Operations Manager"", ""Infrastructure Systems Specialist"", ""Finance Analyst"", ""Marketing & Communication Analyst"", ""CLOUD DEVOPS ENGINEER"", ""Technical Training Manager""]",auto,2026-06-07,2026-06-07
"EMETRIC, LLC",LLC,541519,,SAN ANTONIO,TX,78232,17,,,[],,low,"[""Database Administrator"", ""Software Engineer"", ""Research Scientist II"", ""Database Analyst II"", ""Systems Analyst"", ""Database Developer"", ""Software Engineer II"", ""Database Architect"", ""Technology Manager \u2013 Service Delivery"", ""Senior Software Engineer"", ""Senior Systems Analyst"", ""Database Manager""]",auto,2026-06-07,2026-06-07
SSH CLOUD IT SOLUTIONS LLC,LLC,5415,,Dallas,TX,75234,17,,,[],,low,"[""Software Developer"", ""Software Engineer"", ""DevOps Engineer"", ""DevOPs Engineer""]",auto,2026-06-07,2026-06-07
Icloudteq LLC,LLC,541511,,Houston,TX,77036,17,,,[],,low,"[""Software Engineer"", ""Security Engineer"", ""QA Automation Engineer"", ""Lead network security engineer"", ""Software Test Engineer"", ""NetSuite Functional Consultant"", ""Clinical Data Programmer"", ""Application Engineer"", ""Software development  Engineer in Test 2"", ""SOFTWARE ENGINEER""]",auto,2026-06-07,2026-06-07
GLANSA LLC,LLC,541511,,GRAPEVINE,TX,76051,17,,,[],,low,"[""SOFTWARE DEVELOPER"", ""SOFTWARE ENGINEER"", ""DATA ANALYST"", ""SALESFORCE SOLUTION ARCHITECT"", ""SENIOR CONVERSATION DESIGNER""]",auto,2026-06-07,2026-06-07
Adaptis LLC,LLC,541511,,Houston,TX,77058,17,,,[],,low,"[""Software Developer"", ""NETWORK ENGINEER"", ""SOFTWARE ENGINEER"", ""BI Developer"", ""Software  Developer"", ""SOFTWARE DEVELOPER"", ""Java Developer""]",auto,2026-06-07,2026-06-07
"Topaz Labs, LLC",LLC,541511,,Dallas,TX,75254,17,,,[],,low,"[""Deep Learning Researcher"", ""Software Engineer"", ""Senior Research Scientist"", ""Product Designer"", ""Sr. Deep Learning Researcher"", ""Senior Software Engineer""]",auto,2026-06-07,2026-06-07
KMinds LLC,LLC,541511,,Houston,TX,77057,17,,,[],,low,"[""Software Developer"", ""SOFTWARE DEVELOPER""]",auto,2026-06-07,2026-06-07
VCloud Global LLC,LLC,541511,,Frisco,TX,75034,17,,,[],,low,"[""Software Engineer"", ""Software Engineer\\Systems Engineer"", ""Infrastructure Engineer"", ""Software Developer"", ""Database Engineer"", ""RF Engineer"", ""Software Developer (Java Developer)""]",auto,2026-06-07,2026-06-07
TetriQ Solutions LLC,LLC,541511,,Carrollton,TX,75006,17,,,[],,low,"[""Software Engineer"", ""ADVANCED SOFTWARE ENGINEER"", ""DATA SCIENTIST"", ""Senior Software Engineer"", ""Advanced Software Engineer"", ""Sr Android developer"", ""Devops Engineer"", ""ANDROID DEVELOPER"", ""CSV LEAD"", ""Software Developer"", ""Business Analyst""]",auto,2026-06-07,2026-06-07
"Skolix, LLC",LLC,541511,,Plano,TX,75024,17,,,[],,low,"[""Software Developer"", ""Computer Systems Engineer"", ""Systems Engineer"", ""Computer System Analyst"", ""Systems Design Engineer"", ""Engineer, Systems Design"", ""COMPUTER SYSTEMS ENGINEER""]",auto,2026-06-07,2026-06-07
"TEK GLOBAL, LLC.",LLC,541511,,ST. LOUIS,MO,63005,17,,,[],,low,"[""SOFTWARE DEVELOPER"", ""Software Developer"", ""Software Engineer""]",auto,2026-06-07,2026-06-07
"SMARTBRIDGE, LLC",LLC,541519,,Houston,TX,77042,18,,,[],,low,"[""Senior Data Architect"", ""Salesforce Business Analyst"", ""Quality Assurance Analyst"", ""Salesforce Developer"", ""BUSINESS ANALYST"", ""SOFTWARE ARCHITECT"", ""JDE Technical Consultant"", ""APPLICATIONS ENGINEER"", ""JD Edwards Systems Analyst"", ""JD EDWARDS COMPUTER SYSTEMS ANALYST"", ""JD EDWARDS TECHNICAL ANALYST"", ""Software Engineer"", ""Data Engineer"", ""JDE SYSTEMS ANALYST""]",auto,2026-06-07,2026-06-07
IVISH NETWORKS LLC,LLC,541511,,Plano,TX,75024,18,,,[],,low,"[""Sr. Software Developer"", ""SAP Production Planning Consultant"", ""IT Infrastructure Software Quality Analyst (SQA)"", ""Software Engineer"", ""Java Developer"", ""UI Developer"", ""SAP IT Analyst"", ""SAP Systems Analyst"", ""Cloud Engineer"", ""Data Engineer"", ""Full Stack Developer"", ""Software Developer"", ""DATA ENGINEER"", ""Principal Data Scientist""]",auto,2026-06-07,2026-06-07
Yerralpha LLC DBA SMD Technosol,LLC,541511,,Dallas,TX,75254,18,,,[],,low,"[""QA Business Analyst - IV"", ""Computer Systems Engineer"", ""Product Designer"", ""Developer"", ""Technical Lead"", ""Tibco BW Consultant"", ""Enterprise Application Business Analyst"", ""QA Automation Engineer"", ""Oracle HCM Sr Consultant"", ""PeopleSoft Developer"", ""Embedded Software Engineer/ Software integration engineer"", ""Salesforce Automation Engineer"", ""SENIOR SYSTEMS ANALYST""]",auto,2026-06-07,2026-06-07
Indera Group LLC,LLC,541511,,MCKINNEY,TX,75070,18,,,[],,low,"[""Sr Software  Developer"", ""Software  Developer"", ""Software Developer"", ""Senior Software  Developer"", ""SOFTWARE DEVELOPER"", ""Technical Business Analyst""]",auto,2026-06-07,2026-06-07
TekieHUB LLC,LLC,541511,,Dallas,TX,75238,18,,,[],,low,"[""SAP ABAP Consultant"", ""Sr.Software Engineer"", ""Data Migration Developer"", ""Robotic Process Automation - Business Analyst"", ""Database Developer"", ""Software Engineer"", ""Software Developer"", ""Data Design Engineer"", ""SAP TM Functional Lead / SAP TM Functional Consultant"", ""DevOps Engineer"", ""Data Analyst"", ""Software Quality Engineer"", ""Sr System Engineer"", ""PROGRAM MANAGER""]",auto,2026-06-07,2026-06-07
8Elements Technologies LLC,LLC,541511,,Allen,TX,75002,18,,,[],,low,"[""Senior Engineer"", ""System Analyst"", ""System Engineer"", ""Senior Quality Assurance Engineer"", ""Senior Test Engineer"", ""Software Quality Analyst"", ""Quality Assurance Engineer"", ""Java Developer"", ""Software Engineer"", ""Information Security Engineer"", ""Systems Analyst"", ""Cyber Security Engineer"", ""Senior Technical Consultant"", ""SAP FICO Tester""]",auto,2026-06-07,2026-06-07
"Zigatta, LLC",LLC,541511,,Frisco,TX,75034,18,,,[],,low,"[""Product Architect"", ""Software Engineer in Test Consultant-TCDS"", ""Senior Technical Program Manager"", ""Senior Data Engineer"", ""SDET/QA Engineer"", ""Sr. Test Automation Engineer"", ""Software Development Engineer In Test (SDET)"", ""Mid Data Science Engineer"", ""Senior Performance Engineer"", ""Senior Software Engineer"", ""SR. QA Automation Engineer"", ""Test Engineer""]",auto,2026-06-07,2026-06-07
SAGEMCOM USA LLC,LLC,541519,,DALLAS,TX,75254,18,,,[],,low,"[""Embedded Software Engineer"", ""Software Developer"", ""EMBEDDED SYSTEMS ENGINEER"", ""Field Application Engineer"", ""Supply Chain Analyst"", ""Supply Chain Anayst"", ""Validation Engineer"", ""Embedded Software Developer in R&D"", ""Network Device QA Engineer"", ""Software Engineer Manager"", ""RDK-B Architect""]",auto,2026-06-07,2026-06-07
pSOLV LLC,LLC,511210,,Dallas,TX,75252,18,,,[],,low,"[""Data Engineer"", ""Lead Data Engineer/Architect"", ""Senior Data Engineer"", ""Data Architect"", ""Lead Data Engineer""]",auto,2026-06-07,2026-06-07
"AffiniPay, LLC",LLC,541511,,Austin,TX,78746,19,,,[],,low,"[""Senior Software Engineer"", ""Software Engineer"", ""Associate UX Designer"", ""Data Engineer- Level 3"", ""Software Engineer - Level 3"", ""Software Engineer - Level 2"", ""Software Engineer - Level3"", ""Software Engineer - Level 4"", ""Software Engineer, Level 5"", ""Software Engineer, Level 2"", ""Account Executive"", ""Data Analyst, Level 4""]",auto,2026-06-07,2026-06-07
"Techstack Systems, LLC",LLC,541512,,Fort Worth,TX,76052,19,,,[],,low,"[""Scrum Master"", ""Software Quality Assurance Engineer"", ""System Engineer"", ""Software Developer"", ""Systems Consultant"", ""Data Analyst"", ""Software Engineer"", ""QA Engineer"", ""Systems Engineer""]",auto,2026-06-07,2026-06-07
DXC Technology Services LLC,LLC,541511,,Plano,TX,75024,19,,,[],,low,"[""Advisor System Development"", ""Professional Information Design Engineer"", ""Professional Solution Architect"", ""Professional Database Administrator"", ""Advisor Solution Architect"", ""PROFESSIONAL PROGAMMER ANALYST"", ""Advisor System Engineer"", ""Senior RF Manager"", ""RFID ENGINEER"", ""RFID Engineer"", ""Sr RF Manager"", ""Software Developer"", ""Sr. Software Developer"", ""Recruitment Specialist""]",needs_review,2026-06-07,2026-06-07
"DEEP TECH PIONEERS, LLC.",LLC,541511,,FRISCO,TX,75034,19,,,[],,low,"[""SAP CONSULTANT"", ""Software Developer"", ""VLSI Engineer"", ""SAP Consultant"", ""DEVOPS ENGINEER"", ""Program Manager"", ""Software Engineer"", ""BAS Engineer"", ""DevOps Engineer""]",auto,2026-06-07,2026-06-07
LEADING TORCH LLC,LLC,54151,,PLANO,TX,75024,19,,,[],,low,"[""Enterprise Big Data/MDM Architect"", ""Automation Developer"", ""Data Engineer/Cloud Architect"", ""Cloud Data Engineer"", ""Tech Manager and Solution Architect"", ""Project Lead / Sr. Azure Cloud Solution Developer"", ""Data Engineer"", ""Data/DevOps Engineer"", ""Sr. Manager and Solution Architect"", ""Sr. Manager and Enterprise Data Architect"", ""ETL and BI Engineer"", ""Senior Data Engineer/Cloud Architect"", ""Senior Data/DevOps Engineer"", ""Technical Project Manager/Senior Cloud Developer"", ""ETL Specialist/Developer"", ""Senior Cloud Solution Developer/Project Lead""]",auto,2026-06-07,2026-06-07
USSoft LLC,LLC,541511,,Irving,TX,75039,19,,,[],,low,"[""Software Developer"", ""Sr. System Administrator"", ""Software Engineer II"", ""Software Development Test Engineer"", ""Sr.Software Engineer""]",auto,2026-06-07,2026-06-07
SVCUBE LLC,LLC,541511,,Richardson,TX,75081,19,,,[],,low,"[""Sr RPA Developer"", ""Software Engineer"", ""Data Analyst"", ""Software Developer"", ""RPA Developer"", ""Staff Data Engineer"", ""Senior Business Intelligence Engineer""]",auto,2026-06-07,2026-06-07
SightSpectrum LLC,LLC,541511,,Crowley,TX,76036,19,,,[],,low,"[""Data Warehousing Specialists"", ""Computer Systems Engineers/Architects"", ""Business Intelligence Analysts"", ""Database Administrators"", ""Software Developers"", ""Database Architects"", ""Web Developers"", ""Computer Programmers"", ""Computer Systems Analysts""]",auto,2026-06-07,2026-06-07
GEARBOX SOFTWARE LLC,LLC,511210,,FRISCO,TX,75034,19,,,[],,low,"[""Concept Artist"", ""Associate Game Designer"", ""Senior Level Designer"", ""Senior Game Designer"", ""Associate DevOps"", ""Generalist Programmer"", ""Graphics Programmer"", ""Associate Level Designer"", ""Associate Producer"", ""Associate VFX Artist""]",auto,2026-06-07,2026-06-07
OPTIMUS UNIT LLC,LLC,541512,,FRISCO,TX,75035,19,,,[],,low,"[""Software Quality Assurance Engineer"", ""Software Engineer"", ""Data Engineer"", ""Software Developer"", ""Human Resources Specialist"", ""QA Engineer - Networks"", ""CRM Product Owner / Business Systems Analyst"", ""Software Application Developer - Workfront""]",auto,2026-06-07,2026-06-07
Turing IT LAB LLC,LLC,541511,,Irving,TX,75062,19,,,[],,low,"[""Software Developer"", ""AWS Engineer"", ""ETL Developer"", ""Business System Analyst"", ""Devops Engineer"", ""Python Developer"", ""SAP Consultant"", ""DevOps Engineer"", ""Workday Analyst""]",auto,2026-06-07,2026-06-07
ARYAN IT AND FINANCIAL SOLUTIONS LLC,LLC,541511,,ST. CHARLES,MO,63304,19,,,[],,low,"[""Azure DevOps Engineer"", ""Software Developer"", ""SOFTWARE DEVELOPER - AEM"", ""Azure Cloud Engineer"", ""SOFTWARE DEVELOPER - JAVA"", ""SOFTWARE DEVELOPER - BI"", ""SOFTWARE DEVELOPER"", ""TECHNICAL LEAD DEVELOPER"", ""POWER BI DEVELOPER"", ""LEAD DEVELOPER"", ""SOFTWARE DEVELOPER- SAP"", ""SR. SOFTWARE DEVELOPER"", ""SOFTWARE DEVELOPER-JIRA"", ""SOFTWARE ENGINEER"", ""SR. CLOUD NETWORK ENGINEER"", ""SOFTWARE DEVELOPER - AI""]",auto,2026-06-07,2026-06-07
INFOREVA LLC,LLC,541511,,Southlake,TX,76092,20,,,[],false,low,"[""Software Engineer"", ""Data Engineer"", ""Sr. Scheduling Analyst"", ""Sr. Software Engineer"", ""Power BI Developer"", ""Business Analyst"", ""Software Developer"", ""Business Systems Analyst""]",auto,2026-06-07,2026-06-07
Cyber System Technologies LLC,LLC,541512,,Richardson,TX,75081,20,,,[],false,low,"[""Big data developer"", ""Systems Engineer"", ""Systems Analyst"", ""System Analyst"", ""Analyst"", ""Senior Dev. Ops Engineer"", ""Sr. Performance Engineer"", ""Senior Performance Engineer"", ""Senior Software Engineer""]",needs_review,2026-06-07,2026-06-07
Vensa Tek LLC,LLC,541511,,McKinney,TX,75070,20,,,[],false,low,"[""SQL Database Administrator"", ""Programmer Analyst"", ""Computer Programmer"", ""Data analyst"", ""Business Analyst"", ""Functional Test Lead(Railway Domain)"", ""Technical Lead"", ""Quality Assurance Engineering"", ""Data Analyst"", ""Embedded C-plus plus Developer"", ""Java Developer""]",auto,2026-06-07,2026-06-07
IDETASYSTEMS LLC,LLC,541511,,Round Rock,TX,78681,20,,,[],false,low,"[""Data Engineer"", ""Functional ETL/QA Analyst"", ""Engineer II Premium"", ""FPGA Engineer"", ""AWS Enterprise Architect"", ""Data Modeller"", ""Project Manager"", ""Associate Software Engineer"", ""Market Research Analyst"", ""Software Engineer III"", ""Technical Support Analyst"", ""Systems Analyst"", ""Oracle BI Publisher/Application Support Analyst II"", ""Sytems Engineer/Analyst"", ""ETL QA Tester"", ""Product Manager""]",auto,2026-06-07,2026-06-07
Rapid Tech LLC,LLC,541511,,Frisco,TX,75033,20,,,[],false,low,"[""Software Developer"", ""Data Analyst"", ""Software Developer Engineer in Test"", ""QA Automation Engineer"", ""Data Scientist""]",auto,2026-06-07,2026-06-07
AHTAP LLC,LLC,541511,,Irving,TX,75038,20,,,[],false,low,"[""Data Engineer"", ""Salesforce Developer"", ""Software Developer"", ""Sr. DevOps Engineer"", ""Data Scientist"", ""Software Engineer"", ""SOC Analyst"", ""Big Data Architect"", ""Java Developer"", ""Senior Data Engineer"", ""Cybersecurity Automation Engineer"", ""Mobile Automation Developer"", ""Senior Software Developer""]",auto,2026-06-07,2026-06-07
RS DRAGON TECHNOLOGIES LLC,LLC,541511,,DALLAS,TX,75234,20,,,[],false,low,"[""SOFTWARE DEVELOPER"", ""SITE RELIABILITY ENGINEER"", ""DATA SCIENTIST"", ""BUSINESS ANALYST"", ""Data Engineer /Analyst"", ""SOFTWARE DEVELOPMENT ENGINEER""]",auto,2026-06-07,2026-06-07
"Augusta Hitech Soft Solutions, LLC",LLC,541511,,Plano,TX,75024,20,,,[],false,low,"[""iOS/Flutter Developer"", ""Senior Business Analyst"", ""Node Full Stack Engineer"", ""Java Full Stack Engineer"", ""Software Developer"", ""Software Engineer"", ""Cloud DevOPs Engineer"", ""Senior Data Science Engineer"", ""Full Stack Developer"", "".Net Developer"", ""Java Developer""]",auto,2026-06-07,2026-06-07
Stacktrace LLC,LLC,541511,,Farmers Branch,TX,75234,20,,,[],false,low,"[""Software Developer III"", ""Senior DevOps Engineer"", ""DevOps Engineer"", ""Software Developer II"", ""Senior Software Engineer"", ""Cloud Architect"", ""Software Application Developer"", ""Software Developer"", ""Software Engineer""]",auto,2026-06-07,2026-06-07
"Credence Technologies, LLC.",LLC,541511,,Ballwin,MO,63011,20,,,[],false,low,"[""Computer Systems Analyst"", ""Software Systems Engineer"", ""Software Developer, Systems Software"", ""Data Analyst"", ""Machine Learning Engineer"", ""Director, Platform Analysts"", ""Director, Data & Analytics"", ""Senior Platform Representative""]",needs_review,2026-06-07,2026-06-07
RAYS IT TECH LLC,LLC,541511,,FARMERS BRANCH,TX,75234,21,,,[],false,low,"[""SOFTWARE ENGINEER"", ""Software Engineer"", ""QA Engineer""]",auto,2026-06-07,2026-06-07
Prime Data Soft LLC,LLC,541511,,Dallas,TX,75252,21,,,[],false,low,"[""Software Developer"", ""Senior DevOps Engineer"", ""ServiceNow Developer"", ""DATA ANALYST / SOFTWARE ENGINEER"", ""DATA ANALYST/SOFTWARE ENGINEER"", ""System Analyst"", ""DevOps System Engineer"", ""Java Developer"", ""Salesforce Developer"", ""IOS Developer"", ""Sr. Full Stack Developer"", ""Java Spark App Developer""]",needs_review,2026-06-07,2026-06-07
Ixmules LLC,LLC,541511,,Addison,TX,75001,21,,,[],false,low,"[""Software Developer"", ""Database Administrator"", ""Computer System Architect"", ""Quality Assurance Analyst"", ""QA Analyst"", ""Computer Systems Engineer"", ""QA Engineer"", ""Data Analyst"", "".Net Developer""]",auto,2026-06-07,2026-06-07
VISYS CLOUD SOLUTIONS LLC,LLC,541511,,McKinney,TX,75070,21,,,[],false,low,"[""project manager"", ""Business Analyst"", ""Quality Engineer"", ""Java Developer"", ""DEVOPS ENGINEER"", ""Cloud Analytics Engineer"", ""CLOUD APPLICATION DEVELOPER"", ""AGILE SCRUM MASTER"", ""Cloud Infrastructure Engineer"", ""SOFTWARE ENGINEER"", ""SOFTWARE TESTER"", ""DATA ENGINEER"", ""Lead Cloud & Automation Engineer""]",auto,2026-06-07,2026-06-07
"NB Alpha Omega, LLC",LLC,541511,,Frisco,TX,75035,21,,,[],false,low,"[""Software Developer"", ""Java Developer"", ""Data Engineer"", ""Automation Architect"", ""Quality Engineer"", ""Software Engineer"", ""Data Analyst"", ""Senior Technical Manager""]",auto,2026-06-07,2026-06-07
"Chemintech, LLC.",LLC,541511,,Plano,TX,75074,21,,,[],false,low,"[""Data Analyst"", ""Financial Analyst"", ""SAP Hana Consultant"", ""UI Developer"", ""Software Developer"", ""SAP HANA Consultant"", ""Software Engineer"", ""Data scientist"", ""Computer Systems Analyst"", ""Java Fullstack Developer"", ""DevOps Engineer"", ""Business Development Manager"", ""SAP EWM Consultant"", ""Test Engineer"", ""IT Project Manager"", ""Senior ETL Developer"", ""Java Full Stack Developer"", ""Cloud/DevOps Solutions Architect""]",auto,2026-06-07,2026-06-07
SKY PARTNERS LLC,LLC,541511,,Houston,TX,77070,21,,,[],false,low,"[""Software Developer, Applications"", ""Software Engineer"", ""IT Project Manager"", ""SOFTWARE DEVELOPER"", ""SOFTWARE DEVELOPMENT ENGINEER IN TEST"", ""NETWORK ENGINEER"", ""SOFTWARE ENGINEER"", ""SNOWFLAKE ENGINEER"", ""BUSINESS ANALYST""]",auto,2026-06-07,2026-06-07
TECH ORBIT LLC,LLC,541511,,McKinney,TX,75070,21,,,[],false,low,"[""SAP Consultant"", ""Java Developer"", ""QA Analyst"", ""Scrum Master"", ""System Administrator"", ""RPA Consultant"", ""UI Developer"", ""Oracle Apps Consultant"", ""Data Engineer"", "".NET Developer"", ""BI Analyst"", ""Release Coordinator"", ""Data Engineer - Junior""]",auto,2026-06-07,2026-06-07
GENESIS INFORMATION TECHNOLOGY & SERVICES LLC,LLC,541511,,Irving,TX,75039,21,,,[],false,low,"[""SAP ANALYTICS CLOUD SOLUTION ARCHITECT"", ""AWS Solution Architect"", ""Senior Test Engineer"", ""Data Engineer/ System Data Analyst"", ""Technology Architect"", ""Technical Solution Architect"", ""SAP Solutions Architect"", ""SAP BASIS Consultant"", ""QA Automation Engineer"", ""DataStage Administrator"", ""Project Manager"", ""QA Automation Senior Engineer"", ""Senior Development Lead"", ""Data Scientist / ML Engineer"", ""Technical Lead"", ""Senior Technical Lead Services"", ""Software Engineer""]",auto,2026-06-07,2026-06-07
UberTejas  LLC,LLC,541511,,Lewisville,TX,75067,21,,,[],false,low,"[""Software Developer"", ""Network and Computer Administrator"", ""Network Engineer"", ""Business Analyst I"", ""Software Architect"", ""Cloud Network Architect"", ""Data Scientist"", ""Operations Research Analyst"", ""Information Security Analyst"", ""Logistics Engineer"", ""Software Engineer"", ""Business Analyst 1""]",auto,2026-06-07,2026-06-07
Grow Softwares LLC,LLC,541511,,The Colony,TX,75056,21,,,[],false,low,"[""Data Scientist"", ""UI Developer"", ""Java / React Developer"", "".Net Developer"", ""Software Developer"", ""UI DEVELOPER"", ""UI/React Developer"", ""Software Engineer"", ""Application Developer"", ""Software Developer(UI Developer)"", ""Appian Developer"", ""Network Engineer""]",auto,2026-06-07,2026-06-07
"HungerRush, LLC",LLC,541512,,Houston,TX,77043,21,,,[],false,low,"[""Sr. DevOps Engineer"", ""Director - Data Science"", ""Senior Software Engineer"", ""Software Developer"", ""Financial Planning & Analytics Manager"", ""Software Developer - Chatbot"", ""Inventory Manager"", ""Software Engineering Manager"", ""Manager - Customer Success"", ""Sr Software Engineer"", ""Software Engineer"", ""Vice President, Product Management"", ""Manager, Engineering"", ""Senior Software Engineer II"", ""Software Engineer II"", ""Senior Software Engineer I""]",auto,2026-06-07,2026-06-07
VALOREM LLC,LLC,541511,,KANSAS CITY,MO,64108,21,,,[],false,low,"[""Solutions Architect"", ""Enterprise IT Administrator"", ""Lead Software Engineer"", ""Software Engineer II"", ""UX/UI Designer"", ""Project Manager"", ""Manager, Data  AI"", ""AI Engineer III"", ""Engineering Manager"", ""Digital Insights Consultant (internally Sr. Consultant II)"", ""Data Strategy Lead""]",auto,2026-06-07,2026-06-07
OPEN MIND SOLUTIONS LLC.,LLC,541519,,HOUSTON,TX,77002,22,,,[],false,low,"[""SOFTWARE DEVELOPER"", ""DATABASE ADMINISTRATOR"", ""QA ENGINEER""]",auto,2026-06-07,2026-06-07
"Endava Solutions, LLC",LLC,541511,,Plano,TX,75024,22,,,[],false,low,"[""Development Lead"", ""Data Consultant"", ""Client Manager (Senior Consultant)"", ""Development Consultant"", ""Senior Developer"", ""Senior Tester"", ""Senior Business Platforms Developer"", ""Senior Development Consultant""]",auto,2026-06-07,2026-06-07
Nexbegin LLC,LLC,541511,,Farmers Branch,TX,75234,22,,,[],false,low,"[""Full Stack Developer"", ""TEST AUTOMATION ENGINEER"", ""Java Full Stack Developer"", ""DevOps ENGINEER"", ""QA Engineer"", ""Enterprise Support Engineer"", ""Full Stack Java Developer"", ""Azure Administrator"", ""SAP SCM PROJECT ARCHITECT"", ""Software Engineer""]",auto,2026-06-07,2026-06-07
PARASMAI SOFTWARE SOLUTIONS LLC,LLC,541511,,Frisco,TX,75034,22,,,[],false,low,"[""Software Developer"", ""Computer Programmer""]",auto,2026-06-07,2026-06-07
EFFINXT LLC,LLC,541511,,PLANO,TX,75024,22,,,[],false,low,"[""Application Packaging Engineer"", ""Software Engineer"", ""SALESFORCE DEVELOPER"", ""Principal Engineer"", ""Technical Consultant""]",auto,2026-06-07,2026-06-07
CAREER QUENCH TECHNOLOGIES LLC,LLC,541511,,IRVING,TX,75063,22,,,[],false,low,"[""SOFTWARE ENGINEER"", ""DIGITAL ANALYTICS DIRECTOR"", ""COMPUTATIONAL URBAN DESIGNER"", ""QUALITY ANALYST"", ""BUSINESS ANALYST"", ""SYSTEMS ANALYST"", ""SENIOR EPI PROGRAMMER"", ""SENIOR STATISTICAL PROGRAMMER"", ""PRODUCT MARKETING MANAGER"", ""SENIOR UX / UI DESIGNER"", ""SAP HCM CONSULTANT"", ""SUPPLY CHAIN BUSINESS ANALYST""]",auto,2026-06-07,2026-06-07
Planet Soft LLC,LLC,54151,,Little Elm,TX,75068,22,,,[],false,low,"[""Software Engineer"", ""DevOps Engineer"", ""Data Engineer"", ""Software Engineer II"", ""Data/Software Engineer""]",auto,2026-06-07,2026-06-07
AMERICAN TECHNOLOGY GROUP LLC,LLC,541511,,DUNCANVILLE,TX,75116-4515,22,,,[],false,low,"[""PRODUCT DEVELOPMENT ENGINEER"", ""GEN AI ENGINEER"", ""SENIOR SALESFORCE DEVELOPER"", ""FINANCIAL ANALYST"", ""SR. PRODUCT ANALYST"", ""SENIOR SOFTWARE ENGINEER \u201c I"", ""SOFTWARE ENGINEER"", ""SOFTWARE DEVELOPER"", ""BUSINESS ANALYST"", ""STERLING JAVA DEVELOPER"", ""VALIDATION ENGINEER CONSULTANT"", ""TABLEAU CONSULTANT"", ""QA ANALYST"", ""DEVOPS ENGINEER"", ""SR DATA ANALYST"", ""DATA ANALYST"", ""QA ENGINEER"", ""ANDROID DEVELOPER"", ""REGULATORY AFFAIRS SPECIALIST III"", ""PROJECT MANAGER""]",auto,2026-06-07,2026-06-07
Teknocrux LLC,LLC,541511,,Farmers Branch,TX,75234,22,,,[],false,low,"[""Systems Analyst"", ""Computer Systems Engineer"", ""Data Engineer"", ""Systems Engineer"", ""Business Analyst"", ""Validation Engineer"", ""Software Engineer"", ""IT Analyst"", ""Software Quality Assurance Analyst"", ""Financial Analyst"", ""IT Consultant"", ""Software Test Engineer""]",auto,2026-06-07,2026-06-07
"Navvis & Company, LLC",LLC,541519,,St. Louis,MO,63141,22,,,[],false,low,"[""Sr. Data Engineer"", ""Clinical Population Health Analyst"", ""Technical Account Manager"", ""Population Health Analytics Technical Engineer"", ""Director, Data Operations"", ""Data Engineer"", ""Director of In-Market Analytics Strategies"", ""Project Coordinator"", ""Sr. Director - Client Partner Success"", ""Healthcare Data Operations Analyst"", ""QA Analyst"", ""Manager, Technical Analytics Insights"", ""Operational Security Analyst"", ""Manager, Care Contiuum Operations""]",auto,2026-06-07,2026-06-07
"TEKGLOBAL, LLC.",LLC,541511,,CHESTERFIELD,MO,63005,22,,,[],false,low,"[""PROGRAM DELIVERY MANAGER"", ""SOFTWARE DEVELOPER"", ""TECHNICAL LEAD"", ""DevOps Engineer"", ""QA Analyst"", ""Software Engineer"", ""Oracle Apps DBA"", ""SAP SD Functional Consultant"", ""Mulesoft Developer"", ""Data Analyst"", ""Power BI Developer""]",auto,2026-06-07,2026-06-07
Domain Experts Group LLC,LLC,541512,,Houston,TX,77074,23,,,[],false,low,"[""Software Developer"", ""Automation Engineer"", ""SAP ERP Consultant"", ""Agile Scrum Master"", ""Senior Java Developer"", ""Program Manager"", ""System Engineer (Devops)"", ""SAP MM Consultant"", ""Sr. SAP Integration Consultant"", ""Project Manager"", ""Kofax Developer"", ""Data Analyst"", ""Mainframe system analyst"", ""Sr. Mainframe System Analyst"", ""Dynamics 365 Solution Architect"", ""AI Epidemiology Data Scientist"", ""Test Automation Engineer""]",auto,2026-06-07,2026-06-07
"COVETUS, LLC",LLC,541511,,Dallas,TX,75244,23,,,[],false,low,"[""Software Engineer"", ""SAP QA Analyst"", ""Lead Software Engineer/XML Engineer"", ""Data Scientist / Sr Data Analyst"", ""Software Engineer/XML Developer"", ""Computer System Analyst"", ""Software Quality Assurance Analysts and Testers"", ""Data Solution Analyst"", ""Data Solution Specialist"", ""User Experience Developer"", ""Systems Engineer"", ""Quality Assurance Analyst"", ""Business Intelligence Analyst"", ""Software Developers"", ""Information Security Analysts"", ""Software Developers  (IOS Developer)"", ""Biostatistician""]",auto,2026-06-07,2026-06-07
ETHOS TEK LLC,LLC,541511,,Dallas,TX,75208,23,,,[],false,low,"[""Software developer"", ""Software Engineer"", ""Computer Systems Analyst"", ""Big Data and BI Engineer"", ""Software Developer"", ""Principal Software Engineer"", ""Technical Project Manager"", ""Security Software Engineer"", ""Sr. Software Developer"", ""BIG DATA AND BI ENGINEER"", ""DATA SCIENTIST"", ""BIG DATA ANALYST"", ""SOFTWARE DEVELOPER"", ""Network Engineer""]",auto,2026-06-07,2026-06-07
Elink Elite LLC,LLC,541519,,Tyler,TX,75703,23,,,[],false,low,"[""test engineer"", ""Test Engineer""]",auto,2026-06-07,2026-06-07
FOXCONN ASSEMBLY LLC,LLC,54151,,HOUSTON,TX,77064,23,,,[],false,low,"[""Financial Specialist"", ""Systems Analyst"", ""Mixed Reality and Computer Vision Engineer"", ""Test Engineer"", ""Cost Accountant"", ""Software Engineer"", ""Quality Manager"", ""Employee Compensation/Benefits Specialist"", ""Process Engineer"", ""NPI Project Manager"", ""Software Test Engineer"", ""Technical Project Manager"", ""Continuous Improvement Engineer""]",auto,2026-06-07,2026-06-07
RACUBE TECHNOLOGIES LLC,LLC,541511,,Plano,TX,75024,23,,,[],false,low,"[""Genesys Developer"", ""Salesforce Admin/Engineer"", ""Data Engineer"", ""Senior Genesys Consultant"", ""Senior Cloud App Engineer (Sr. Salesforce Developer)"", ""Genesys Engineer"", ""Senior Software Developer"", ""Genesys Support/QA Engineer"", ""Sr. Genesys Developer"", ""Computer Programmer"", ""Computer Programmers"", ""Senior Software Engineer""]",needs_review,2026-06-07,2026-06-07
"P. K. CLOUD, LLC",LLC,541511,,SUGAR LAND,TX,77479,23,,,[],false,low,"[""FULL STACK DEVELOPER"", ""APPLICATION DEVELOPER"", ""DevOps Engineer"", ""SOFTWARE DEVELOPER -SAP"", ""IT SECURITY SPECIALIST"", ""PROGRAMMER ANALYST"", ""DATA ARCHITECT"", ""Sr. IT CONSULTANT"", ""SOFTWARE DEVELOPER"", ""SOFTWARE DEVELOPER - PEGA"", ""SOFTWARE DEVELOPER - SAP"", ""DATA ANALYST"", ""FULL-STACK DEVELOPER"", ""DEVOPS ENGINEER""]",auto,2026-06-07,2026-06-07
Primenotch Solutions LLC,LLC,541511,,Farmers Branch,TX,75234,23,,,[],false,low,"[""Business Analyst"", ""Software Developer"", ""Software Quality Assurance Engineer"", ""Systems Analyst"", ""Software Test Engineer"", ""Computer Systems Engineer"", ""IT Consultant"", ""Software Engineer""]",auto,2026-06-07,2026-06-07
"Akshar IT Solutions, LLC",LLC,541511,,Houston,TX,77081,23,,,[],false,low,"[""Operations & Reservoir Engineer"", ""Software Developer"", ""Cloud System Administrator"", ""Business Systems Analyst"", ""SAP Developer"", ""Software Engineer"", ""Operations Research Analyst"", ""Business Analyst"", ""Business Process Engineer"", ""Sales Engineer""]",needs_review,2026-06-07,2026-06-07
"BOTSAPI, LLC",LLC,541519,,IRVING,TX,75062,24,,,[],false,low,"[""TEST ENGINEER"", ""SOFTWARE DEVELOPER, APPLICATIONS"", ""SOFTWARE DEVELOPER"", ""RPA DEVELOPER"", ""SOFTWARE ENGINEER, APPLICATIONS"", ""SOFTWARE DEVELOPERS, APPLICATIONS"", ""Software Developer - Applications"", ""SOFTWARE ENGINEER"", ""SOFTWARE DEVELOPER \u2013 APPLICATIONS""]",auto,2026-06-07,2026-06-07
"Vidorra, LLC",LLC,541511,,Houston,TX,77036,24,,,[],false,low,"[""Applications Architect - SAP Solutions"", ""Software Engineer - Data Integration"", ""Senior Software Developer - Business Process Management"", ""Senior Software Developer - Full Stack"", ""Software Developer - TIBCO Integration"", ""Accountant"", ""Software Engineer - Testing"", ""Senior DevOps Engineer"", ""Software Developer - Microsoft Technologies"", ""Software Developer"", ""Software Developer - Systems Software"", ""Senior Cloud Engineer"", ""Applications Architect -SAP Solutions""]",auto,2026-06-07,2026-06-07
"S4Cloud, LLC",LLC,541511,,Frisco,TX,75033,24,,,[],false,low,"[""Quality Engineer"", ""Data Platform Engineer"", ""API Developer"", ""Software Engineer"", ""Business System Analyst"", ""Scrum Master"", ""SAP ANALYST"", ""Security Engineer"", ""DevOps Engineer"", ""Business Analyst"", ""Full-Stack Developer"", ""Software Developer"", ""System Engineer"", ""Argo .Net Developer"", ""Data Engineer"", ""Data Analyst"", ""Business Analyst/Project Manager""]",auto,2026-06-07,2026-06-07
VIRTUAL REALITY TECHNOLOGIES LLC,LLC,541511,,DUNCANVILLE,TX,75116-4605,24,,,[],false,low,"[""JAVA DEVELOPER"", ""SENIOR JAVA DEVELOPER"", ""SENIOR SOFTWARE DEVELOPMENT ENGINEER IN TEST"", ""SENIOR BIG DATA ENGINEER"", ""SENIOR DEVELOPER"", ""SENIOR SYSTEM ENGINEER"", ""SAP PRODUCTION PLANNING CONSULTANT"", ""PYTHON DEVELOPER"", ""BUSINESS ANALYST"", ""SR. ENGINEERING TECHNICAL RECRUITER"", ""SR DEVSECOPS ENGINEER"", ""IT SYSTEMS ENGINEER"", ""FULL STACK DEVELOPER"", ""SOLUTION ARCHITECT"", ""DATA ENGINEER"", ""SOFTWARE DEVELOPER"", ""SR. PRODUCT ANALYST"", ""DEVOPS ENGINEER"", ""QA ANALYST"", ""PROJECT MANAGER"", ""REGULATORY AFFAIRS SPECIALIST III"", ""SQL DEVELOPER""]",auto,2026-06-07,2026-06-07
Cloudberyl LLC,LLC,541511,,Dallas,TX,75234,24,,,[],false,low,"[""Business Analyst"", ""Application Developer"", ""Service Now Application Developer"", ""Salesforce Architect"", ""IT Infrastructure Architect"", ""SAP Architect"", ""Software Developer"", ""Servicenow Software Developer"", ""Network & Computer Systems Engineer"", ""Network and computer systems engineer"", ""SOFTWARE QA ENGINEERING ANALYST"", ""SOFTWARE DEVELOPER"", ""Application Architect""]",needs_review,2026-06-07,2026-06-07
S4 ANALYTICS LLC,LLC,541511,,LITTLE ELM,TX,75068,25,,,[],false,low,"[""Sr Clinical SAS Programmer"", ""Programmer Analyst"", ""Sr. Programmer Analyst"", ""System Admin/Engineer"", ""Sr. Statistical Programmer"", ""Statistical Programmer"", ""Sr. Biostatistician"", ""Software Developer"", ""Senior Java Developer"", ""Statistical  Programmer"", ""Software Programmer""]",auto,2026-06-07,2026-06-07
Intellisavvy LLC,LLC,541519,,Irving,TX,75038,25,,,[],false,low,"[""Sr. Software Engineer"", ""Software Engineer"", ""Data Engineer"", ""Tech Lead and Senior Tester"", ""QA Test Lead."", ""Software Developer"", ""Technical  Lead"", ""SalesForce Developer"", ""Salesforce Developer"", ""DevOps Engineer""]",auto,2026-06-07,2026-06-07
CLOUD ANALYTICS TECHNOLOGIES LLC,LLC,541511,,DUNCANVILLE,TX,75116-4515,25,,,[],false,low,"[""ERP DEVELOPER - 3"", ""FULLSTACK DEVELOPER"", ""DEVOPS AND CLOUD ENGINEER"", ""SOFTWARE DEVELOPER"", ""ORDER FULFILLMENT SPECIALIST III"", ""SYSTEM ENGINEER"", ""SQL DATA ANALYST"", ""DATA ANALYST"", ""DATA ENGINEER"", ""SOFTWARE ENGINEER"", ""SOFTWARE DEVELOPMENT ENGINEER"", ""BUSINESS INTELLIGENCE ANALYST"", ""FULLSTACK ENGINEER"", ""SENIOR IT ENGINEER"", ""AUTOMATION ANYWHERE CONSULTANT ENGINEER"", ""QE ENGINEER"", ""VALIDATION ENGINEER CONSULTANT"", ""TABLEAU CONSULTANT"", ""SENIOR SOFTWARE ENGINEER \u201c I"", ""QA ENGINEER"", ""SQL DEVELOPER""]",auto,2026-06-07,2026-06-07
"MOUNTAIN IT SOLUTIONS, LLC",LLC,541511,,MCKINNEY,TX,75070,25,,,[],false,low,"[""Software Test Engineer"", ""Software Developer"", ""Qlik Developer"", "".NET CONSULTANT"", ""Dot Net Developer"", ""Data Engineer"", ""Automation Engineer"", ""Full Stack Developer"", ""Quality Analyst"", ""Senior Network Specialist"", ""Statistical Developer"", ""STATISTICAL DEVELOPER"", ""SOFTWARE DEVELOPER"", ""DEVOPS ENGINEER"", ""FULL STACK DEVELOPER""]",auto,2026-06-07,2026-06-07
Cloudnetsource LLC,LLC,541511,,Plano,TX,75074,25,,,[],false,low,"[""Software Developer"", ""Software Developer/ Data Engineer"", ""Software Developer / Data Engineer"", ""Python Developer"", ""Software developer"", ""Senior Backend Developer"", ""business intelligence analyst""]",needs_review,2026-06-07,2026-06-07
ATMANICA Technologies LLC,LLC,541511,,Irving,TX,75038,25,,,[],false,low,"[""SOftware Developer"", ""Software Engineer"", ""Data Scientists"", ""Software Developer"", ""Hadoop Developer"", ""Software Quality Assurance Engineer"", ""DevOps Engineer""]",auto,2026-06-07,2026-06-07
STELMITH LLC,LLC,541511,,Carrollton,TX,75007,25,,,[],false,low,"[""SR. PROGRAMMER ANALYST"", ""DATABASE ARCHITECT"", ""DATABASE ANALYST"", ""SR PROGRAMMER ANALYST"", ""PRGRAMMER ANALYST"", ""Computer Systems Engineer"", ""SOFTWARE ENGINEER"", ""SENIOR PROGRAMMER ANALYST"", ""COMPUTER SYSTEMS ENGINEER""]",auto,2026-06-07,2026-06-07
HiWorth Technology & Management LLC,LLC,541511,,Frisco,TX,75034,25,,,[],false,low,"[""Software Developer"", ""Computer Programmer"", ""Data Scientist"", ""Computer Analyst / Developer"", ""QA Analyst / Developer"", ""Software Product Analyst"", ""Business Intelligence Analyst"", ""Data Analyst""]",auto,2026-06-07,2026-06-07
Wintel Technologies LLC,LLC,541511,,Sugar Land,TX,77479,25,,,[],false,low,"[""Sr. SAP HANA Solution Architect"", ""Project Manager"", ""Software Engineer"", ""Senior Business Analyst"", ""Software Solutions Architect"", ""Software Developer"", ""Technical Lead"", ""Business Analyst"", ""Sr. Systems Analyst"", ""Data Scientist"", ""Quality Engineer"", ""Salesforce Developer"", ""Senior Salesforce Developer Analyst"", ""Business Intelligence Data Architect"", ""Snowflake AWS Architect"", ""Solution Architect"", ""SAP consultant"", ""JAVA Developer"", ""Salesforce Developer Analyst""]",auto,2026-06-07,2026-06-07
ERP SMARTLABS LLC,LLC,541511,,HOUSTON,TX,77098,25,,,[],false,low,"[""SAP Logistics Consultant"", ""SAP Principal Consultant"", ""Programmer Analyst II"", ""Senior Engineer"", ""SAP LOGISTICS CONSULTANT"", ""SAP EWM CONSULTANT"", ""SOFTWARE ENGINEER LEAD"", ""Systems Analyst"", ""SAP PRINCIPAL CONSULTANT"", ""SOFTWARE DEVELOPER"", ""QA ANALYST"", ""ROBOTIC PROCESS AUTOMATION DEVELOPER"", ""SENIOR SOFTWARE TEST AUTOMATION ENGINEER"", ""FULL STACK .NET DEVELOPER"", ""CONSULTING APPLICATION ENGINEER"", "".NET DEVELOPER"", ""WEB APPLICATIONS PROGRAMMER""]",auto,2026-06-07,2026-06-07
DataSoft Global LLC,LLC,54151,,Ballwin,MO,63021,25,,,[],false,low,"[""Software Engineer"", ""Senior Software Engineer"", ""Sr SAP ABAP Consultant"", ""SAP FI/CO"", ""Data Analyst"", ""SAP QM/PLM"", ""Business Analyst"", ""Senior SAP SD/MM Consultant"", ""Senior SAP FICO Consultant"", ""SAP Consultant"", ""SAP Production Planning"", ""Software Developer"", ""SAP FICO Consultant"", ""Functional Consultant SAP""]",auto,2026-06-07,2026-06-07
"CONDUENT PATIENT ACCESS SOLUTIONS, LLC",LLC,541511,,Richardson,TX,75080,26,,,[],false,low,"[""IT Program and Project Management Analyst II"", ""Technical Business Analysis Engineer III"", ""Salesforce Developer"", ""Manager, Applications Development and Support"", ""Senior IT Program and Project Management Analyst"", ""Salesforce Architect"", ""Business Analyst"", ""IT Program and Project Management Consultant"", ""Senior ETL Developer"", ""Senior Business Analyst - Salesforce"", ""Senior Salesforce Business Analyst"", ""Technical Delivery Lead"", ""Applications Development and Support Engineer III"", ""Applications Development & Support Engineer II"", ""Applications Development and Support Engineer II"", ""IT Program & Project Manager Analyst (Senior Project Manager"", ""Technical Business Analyst Engineer III""]",auto,2026-06-07,2026-06-07
BYK PROVIDERS LLC,LLC,541511,,DALLAS,TX,75220,26,,,[],false,low,"[""Systems Engineer"", ""Sr. Software Engineer"", ""Software Engineer"", ""SOFTWARE DEVELOPER"", ""SYSTEMS ANALYST"", ""Senior Software Engineer"", ""Senior Software Developer"", ""IT Project Manager"", ""Senior Software Engineer (Testing)""]",auto,2026-06-07,2026-06-07
THINK FORCE 360 LLC,LLC,541511,,IRVING,TX,75063,26,,,[],false,low,"[""Dev/Automation Test Engineer"", ""Dev/Automation Tester"", ""Software Engineer - Java"", ""Software Developer (Quality Analyst)"", ""QA Engineer"", ""Sr. Java Developer"", ""System Administrator - IT"", ""Sr. DevOps Engineer"", ""Software Developer"", ""Java Developer"", ""System Administrator"", ""SAP Analyst"", ""Sr Software Engineer"", ""Software Engineer"", ""Developer/Automation Tester"", ""SAP Functional Analyst"", ""Full-Stack Java Developer"", ""Technical Specialist""]",auto,2026-06-07,2026-06-07
"SolarWinds Worldwide, LLC",LLC,51121,,Austin,TX,78735,26,,,[],false,low,"[""Information Systems Auditor, Senior"", ""Senior Site Reliability Engineer"", ""Senior Software Engineer"", ""Data Science Engineer"", ""Sr. Distributed Systems Engineer"", ""Sr. Software Engineer"", ""Senior DevOps Engineer"", ""Senior Director, People Success"", ""Distinguished Architect"", ""Principal HR Business Partner"", ""Senior Customer Operations Specialist"", ""Manager, Information Systems Auditor"", ""Staff Machine Learning Platform Engineer"", ""Junior Product Manager"", ""Staff Site Reliability Engineer""]",auto,2026-06-07,2026-06-07
KODESYSTEMS LLC,LLC,541511,,CARROLLTON,TX,75010,26,,,[],false,low,"[""SOFTWARE ENGINEER/ANALYST"", ""LEAD INFRASTRUCTURE ENGINEER"", ""SENIOR CONSULTANT"", ""SOFTWARE DEVELOPER"", ""SOFTWARE ENGINEER"", ""AWS DevOps Engineer"", ""CLOUD DEVOPS ENGINEER"", ""Dot Net Developer"", ""Site Reliability Engineer"", ""Technical Project Manager"", ""Project Manager"", ""Lead React Developer"", ""Infrastructure Engineer"", ""SITE RELIABILITY ENGINEER"", ""MicroStrategy Administrator"", ""Java Full Stack Developer"", ""BUSINESS ANALYST"", ""PRODUCT OWNER""]",auto,2026-06-07,2026-06-07
Cloudpath Technologies LLC,LLC,541511,,Irving,TX,75038,26,,,[],false,low,"[""Software Programmer"", ""Software Developers, Applications"", ""Software Quality Assurance Analysts and Testers"", ""Software Engineer"", ""DevOps Engineer"", ""Software Developers"", ""Software Quality Assurance Analysts and Tester"", ""Computer Systems Engineers/Architects"", ""Software Developers/DevOps Engineer"", ""Computer Programmers"", ""Applications ,Developers Software"", ""SR. UI & CLOUD ENGINEER"", ""SOFTWARE ENGINEER, JAVA"", ""COMPUTER PROGRAMMER""]",needs_review,2026-06-07,2026-06-07
Khyaati Soft LLC,LLC,541511,,Irving,TX,75039,26,,,[],false,low,"[""Software Engineer"", ""SR DEVOPS ENGINEER"", ""Sr. Software Engineer"", ""QA AUTOMATION SOFTWARE ENGINEER"", ""SR. SOFTWARE ENGINEER"", ""Lead QA Automation Engineer"", ""SENIOR NETWORK SPECIALIST"", ""Sr. Network Engineer(Telephony)"", ""Lead Software Engineer"", ""QA  Automation Engineer"", ""SOFTWARE ENGINEER"", ""SOFTWARE DEVELOPER""]",auto,2026-06-07,2026-06-07
QCENTRIO TECHNOLOGIES LLC,LLC,541511,,FRISCO,TX,75034,26,,,[],false,low,"[""DATA ANALYST"", ""SOFTWARE ENGINEER"", ""PROGRAMMER"", ""SOFTWARE DEVELOPER"", ""MULESOFT DEVELOPER"", ""Software Engineer"", ""Pega Developer"", ""DevOps Cloud Engineer"", ""DATA ENGINEER"", ""Data Engineer"", ""Database Administrators"", ""DevOps Programmer""]",auto,2026-06-07,2026-06-07
Tek Rubix LLC,LLC,541511,,Irving,TX,75039,26,,,[],false,low,"[""Software Engineer III"", ""Software Developer"", ""Senior Solution Specialist"", ""Software Engineer"", ""Senior Technology Manager""]",auto,2026-06-07,2026-06-07
BuzzClan LLC,LLC,541511,,Dallas,TX,75240,26,,,[],false,low,"[""Software Engineer"", ""Technical Project Manager"", ""Azure Cloud Infrastructure Engineer"", ""Computer Programmer"", ""Computer Systems Architect"", ""IT Project Manager"", ""Infrastructure Project Manager"", ""Business Analyst"", ""Principal Associate (Azure Lead)"", ""Computer Systems Analysts"", ""Technical Business Analyst"", ""Junior Cloud Administrator"", ""Data Engineer"", ""Data Analyst"", ""Director - Data Ops"", ""Senior SharePoint Developer""]",auto,2026-06-07,2026-06-07
"iAmbrosia Technologies, LLC",LLC,5415,,Leander,TX,78641,26,,,[],false,low,"[""Sr. Java Full Stack Developer"", ""Performance Tester"", ""SAP Consultant"", ""DevOps Operations & AWS Engineer"", ""Software Engineer & Big Data Analyst"", ""Tableau Consultant"", ""Automation Engineer"", ""Scrum Master & Agile Coach"", ""Sr Technical Business Analyst / Solution Architect"", ""Senior Network Engineer"", ""Techno-Functional Business Analyst"", ""Systems Analyst"", ""Technical Project Manager"", ""Business Analyst"", ""Digital Solution Consultant Senior Consultant"", ""Software Engineer"", ""Automation and DevOps Engineer"", ""Technical Business Consultant"", ""Senior Data Analyst"", ""Tableau Developer"", ""Database Developer"", ""SAP FICO Consultant""]",auto,2026-06-07,2026-06-07
Sri Data Technologies LLC,LLC,541511,,Flower Mound,TX,75022,26,,,[],false,low,"[""Software Engineer"", ""Software Developer"", ""Data Administrator"", ""DATA ANALYST/ PROGRAMMER 3"", ""ETL INFORMATICA DEVELOPER"", ""CYBER SECURITY ENGINEER"", ""SR. DATA ANALYST"", ""JAVA DEVELOPER IV"", ""Sr System Analyst""]",needs_review,2026-06-07,2026-06-07
"ILINESOFT, LLC",LLC,541511,,SUGAR LAND,TX,77479,26,,,[],false,low,"[""SOFTWARE ENGINEER"", ""SALESFORCE DEVELOPER"", ""SOFTWARE DEVELOPER"", ""MICROSOFT AZURE ADMINISTRATOR"", ""ETL DEVELOPER"", ""JAVA DEVELOPER"", ""DEVOPS ENGINEER"", ""ADVANCED SOFTWARE DEVELOPER""]",auto,2026-06-07,2026-06-07
"CEO Foundry, LLC",LLC,541511,,Plano,TX,75024,26,,,[],false,low,"[""Software Developer"", ""Systems Engineer"", ""Computer Systems Engineer"", ""Business Systems Analyst"", ""Business Intelligence Analyst"", ""DATA ANALYST"", ""Software Engineer"", ""Data Engineer""]",auto,2026-06-07,2026-06-07
PRG Solutions LLC,LLC,541511,,McKinney,TX,75070,26,,,[],false,low,"[""Java Developer"", ""SAP Basis Administrator"", ""Data Engineer"", ""Network Designer"", ""Senior Tibco Developer"", ""JAVA FULL STACK DEVELOPER"", ""Java Full Stack Developer"", ""Java Full stack Developer"", ""Software Developer""]",auto,2026-06-07,2026-06-07
N2 Cloud Tech LLC,LLC,541512,,Lake St Louis,MO,63367,26,,,[],false,low,"[""Database Administrators"", ""Lead Software Engineer"", ""Middleware Engineer"", ""Data Engineer"", ""Product Manager"", ""Software Engineer"", ""Senior Software Engineer"", ""Sustainability Specialist"", ""Platform Engineer"", ""Senior Technical Program Manager""]",auto,2026-06-07,2026-06-07
TEQBOT LLC,LLC,541511,,Dallas,TX,75240,27,,,[],false,low,"[""Sr. Software Developer"", ""Sr. Software Engineer"", ""Sr. Software Engineer (QA)"", ""Sr. Network Engineer"", ""Sr. Project Manager"", ""Sr. Java Developer"", ""Sr. Software Developer (Techno Functional)"", ""Software Developer"", ""Sr. Software Developer (Java)"", ""Sr. Developer"", ""Software Engineer"", ""Sr. Business Analyst"", ""Software Developer (DevOps)"", ""Sr. Software Engineer (JAVA)"", ""Sr. Business Analyst (Peoplesoft)"", ""Sr. Project Coordinator/Manager"", ""Technical Lead""]",auto,2026-06-07,2026-06-07
TEKSPIKE LLC,LLC,541511,,MCKINNEY,TX,75070,27,,,[],false,low,"[""Senior Software Engineer"", ""AEM DevOps Engineer"", ""Sr. Systems Analyst"", ""OutSystems Lead"", ""Linux/Devops Automation Consultant"", ""Java Developer"", ""SAP BRIM Tech Lead"", ""RPA Developer/Software Developer"", ""Senior .Net Developer"", ""Data Analyst"", ""Salesforce Consultant"", ""Senior Oracle Developer"", ""Product Manager"", ""AEM Devops Engineer"", ""SOFTWARE DEVELOPER"", ""Program Manager"", ""Cloud Services Operations Engineer"", ""Software Developer""]",auto,2026-06-07,2026-06-07
BAYLOR TECHNOLOGIES LLC,LLC,541519,,ARLINGTON,TX,76018,27,,,[],false,low,"[""DOT NET DEVELOPER"", ""PERFORMANCE AND OPTIMIZATION EXPERT"", ""SAP ERP DEVELOPER"", ""SOFTWARE DEVELOPER"", ""NETWORK ENGINEER"", ""SR. DATA ANALYST"", ""SYSTEM ANALYSTS"", ""SR. NETWORK ENGINEER"", ""SR.NETWORK ENGINEER"", ""Data Scientist""]",needs_review,2026-06-07,2026-06-07
Hyniva LLC,LLC,541511,,San Antonio,TX,78216,27,,,[],false,low,"[""Software Quality Analyst"", ""Software Engineer"", ""Senior Software Engineer"", ""Sr. Salesforce Software Engineer"", ""Business Systems Analyst"", ""Sr. Software Developer"", ""Solution Architect"", ""Data Engineer""]",auto,2026-06-07,2026-06-07
Highbrow LLC,LLC,541511,,Leander,TX,78641,27,,,[],false,low,"[""Sr. Data Architect/Cloud Data Architect"", ""Test Lead (QA/UAT/SDET)"", ""QA Automation"", ""Technical Manager"", ""QA Lead"", ""Senior Android Developer"", ""Technical Product Manager"", ""Software Developer"", ""Java Developer"", ""Technical Lead"", ""Sr. Software Engineer"", ""Senior AEM Developer"", ""Site Reliability Engineer"", ""Software Quality Assurance Analyst and Tester \u201c SDET  Lead"", ""Senior Product Manager"", ""Android Developer"", ""QA Engineer"", ""Java API Developer"", ""QA Manager"", ""SDET Lead"", ""DevOps Engineer"", ""SAS Developer"", ""Senior Engineer, Software""]",auto,2026-06-07,2026-06-07
Gainwell Technologies LLC,LLC,541511,,Irving,TX,75038,27,,,[],false,low,"[""Advisor Product Developer"", ""AWS Cloud Engineer"", ""Principal AI Engineer"", ""Senior Principal Enterprise Architect"", ""Advisor Application Engineer"", ""Senior Principal Solution Architect"", ""Principal Cloud Engineer"", ""Advisor Business Analyst - Medicaid"", ""Advisor Application Designer"", ""Senior Professional Application Designer"", ""Senior Professional Programmer Analyst"", ""Professional Application Designer"", ""Project Manager"", ""Data Science AI Engineer, Advisor"", ""AI Engineer, Principal"", ""Professional Programmer Analyst"", ""Senior Professional Test Engineer"", ""AI Engineer, Senior Principal"", ""Advisor, Project Management""]",auto,2026-06-07,2026-06-07
Inventech Solutions LLC,LLC,541511,,McKinney,TX,75070,27,,,[],false,low,"[""Software Engineer"", ""Salesforce Developer"", ""Software Development Engineer in Test"", ""SQL Developer"", ""Oracle Hcm Cloud Consultant"", ""IBM Sterling OMS Consultant""]",auto,2026-06-07,2026-06-07
ECHOSPARK TECHNOLOGIES LLC,LLC,541511,,IRVING,TX,75063,27,,,[],false,low,"[""SOFTWARE DEVELOPER"", ""JAVA/J2EE DEVELOPER"", ""COMPUTER PROGRAMMER"", ""SYSTEMS ADMINISTRATOR"", ""BIG DATA ENGINEER"", ""IT SPECIALIST-CLOUD DEVOPS"", ""QA AUTOMATION ENGINEER"", ""SOFTWARE ENGINEER"", ""Director  - Technical Sales""]",needs_review,2026-06-07,2026-06-07
PERFAWARE LLC,LLC,541511,,IRVING,TX,75062,27,,,[],false,low,"[""Associate Software Architect"", ""Senior Software Engineer"", ""Software Engineer"", ""Sr. Software Engineer"", ""Senior Systems Engineer"", ""Senior Solutions Architect"", ""Lead Technical Consultant"", ""Practice Lead - Salesforce Delivery"", ""Associate Architect"", ""Lead Software Engineer""]",auto,2026-06-07,2026-06-07
alpha software technologies llc,LLC,541511,,austin,TX,78750,27,,,[],false,low,"[""software engineer"", ""IT PROJECT MANAGER"", ""webMethods Developer"", ""Software Developer"", ""DevOps Engineer"", ""Data Engineer Analyst"", ""Salesforce Developer"", ""Devops Engineer"", ""Senior Data engineering Analyst"", ""Software Development Engineer"", ""Full Stack Developer"", ""Software Engineer"", ""Java Full Stack Developer"", ""Software Engineer- PreProd Application Support"", ""Software Engineer- Prep rod Application Support"", ""Workday Integration Architect""]",auto,2026-06-07,2026-06-07
"RS SOLUTIONS, LLC",LLC,541511,,CHESTERFIELD,MO,63005,27,,,[],false,low,"[""SENIOR AWS DEVOPS DEVELOPER"", ""VALIDATION ENGINEER"", ""PRINCIPLE SOFTWARE ENGINEER"", ""SENIOR INFORMATION SECURITY ANALYST"", ""LEAD SOFTWARE APPLICATIONS DEVELOPER"", ""AWS DevOps Engineer"", ""SENIOR BUSINESS SYSTEMS ANALYST"", ""SR. APPLICATIONS DEVELOPER"", ""DevOps Engineer"", ""SPLUNK ADMIN"", ""Business Analyst"", ""SOFTWARE ARCHITECT"", ""SR. BUSINESS ANALYST"", ""SECURITY CONSULTANT - IDENTITY MANAGEMENT (SAVIYNT)"", ""FULL STACK JAVA DEVELOPER"", ""PROCESS ENGINEER"", ""Sr. React.Js Developer"", ""BUSINESS DATA ANALYST""]",auto,2026-06-07,2026-06-07
Wisen IT America LLC,LLC,541511,,Farmers Branch,TX,75234,28,,,[],false,low,"[""Data Engineer"", ""Software Developer"", ""Software Engineer"", ""Field Test Engineer"", ""IT Project Manager"", ""Java Developer"", ""SOFTWARE ENGINEER"", "".net full stack developer"", ""Senior DevOps Engineer"", ""Management Analyst"", ""DevOps Engineer"", ""Quality Assurance Engineer"", ""Business Analyst"", ""Sr Android Developer"", ""Sr. Business Systems Analyst""]",auto,2026-06-07,2026-06-07
DATABLOOM LLC,LLC,541511,,Cedar Park,TX,78613,28,,,[],false,low,"[""Software Developer"", ""Database Administrator"", ""Systems Analyst"", ""Software Devoloper"", ""Market Research Analyst"", ""DATA ANALYST"", ""DATABASE ADMINISTRATOR"", ""Data Engineer""]",auto,2026-06-07,2026-06-07
Texara Solutions LLC,LLC,541511,,Mckinney,TX,75070,28,,,[],false,low,"[""Talend Developer"", ""Project Manager /Scrum Master"", ""RPA Developer"", ""Data Analyst"", ""SOFTWARE DEVELOPER"", ""Software Developer & Applications Solution Architect"", ""Software Developer"", ""Project Manager/Scrum master"", ""Project Manager/Scrum Master""]",auto,2026-06-07,2026-06-07
Kaizen ITech LLC,LLC,541511,,Plano,TX,75024,28,,,[],false,low,"[""Software Developer"", ""Cloud Systems Engineer"", ""Cloud Devops Engineer""]",auto,2026-06-07,2026-06-07
Comfortliv LLC,LLC,541511,,Ballwin,MO,63011,28,,,[],false,low,"[""Quality Control Microbiologist (QC Microbiologist)"", ""Business Analyst/ Systems Analysts"", ""Java Developer"", ""Mechanical Engineer"", ""QA Analyst - ETL/Database"", ""SAP Computer Systems Engineers/Architects"", ""Computer Systems Engineers/Architects"", ""Information Technology Project Manager"", ""Software Quality Assurance Analyst and Testers"", ""Computer Systems Analysts"", ""Business Intelligence Analysts"", ""Software Engineer"", ""Software Developer"", ""Computer Systems Analyst"", ""Senior Product Owner"", ""Scrum Master"", ""Technical Project Manager"", ""Software Quality Assurance Analysts and Tester"", ""Data Warehouse Analyst""]",auto,2026-06-07,2026-06-07
Agile IT Global LLC,LLC,541511,,Plano,TX,75024,29,,,[],false,low,"[""Software Developer""]",auto,2026-06-07,2026-06-07
Stream Global Solutions LLC,LLC,541511,,Austin,TX,78705,29,,,[],false,low,"[""Software Developer"", ""Software Engineer"", ""Programmer Analyst"", ""JAVA Developer (3)"", ""Software  Engineer (5)"", ""Software Engineer (6)"", ""Software Engineer (4)"", ""Software Development Engineer (2)"", ""Database Administrator (1)"", ""Software Engineer (7)"", ""JAVA Developer (5)"", ""Software Development Engineer in Test  (SDET)"", ""Software Engineer (1)"", ""JAVA Developer"", ""Software Quality Assurance Engineer  (SQA Engineer)""]",needs_review,2026-06-07,2026-06-07
Outpace LLC,LLC,541511,,IRVING,TX,75039,29,,,[],false,low,"[""Software Engineer"", ""Sr. Python Developer"", ""Security Engineer"", ""Java Developer"", ""Software Developer"", ""Data Scientist""]",auto,2026-06-07,2026-06-07
DBR DIGITAL SERVICES LLC,LLC,541511,,Dallas,TX,75115,29,,,[],false,low,"[""Software Test Engineer"", ""Sr. Software Engineer"", ""Data Analyst"", ""Software Engineer"", ""Software Quality Assurance Engineer"", ""Sr.Software Engineer ( Testing)"", ""Information Security Analyst"", ""Sr. Software Test Engineer"", ""SOFTWARE DEVELOPER""]",auto,2026-06-07,2026-06-07
"TollPlus, LLC",LLC,541511,,Carrollton,TX,75007,29,,,[],false,low,"[""Database Administrator"", ""Technical Lead"", ""Software Developer, Applications"", ""Principal Test Engineer"", ""Senior Test Engineer, O&M"", ""Software Engineer"", ""Software Developer"", ""Computer Systems Analysts"", ""Network and Computer Systems Administrators"", ""Talent Acquisition Manager"", ""Application Integration Engineer"", ""Quality Test Lead"", ""Product Development Manager - Tolling and Mobility Solutions""]",auto,2026-06-07,2026-06-07
Gratiture Solutions LLC,LLC,541511,,Frisco,TX,75035,29,,,[],false,low,"[""Senior Test Analyst"", ""QA Manager"", ""Technical Program Manager"", ""IT PROJECT MANAGER"", ""SOFTWARE ENGINEER"", ""SENIOR TEST ANALYST"", ""Software Engineer"", ""Senior Data Analyst"", ""SOFTWARE  ENGINEER"", ""Senior Software Quality Assurance Engineer""]",auto,2026-06-07,2026-06-07
"Stratitude, LLC",LLC,541511,,Irving,TX,75062,29,,,[],false,low,"[""Java Programmer"", ""Software Developer/FileNet Developer"", ""Application Support Specialist Lead - IT Operations"", ""Salesforce Admin and Developer"", ""Solution Architect"", ""Software Developer"", ""Software Development Engineer in Test"", ""IIB Developer"", ""IT Manager"", ""Datastage Developer"", ""Java Developer"", ""Sr. Software Engineer"", ""Software Systems Engineer - MQ Series"", ""Application Systems Engineer"", ""PHP Developer"", ""Software QA Tester"", ""DataStage Developer""]",auto,2026-06-07,2026-06-07
"Nueve Solutions, LLC",LLC,541511,,Austin,TX,78750,30,,,[],false,low,"[""Software Developer"", ""Software  Developer"", ""SOFTWARE DEVELOPER"", ""AZURE ARCHITECT"", ""SOFTWARE DEVELOPER IN TEST AUTOMATION"", ""QA AUTOMATION ENGINEER"", ""AZURE DEVELOPER (AZURE SYNAPSE ANALYTICS)"", ""AUTOMATION DEVELOPER"", ""SOFTWARE ENGINEER"", ""PLATFORM ENGINEER"", ""SYSTEMS ENGINEER"", ""SDET AUTOMATION /QA AUTOMATION""]",auto,2026-06-07,2026-06-07
Synaty LLC,LLC,541511,,San Antonio,TX,78217,30,,,[],false,low,"[""Software Engineer"", ""Data Engineer"", ""Data Engineer/Developer"", ""Data Analyst"", ""Systems Engineer"", ""Salesforce Developer"", ""Software Developer"", ""Data Security Engineer"", ""Developer""]",auto,2026-06-07,2026-06-07
Big Dany LLC,LLC,541511,,PLANO,TX,75075,30,,,[],false,low,"[""Software Developer"", ""Software Engineer"", ""IT Training and Development Specialist"", ""IT Market Research Specialist"", ""Technical Recruiter"", ""Systems Engineer""]",auto,2026-06-07,2026-06-07
MILLIONITSQUARE LLC,LLC,541511,,HOUSTON,TX,77002,30,,,[],false,low,"[""Design Engineer"", ""DATA SCIENTIST"", ""SOFTWARE ENGINEER"", ""Distributed Systems Engineer"", ""SOFTWARE DEVELOPER"", ""Software Developer"", ""Data Scientist"", ""QA Engineer"", ""Software Test Engineer"", ""Database Administrator"", ""Data Engineer"", ""Lead QA Engineer"", ""Active Directory Engineer"", ""QA Automation Engineer"", ""Information Security Analyst"", ""SOFTWARE PROGRAMMER""]",auto,2026-06-07,2026-06-07
Allude Global Technologies LLC,LLC,541511,,Irving,TX,75063,30,,,[],false,low,"[""Software Engineer"", ""Solution Architect"", ""Cloud Solution Architect"", ""Software Developer"", ""Computer Systems Analysts"", ""Business Systems Analyst"", ""Application Developer"", ""SOFTWARE ENGINEER"", ""Data Analyst"", ""Senior Solution Architect"", ""Senior Quality Assurance Engineer"", ""Computer Systems Analyst"", ""Computer Programmer Analyst""]",auto,2026-06-07,2026-06-07
RAM TEK Communications LLC,LLC,541511,,Dallas,TX,75234,30,,,[],false,low,"[""Senior Database Administrator"", ""Telecom Sr. Network Engineer"", ""Telecom Project Manager"", ""RF Engineer"", ""Sr. RF LTE Engineer"", ""Manager Transport Network Operations"", ""Telecommunication Engineer"", ""RF Solution Architect"", ""Business Financial Analyst"", ""RF Optimization Lead"", ""SAP Analytics Consultant"", ""DevOps Engineer"", ""Senior Engineer - Systems Reliability"", ""IP and Transmission Expert"", ""Data Center Specialist"", ""RF Design and Optimization Engineer"", ""Microsoft dynamics AX developer"", ""Network Engineer"", ""SAP Functional Consultant - FICO"", ""Senior Business Analyst / Business Analyst"", ""Technology Business Consultant"", ""RF Planning & Optimization Expert"", ""Lead Software Programmer"", ""Technical Project Delivery Expert"", ""Data Science Manager"", ""SAP Solution Architect""]",auto,2026-06-07,2026-06-07
"SPR SOFTWARE SYSTEMS, LLC",LLC,541519,,THE COLONY,TX,75056,30,,,[],false,low,"[""Software Developer"", ""Application Developer / Qlik Sense Developer"", ""Systems Engineer"", ""Application Developer"", ""Computer Systems Analysts"", ""Computer Programmer Analyst"", ""Computer Systems Analyst"", ""Application Programmer Analyst""]",auto,2026-06-07,2026-06-07
"KESTE, LLC",LLC,541511,,PLANO,TX,75093,31,,,[],false,low,"[""Senior Technical Lead"", ""Technical Lead"", ""Solution Architect"", ""Infrastructure Specialist"", ""Senior Developer"", ""Sr. Oracle Apps DBA"", ""Salesforce Consultant"", ""Sr. Software Engineer"", ""Oracle CPQ Architect"", ""Senior Software Engineer"", ""Director-Oracle Commerce Cloud"", ""Corporate Development Associate/Analyst"", ""Senior Salesforce Consultant"", ""Systems Lead DBA"", ""Solutions Architect"", ""Senior Infrastructure Specialist"", ""Director of CX Delivery"", ""Oracle EBS Technical Lead""]",auto,2026-06-07,2026-06-07
LIIMRASOFT SOLUTIONS LLC,LLC,541511,,PLANO,TX,75024,31,,,[],false,low,"[""System Engineer Expert"", ""IT Technical Engineer"", ""IT Technical Developer"", ""System Engineer"", ""IT Technical Analyst"", ""IT Business Engineer"", ""IT Functional Consultant"", ""Research and Development Engineer"", ""IT Sales Business Analyst"", ""Software System Engineer"", ""Software Systems Architect (Cloud & Embedded Systems)"", ""Software Engineer"", ""Computer Systems Analyst - SAP EWM"", ""Computer Systems Analyst \u201c SAP EWM""]",auto,2026-06-07,2026-06-07
SYSWISE LLC,LLC,541511,,Round Rock,TX,78681,31,,,[],false,low,"[""Software Developer"", ""Workday Analyst"", ""SR. SharePoint Administrator"", ""Computer Systems Analyst"", ""Sr. Technical Architect"", ""SR Software Developer/Programmer"", ""Solution Lead - Integrations"", ""Health Informatics Specialists"", ""Programmer"", ""Computer systems Administrator"", ""Senior Reliability Engineer"", ""Java Computer Programmer"", ""Q A Aanalyst"", ""QA Analyst""]",auto,2026-06-07,2026-06-07
Forcepoint LLC,LLC,541511,,Austin,TX,78759,31,,,[],false,low,"[""Principal Frontend Manager"", ""Software Engineer"", ""Senior Performance Engineer"", ""Software Engineer (Performance Engineer)"", ""Performance Engineer"", ""Senior Technical Support Engineer"", ""Principal Engineering Manager"", ""Senior Software Engineer"", ""Sr. Product Marketing Manager"", ""Product Manager III"", ""Frontend Engineer"", ""DevOps Engineer"", ""Sr. Software Development Engineer"", ""Sr. Software Engineer"", ""Sr. Manager, Software Engineer"", ""DevOps Engineer II"", ""Team Lead, Full Stack Software Engineering"", ""Software Eng II"", ""Software Engineer I"", ""Software Development Engineer"", ""Senior Manager, Software Engineering"", ""Principal Software Engineer""]",auto,2026-06-07,2026-06-07
"AI RandomTrees, LLC",LLC,541511,,Houston,TX,77065,31,,,[],false,low,"[""AI/ML Engineer"", ""Application Development Manager"", ""Senior IOS Developer"", ""SOFTWARE DEVELOPER"", ""Senior Software Developer"", ""Sr .NET DEVELOPER"", ""Enterprise Lead Systems Analyst Advisor"", ""Splunk Cloud Developer"", ""Lead Architect"", ""Software Engineer"", ""Data Engineer"", ""Senior Data Engineer"", ""Senior Data engineer"", ""Business Data Analyst"", ""Data Analyst"", ""IT PROJECT MANAGER"", ""PROJECT MANAGER"", ""Snowflake Developer"", ""Principal Solution Consultant"", ""Custom Software Engineering Manager""]",auto,2026-06-07,2026-06-07
VAVERA LLC,LLC,541511,,Irving,TX,75062,31,,,[],false,low,"[""Software Engineer"", ""Software Developer"", ""Salesforce Developer"", ""Java Developer"", ""Project Manager"", ""Lead Software Developer"", ""Data Scientist"", ""Software Quality Analyst"", ""TECHNICAL PRODUCT ANALYST"", ""Security Analyst"", ""Business Analyst"", ""SOFTWARE DEVELOPER"", ""DevOps Engineer"", ""DEVOPS ENGINEER"", ""Full Stack Java Developer"", ""Frontend Developer"", ""Statistical Programmer"", ""Product Developer (Java)"", ""Digital Cloud Engineer"", ""Application Support Engineer"", ""Software Test Engineer"", ""Quality Assurance Engineer"", ""UI Engineer"", ""Cloud Engineer""]",auto,2026-06-07,2026-06-07
EXSTITI LLC,LLC,541511,,Round Rock,TX,78664,31,,,[],false,low,"[""Software Developer"", ""Software Engineer"", ""Business Analyst""]",auto,2026-06-07,2026-06-07
"TechAspect Solutions, LLC",LLC,541511,,Irving,TX,75063,31,,,[],false,low,"[""Senior Software Engineer"", ""SENIOR SOFTWARE ENGINEER"", ""Technical Lead"", ""Technical Architect"", ""Principal Analyst - Digital Strategy"", ""Associate Manager"", ""Director"", ""Senior Business Analyst""]",auto,2026-06-07,2026-06-07
BRIDGE FLAIR LLC,LLC,541511,,Irving,TX,75061,31,,,[],false,low,"[""App Remediation Specialist"", ""DevOps Engineer"", ""Senior Python Developer"", ""Frontend Developer"", ""Java FullStack Developer"", ""DevOps(GKE) Engineer"", ""Java Full Stack Developer"", ""GENESYS DEVELOPER"", ""Systems Engineer"", ""IT Operations Director"", ""Java Developer"", ""Application Packaging/MECM Enigneer"", ""Sr DevOps Engineer"", ""IT Specialist"", ""Network Security Engineer"", ""Endpoint Security and Application Deployment Engineer"", ""SQL Server Database Administrator"", ""Systems Analyst""]",auto,2026-06-07,2026-06-07
PROGRAMSOFT LLC,LLC,541511,,PLANO,TX,75074,32,,,[],false,low,"[""Senior Web Engineer"", ""Senior Web Developer"", ""Sr. Quality Analyst"", ""Data Scientist"", ""Senior Data Engineer"", ""Senior ABAP Consultant"", ""Senior DevOps Engineer"", ""Senior Database Administrator"", ""Integration Specialist"", ""System Software Programmer - Consultant"", ""Network Engineer - Project Lead"", ""Senior Software Engineer"", ""Information Security Engineer"", ""Data Architect"", ""Systems Analyst"", ""Computer Systems Engineer"", ""Oracle EBS Functional Consultant"", ""Business Analyst \u2013 Advanced"", ""Oracle Cloud Financials Functional Lead"", ""Business Analyst"", ""Lab Technician - Network Security QA"", ""Senior Security Engineer""]",auto,2026-06-07,2026-06-07
TECHMETRO LLC,LLC,541511,,PLANO,TX,75074,32,,,[],false,low,"[""SOFTWARE DEVELOPER"", ""CIVIL ENGINEER"", ""QUALITY ASSURANCE ENGINEER"", ""FULL STACK DEVELOPER"", ""Software Developer"", ""Senior Cyber GRC Analyst"", ""Java Developer"", ""QA ENGINEER"", ""Functional Consultant"", ""Network Engineer"", ""Embedded Software Engineer"", ""SALESFORCE DEVELOPER"", ""IOS Developer"", ""Data Analyst"", ""Computer System Analyst"", ""Software Engineer"", ""IT Infrastructure Analyst"", ""Test Engineer"", ""Computer Systems Analyst"", ""Project Management Specialist""]",auto,2026-06-07,2026-06-07
Code9 LLC,LLC,541511,,MCKINNEY,TX,75070,32,,,[],false,low,"[""SOFTWARE DEVELOPER"", ""Database Administrators"", ""Database Administrator"", ""SOFTWARE QUALITY ANALYST AND TESTER"", ""SOFTWARE QUALITY ANALYSTS AND TESTERS"", ""Software Developer""]",auto,2026-06-07,2026-06-07
"TEK CONTENT, LLC.",LLC,541511,,KATY,TX,77494,32,,,[],false,low,"[""ORACLE SOFTWARE ENGINEER"", "".NET DEVELOPER"", ""SALESFORCE DEVELOPER"", ""JAVA DEVELOPER"", ""CLOUD INFRASTRUCTURE ENGINEER"", ""BUSINESS ANALYST"", ""ORACLE SOFTWARE ANALYST"", ""NETWORK ENGINEER"", ""BI ANALYST"", ""PROGRAMMER ANALYST"", ""SAP BODS CONSULTANT"", ""ADVANCED SOFTWARE DEVELOPER"", ""INFORMATION SECURITY ANALYST"", ""ORACLE DEVELOPER""]",auto,2026-06-07,2026-06-07
"Siri Data Analytics, LLC.",LLC,541511,,FRISCO,TX,75034,32,,,[],false,low,"[""Software Developer"", ""Database Administrator"", ""Data Engineer"", ""Java Developer"", ""Information Security Analyst"", ""Senior Software Developer"", ""Sr. Plant Engineer"", ""Senior Automation Engineer"", ""Agile Project Manager"", ""Senior PhD Consultant""]",auto,2026-06-07,2026-06-07
CLOUD9TECH LLC,LLC,541511,,Plano,TX,75024,32,,,[],false,low,"["".NET Developer"", ""PERFORMANCE ENGINEER"", ""MULSOFT DEVELOPER"", ""Software Developer, Applications"", ""SOFTWARE ENGINEER"", ""SOFTWARE DEVELOPER"", ""Software Engineer"", ""Lead Business Analyst"", ""DevOps Engineer"", ""Sr. Software Engineer"", ""ETL Abinitio Developer"", ""Pega Developer"", ""Devops Engineer"", ""Quality Assurance (QA) Engineer"", ""SR.DATA ENGINEER"", ""Data Engineer"", ""Lead DevOps Engineer"", ""Sr. Network Engineer"", ""Release & QE Test Management Consultant"", ""Network Engineer""]",auto,2026-06-07,2026-06-07
Octahedron LLC,LLC,541511,,Plano,TX,75024,32,,,[],false,low,"[""SOFTWARE DATA ANALYST AND MANAGEMENT"", ""Software Quality Assurance Engineer"", ""QA Engineer"", ""Software Engineer"", ""Software Developer : JAVA"", ""Software Engineer : Devops Automation Engineer"", ""Software Data Analyst and Management"", ""Software Engineer - UI"", ""Software Developer - Front End Developer"", ""Project Manager"", ""Software Engineer : Data Analytics"", ""IT Business Analyst"", ""Software Engineer : ETL"", ""Software Developer: Java"", ""Software Computer System Architect""]",auto,2026-06-07,2026-06-07
TECHDAPT LLC.,LLC,541512,,SOUTHLAKE,TX,76092,32,,,[],false,low,"[""HCM APPLICATIONS DEVELOPER II"", ""FULL STACK APPLICATIONS DEVELOPER II"", ""ERP APPLICATIONS DEVELOPER (FIN/HCM) II"", ""CLOUD ERP APPLICATIONS DEVELOPER (FIN/SCM) II"", ""LEAD ARCHITECT FULL STACK DEVELOPER"", ""ENTERPRISE MIDDLEWARE APPLICATIONS DEVELOPER"", ""ENTERPRISE APPLICATIONS DEVELOPER \u2013 CLOUD ERP"", ""MERN STACK DEVELOPER"", ""ARCHITECT FULL STACK DEV"", ""ERP APPLICATIONS DEVELOPER (FIN/HCM)-II"", ""FULL STACK APPLICATIONS DEVELOPER"", ""ENTERPRISE APP DEVELOPER-HCM/ERP"", ""ENTERPRISE APPS DEVELOPER-I"", ""CLOUD ERP APPLICATIONS DEVELOPER (FIN/SCM) - I"", ""ERP APPLICATIONS DEVELOPER (FIN/HCM)"", ""AI/ML PROGRAMMER - II"", ""AI/ML PROGRAMMER - I"", ""ORACLE CLOUD ERP TECHNO FUNCTIONAL CONSULTANT - I""]",auto,2026-06-07,2026-06-07
"HAMSA CS, LLC",LLC,541511,,Plano,TX,75093,33,,,[],false,low,"[""Software Developer"", ""SOFTWARE DEVELOPER""]",auto,2026-06-07,2026-06-07
VIKVAR TECHNOLOGIES LLC,LLC,541511,,Austin,TX,78731,33,,,[],false,low,"[""Software Developer"", ""Quality Analyst"", ""Software Engineer"", ""Software  Engineer"", ""QUALITY ASSURANCE ENGINEER"", ""BUSINESS/DATA ANALYST"", ""BUSINESS ANALYST"", ""INFORMATION SECURITY ENGINEER/NETWORK ENGINEER"", ""SOFTWARE ENGINEER"", ""DEVOPS ENGINEER"", ""Business Analyst"", ""QULITY ASSURANCE ENGINEER"", ""Database Administrator"", ""Computer Systems Analyst"", ""Technical Product Manager""]",needs_review,2026-06-07,2026-06-07
"Intellitask, LLC",LLC,541513,,Richardson,TX,75081,33,,,[],false,low,"[""DevOps Engineer"", ""JAVA FULL STACK DEVELOPER"", ""COMPUTER SYSTEM ANALYST"", ""DEVOPS ENGINEER"", ""Build Engineer"", ""CLOUD ENGINEER"", ""SOLUTIONS ARCHITECT"", ""SOFTWARE ENGINEER"", ""OSS Project Manager"", ""Systems Administrator"", ""Cloud DevOps Engineer"", ""Software Engineer"", ""IT Project Manager"", ""Mobile Developer"", ""Data Engineer"", ""Cloud Systems Engineer"", ""Project Manager"", ""Jr. Data Scientist"", ""Full Stack Java Developer (Software Engineer)"", ""SYSTEMS ENGINEER""]",auto,2026-06-07,2026-06-07
DevAppsIT LLC,LLC,541511,,Farmers Branch,TX,75234,33,,,[],false,low,"[""APM Dynatrace Engineer"", ""SOFTWARE DEVELOPER"", ""Software Developer / Computer Programmer"", ""Data Engineer"", ""Software Developer IV"", ""Java Security Developer"", ""Senior Java Developer"", ""Cloud Engineer"", ""Developer"", ""Devops Engineer"", ""Senior Devops Engineer"", ""Product Architect"", ""IOS Developer"", ""Automation Engineer"", ""Snr. Salesforce Engineer"", ""Applications/system Analyst, Senior"", ""Azure Devops Engineer"", ""Automation Test Engineer"", ""Software Engineer"", ""Senior Data Engineer"", ""Java/SQL Developer"", ""Principal Cloud Solutions Architect"", ""APM Dynatrace Engineer (Application Performance Monitoring)"", ""AI Engineer/ Developer"", ""Cyber Security Business Analyst"", ""Software Developer"", ""Native App Developer IOS""]",auto,2026-06-07,2026-06-07
"Systems and Solutions, LLC",LLC,541511,,Houston,TX,77056,34,,,[],false,low,"[""DevOps Cloud Engineer"", ""IT Project Manager"", ""Salesforce Developer"", ""Java Developer"", ""Senior Researcher of Oncology"", ""Psychologist"", ""IT Data Analyst"", ""Systems Engineer"", ""Digital Analyst"", ""System Engineer"", ""Business Analyst"", ""Information Technology Project Manager"", ""Software Engineer"", ""Software Developer"", ""Senior Software Developer"", ""Sr. Software Developer"", ""Computer Systems Engineer"", ""Systems Management Analyst"", ""Software Quality Assurance Analyst"", ""Project Manager"", ""Cloud Systems Administrator"", ""SOFTWARE DEVELOPER""]",needs_review,2026-06-07,2026-06-07
Minuscule Technologies LLC,LLC,541511,,Katy,TX,77494,34,,,[],false,low,"[""Application Developer"", ""Senior Developer"", ""Test Engineer"", ""Lead QA Engineer"", ""Software Developer"", ""Lead Software Developer"", ""QA Engineer"", ""Senior QA Engineer"", ""Technical Architect"", ""Information Security Analyst"", ""Technical Business Analyst"", ""Mobile App Developer"", ""Senior Project Manager"", ""Software Engineer"", ""Senior Software Developer""]",auto,2026-06-07,2026-06-07
"Molabs Media, LLC",LLC,541511,,Dallas,TX,75234,34,,,[],false,low,"[""Technical Program Manager"", ""RF Planning and Optimization Engineer"", ""DevOps Engineer"", ""Senior Microwave Engineer"", ""Senior RF Optimization Engineer"", ""Sr Cloud/System Engineer"", ""Test Automation Engineer"", ""RNPO Engineer"", ""Design Architect Consultant"", ""Business Financial Analyst"", ""Telecom Engineer"", ""Sr. SAP HR Consultant"", ""Senior RF Engineer"", ""Telecom Network Specialist"", ""Telecommunication Specialist"", ""Devops Engineer"", ""Senior SAP Supply Chain Specialist - MM/WM/eProcurement"", ""Information Security Consultant"", ""Telecom (LTE/5G RF Engineer)"", ""senior business analyst"", ""AI Network Engineer"", ""Business Analyst (Telecom)"", ""Senior Financial Analyst"", ""GOLANG DEVELOPER"", ""Market and Management Research Analyst"", ""Computer Systems Analyst"", ""Senior Software Engineer"", ""Senior Lead Software Engineer"", ""Senior Lead Software Engineer Full Stack"", ""Network and Security Engineer""]",auto,2026-06-07,2026-06-07
"KK Associates, LLC",LLC,541512,,McKinney,TX,75070,34,,,[],false,low,"[""Application Developer"", ""Mainframe Developer"", ""Systems Engineer"", ""GIS Consultant"", ""Software Developer"", ""Business Logic Developer"", ""Java Full Stack Developer"", ""Full Stack Developer"", ""ETL Developer"", ""Information Security Automation Engineer"", ""Business Analyst"", ""Informatica Developer"", ""Senior QA Analyst"", ""Robotic Process Automation (RPA) Developer"", ""Software Quality Assurance Engineer"", ""SCCM and Intune Engineer"", ""Management Analyst"", ""Software/Python Developer"", ""System Engineer"", ""Cloud Architect"", ""Technical Analyst"", ""Senior .Net Developer"", ""Data Engineer""]",needs_review,2026-06-07,2026-06-07
HITECH Network Solutions LLC,LLC,541511,,Dallas,TX,75234,34,,,[],false,low,"[""Data Scientist"", ""Manager IT Services"", ""Telecom Engineer"", ""Financial Analyst"", ""Software Engineer"", ""RAN Solution Architect"", ""Project (Technical) Manager"", ""Technical Support Engineer"", ""SAP FICO Consultant"", ""Network and Security Engineer"", ""IP & Transmission Expert"", ""Information Security Specialist"", ""Solution Architect"", ""Radio/Transmission Optimization & Planning"", ""SAP MM Consultant"", ""Design Engineer"", ""SAP- Technical Lead"", ""5G RF Network Planning & Optimization Engineer"", ""Senior RF NPO Engineer"", ""Technical consultant Telecom & IT"", ""Interior Architect/ Interior Designer"", ""Expert - RAN optimization"", ""IT Project Manager"", ""Business Analyst"", ""Project Manager"", ""Senior SAP FICO Consultant"", ""RAN Engineer"", ""SAP Solution Architect""]",auto,2026-06-07,2026-06-07
MACHINE LEARNING TECHNOLOGIES LLC,LLC,541511,,DUNCANVILLE,TX,75116-4931,34,,,[],false,low,"[""SOFTWARE DEVELOPER"", ""LOGISTICS ANALYST"", ""SFDC QA"", ""SENIOR ACCOUNTS MANAGER"", ""TEST ENGINEERING SENIOR ANALYST"", ""OPERATION SPECIALIST"", ""APPLICATION DEVELOPER"", ""COGNITIVE IMPLEMENTATION ENGINEER"", ""DATA ANALYST"", ""BUSINESS ANALYST"", ""SUPPLY CHAIN PLANNER"", ""JAVA DEVELOPER"", ""AI AGENT DEVELOPER"", ""MOBILE COMMUNICATION SPECIALIST"", ""QA SYSTEMS ENGINEER"", ""SENIOR PYTHON ENGINEER"", ""DATA SCIENTIST"", ""PRODUCT DEVELOPMENT/QA"", ""BUSINESS ANALYSIS LEAD ANALYST"", ""FULL STACK JAVA DEVELOPER"", ""ANDROID ENGINEER""]",auto,2026-06-07,2026-06-07
SM Interface systems llc,LLC,541511,,Houston,TX,77074,35,,,[],false,low,"[""Project Manager"", ""SOFTWARE DEVELOPER"", ""Application  DEVELOPER"", ""Software Developer"", ""Industrial Engineer"", ""Application Architect"", ""Scrum Master"", ""IT-Technical Test Lead"", ""Software  DEVELOPER"", ""Application DEVELOPER"", ""Software DEVELOPER"", ""Scurm Master""]",auto,2026-06-07,2026-06-07
Zelantetech LLC,LLC,541511,,katy,TX,77450,35,,,[],false,low,"[""Solution Architect"", ""Technical Consultant"", ""AWS Cloud Engineer"", ""Java Developer"", ""RPA Developer"", ""Data Analyst"", ""DevOps Cloud Engineer"", ""ETL Developer"", ""ETL & Snowflake Developer"", ""Windows VMware Administrator"", ""Oracle Application Architect"", ""Snowflake Developer"", ""Cloud Architect"", ""Azure Cloud Architect"", ""Power BI Developer"", ""Software Engineer"", ""Software Developer"", ""SAP ABAP/Fiori Developer"", ""Automation Engineer"", ""UI Developer"", ""ETL & Snoflake Developer""]",auto,2026-06-07,2026-06-07
"Tek Tap, LLC.",LLC,541511,,Frisco,TX,75035,35,,,[],false,low,"[""Software engineer"", ""software enginner"", ""Project Manager"", ""software engineer"", ""Software Engineer"", ""software developer""]",auto,2026-06-07,2026-06-07
INNOVCENTRIC LLC,LLC,541511,,ALLEN,TX,75002,35,,,[],false,low,"[""SOFTWARE TEST ENGINEER"", ""ETL  DEVELOPER"", ""JAVA DEVELOPER"", ""SAP SD CONSULTANT"", ""BUSINESS SYSTEMS ANALYST"", ""SOFTWARE DEVELOPER"", "".NET DEVELOPER"", "".NET  DEVELOPER"", ""SOFTWARE  DEVELOPER"", ""IT PROJECT MANAGER"", ""Human Resources Executive"", ""Project Manager"", ""INFORMATICA DEVELOPER"", ""Network Engineer"", ""Business Systems Analyst"", ""Software Development Engineer"", ""SYSTEM ADMINISTRATOR"", ""SOFTWARE ENGINEER"", ""Adobe AEM QA Specialist"", ""QA Test Engineer"", ""Java Full Stack Developer"", ""java full stack developer"", ""Senior Software Engineer"", ""Java Developer""]",auto,2026-06-07,2026-06-07
"NEXUS INNOVATE, LLC.",LLC,541511,,DALLAS,TX,75252,35,,,[],false,low,"[""COMPUTER SYSTEMS ANALYST"", ""TECHNICAL ARCHITECT"", ""CYBERSECURITY ENGINEER"", ""DATABASE ARCHITECTS"", ""COMPUTER SYSTEMS ANALYSTS"", ""SOFTWARE DEVELOPER"", ""COMPUTER SYSTEMS ARCHITECTS"", ""DATA SCIENTISTS"", ""COMPUTER PROGRAMMER"", ""COMPUTER SYSTEMS ENGINEER"", ""DATABASE ADMINISTRATOR"", ""COMPUTER SYSTEMS ENGINEERS"", ""PROJECT MANAGER"", ""IT PROJECT MANAGER"", ""Computer Programmer""]",auto,2026-06-07,2026-06-07
STAFFWORXS LLC,LLC,541511,,FRISCO,TX,75033,35,,,[],false,low,"[""QUALITY ASSURANCE ENGINEER"", ""SOFTWARE ENGINEER"", ""SOFTWARE DEVELOPER"", ""INFORMATION TECHNOLOGY PROJECT MANAGER"", ""INFORMATION TECHNOLOGY MANAGER"", ""DATA ENGINEER"", ""JAVA PROGRAMMER"", ""DEV OPS ENGINEER"", ""DATA SCIENTIST"", ""COMPUTER PROGRAMMER"", ""SYSTEMS ENGINEER"", ""CLOUD ENGINEER""]",auto,2026-06-07,2026-06-07
Rising Sun Technologies LLC,LLC,541511,,Frisco,TX,75034,36,,,[],false,low,"[""Lead DevOps Engineer"", ""Senior Infrastructure ITSM Engineer"", ""Python Developer"", ""Software Development Engineer"", ""Senior Middleware Cloud Engineer"", ""DevOps Engineer"", ""Business Analyst"", ""Software Engineer"", ""Senior Software Development Engineer"", ""DevOps and Cloud Engineer"", ""Digital Architect"", ""QA Automation Engineer"", ""AWS Cloud Architect"", ""Bigdata DevOps Engineer"", ""FULL STACK DEVELOPER"", ""Cloud Infrastructure Engineer"", ""Data Engineer I"", ""QA and Cloud Automation Engineer"", ""Software Development Engineer I"", ""Software Developer"", ""ETL Engineer"", ""Cloud and Data Engineer"", ""Senior DevOps Engineer"", ""Sr Infrastructure ITSM Engineer""]",auto,2026-06-07,2026-06-07
Cymansys Solutions LLC,LLC,541511,,Cedar Park,TX,78613,36,,,[],false,low,"[""Business System Analyst"", ""Sr. Software Developer"", ""Business System Application Developer"", ""Test Analyst"", ""Software Developer"", ""SOFTWARE DEVELOPER"", ""IT PROJECT MANAGER"", ""SYSTEMS DEVELOPER"", ""QUALITY ASSURANCE ENGINEER"", ""COMPUTER SYSTEMS ENGINEER"", ""INFORMATION SECURITY ENGINEER"", ""INFORMATION SECURITY ANALYST/ENGINEER"", ""SALESFORCE DEVELOPER"", ""COMPUTER PROGRAMMER"", ""DEVOPS ENGINEER"", ""SOFTWARE QUALITY ANALYST""]",auto,2026-06-07,2026-06-07
Softel Techsource LLC,LLC,541512,,Dallas,TX,75240,36,,,[],false,low,"[""Cloud Solution Architect"", ""project manager"", ""software developer"", ""Telecommunication Engineer"", ""Senior Cloud Solution Architect"", ""Telecom Field Engineer"", ""Network Performance Engineer"", ""Network Systems Analyst"", ""Senior Service Engineer (Telecom)"", ""Software Developer"", ""Computer Programmer"", ""Radio Frequency Identification Device Specialist"", ""Radio Frequency Engineer"", ""Computer Systems Analyst"", ""Database Administrator"", ""Computer System Analyst"", ""Software Quality Assurance Analyst"", ""Electronics Engineer, Except Computer"", ""Telecommunications Engineering Specialists"", ""CAD Designer"", ""Software Engineer"", ""Test Engineer"", ""AUTOMATION ENGINEER"", ""SOFTWARE DEVELOPER"", ""DATA SCIENTIST""]",needs_review,2026-06-07,2026-06-07
VSK Infosystems LLC,LLC,541511,,Allen,TX,75013,36,,,[],false,low,"[""Software Engineer"", ""Computer Programmer"", ""SOFTWARE ENGINEER"", ""Software Engineer - Integration & Production Support"", ""Automation Engineer"", ""SYSTEMS ENGINEER"", ""SOFTWARE DEVELOPER"", ""SOLUTIONS ARCHITECT"", ""Software Developer""]",needs_review,2026-06-07,2026-06-07
"Assent Solutions, LLC",LLC,541511,,Houston,TX,77077,36,,,[],false,low,"[""Software Quality Assurance Tester"", ""Software Developer"", ""Scrum Master"", ""Database Administrator"", ""UAT Tester"", ""DB2 Database Administrator"", ""SAP Basis Administrator"", ""ERP Business Analyst"", ""Java Developer"", ""BI Software Developer"", ""UX Designer"", ""ESB Software Developer"", ""Cloud Engineer"", ""RPA Developer"", ""Senior Developer"", ""Software Development Engineer"", ""Software Development Engineer in Test"", ""Mainframes Developer"", ""SAP Developer"", ""Engineering Manager"", ""Software Test Engineer"", ""SAP ABAP Developer"", ""Java Fullstack Developer"", ""Database Engineer"", ""Senior Software Quality Assurance Engineer"", ""Data Engineer"", ""Data Scientist"", ""Analytics and Data Science Engineer""]",auto,2026-06-07,2026-06-07
NEXTGEN GIG SOLUTIONS LLC,LLC,541511,,AUSTIN,TX,78748,36,,,[],false,low,"[""Software Engineer"", ""Hadoop Bigdata Developer"", ""QA Automation Engineer"", ""Project Manager"", ""SAP Consultant"", ""Software Developer"", ""FULL STACK DEVELOPER"", ""QA Automation Lead"", ""QA Tester"", ""Sales Manager"", ""Business Analyst"", ""Computer Systems Architect"", ""Sr. Salesforce Developer"", ""RF Engineer"", ""Senior Business Analyst"", ""Senior Vice President"", ""Sr Product Owner"", ""Technical Product Manager"", ""Head of Delivery, North America"", ""Senior Solution Architect"", ""Principal Engineer \u201c Gen AI Engineering"", ""IT Consulant"", ""Automation Developer"", ""IT Consultant""]",needs_review,2026-06-07,2026-06-07
"DST Health Solutions, LLC",LLC,541511,,Kansas City,MO,64105,36,,,[],false,low,"[""Full Stack Developer"", ""Senior .Net Software Engineer"", ""Senior Architect"", ""Mainframe Developer"", ""Sr. Software Quality Control Engineer"", ""Software Engineer (00053681)"", ""Software Engineer (00053479)"", ""Lead Software Engineer [00053487]"", ""Lead Software Engineer [00057547]"", ""Sr Software Engineer [00057469]"", ""Sr Software Engineer [00055964]"", ""Lead Data Management Specialist [00059532]"", ""Software Engineer [00051440]"", ""Sr Software Engineer [00058407]"", ""Sr Software Engineer [00064858]"", ""Senior Implementation Consultant [00063976]"", ""Sr Software QA Engineer [00066139]"", ""Lead Software Engineer [00067515]"", ""Sr Software Engineer [00067774]"", ""Software Engineer (a/k/a Full Stack Developer) [00072165]"", ""Engineer [00070526]"", ""Sr. Software Engineer (00074620)"", ""Lead Software Engineer (00074621)"", ""Sr Software Engineer (00087313)"", ""Senior Software Engineer [00087549]"", ""Sr Software Engineer [00085788]"", ""Software QA Engineer [00083261]"", ""Sr Software QA Engineer [00083263]"", ""Software Engineer [00097537]""]",auto,2026-06-07,2026-06-07
Tech Abstractor LLC,LLC,541511,,Farmers Branch,TX,75234,37,,,[],false,low,"[""Robotic Process Automation  Engineer"", ""DevOps Engineer"", ""BI Developer"", ""Alfresco Developer"", ""UI Engineer"", ""Software Developer in Test(SDET)"", ""Citrix Developer"", ""Salesforce Developer"", "".NET Developer"", ""Software Development Engineer in Test"", ""Project Manager/Scrum master/Program Manager"", ""Project Manager/Scrum Master/Program Manager"", ""Project manager/Scrum master"", ""Oracle Fusion developer"", ""Service Now developer"", ""Devops Engineer"", ""UI Developer"", ""Java developer"", ""Software Developer"", ""Senior SAP Consultant"", ""Lead Consultant - Business Intelligence"", ""Principal Consultant - Oracle Fusion"", ""QA Engineer"", ""Project Manager"", ""ETL Developer"", ""QA Automation Engineer"", ""Software Engineer"", ""Programmer Analyst \u2013 SAP SAC"", ""Lead Engineer"", ""Oracle CPQ Consultant"", ""Senior Citrix Consultant"", ""Full Stack .NET Developer""]",auto,2026-06-07,2026-06-07
"Quanterian, LLC",LLC,541511,,Irving,TX,75062,37,,,[],false,low,"[""System Engineer"", ""Oracle Cloud ERP Functional Consultant"", ""Full Stack Software Engineer"", ""Java Developer"", ""Technical Product Manager"", ""Data Analyst"", "".Net Developer"", ""Business System Analyst"", ""Business Intelligence Analyst"", ""Information Systems Security Analyst"", ""Technical Recruitment Specialist"", ""Data Scientist"", ""QA Test Engineer"", ""Process Engineer"", ""Quality Assurance Engineer"", ""Python Developer"", ""Cloud Engineer"", ""Software Engineer"", ""Modem Test Engineer"", ""BI Analyst"", ""Security Engineer"", ""Technical Project Manager"", ""Financial Analyst"", ""Data Engineer"", ""Business Analyst"", ""QA Engineer"", ""Product Manager"", ""JAVA DEVELOPER""]",auto,2026-06-07,2026-06-07
Sentier LLC,LLC,541511,,Allen,TX,75013,37,,,[],false,low,"[""Computer Programmer"", ""Application Developer"", ""ETL Developer"", ""C Plus Plus Developer"", ""Data Engineer"", ""Software Developer"", ""Software Quality Assurance Analyst"", ""Computer Systems Analyst"", ""Software Quality Assurance (QA) Engineer""]",auto,2026-06-07,2026-06-07
BROWSE PROSPECTS LLC,LLC,541511,,DALLAS,TX,75220,38,,,[],false,low,"[""SAP CONSULTANT"", ""DATA ENGINEER"", ""DEVOPS ENGINEER"", ""SOFTWARE DEVELOPER"", ""SOFTWARE ENGINEER"", ""AUTOMATION TESTER"", ""PRODUCT MANAGER"", ""Data Engineer"", ""DATA SCIENTIST"", ""CSV Engineer"", ""ETL Developer"", ""Software Developer""]",auto,2026-06-07,2026-06-07
XGARE TECHNOLOGIES LLC,LLC,541511,,Farmers Branch,TX,75234,38,,,[],false,low,"[""Software Developer"", ""Software Engineer"", ""Product Designer"", ""Product Specific Engineer"", ""Senior QA Automation Engineer"", ""Data Scientist"", ""Software Developer II"", ""Web Programmer"", "".NET (Software Developer)""]",auto,2026-06-07,2026-06-07
"Peramal Services, LLC",LLC,541511,,Austin,TX,78729,38,,,[],false,low,"[""Software Engineer"", ""Senior Software Developer"", ""HR Manager"", ""Sr. Software Engineer"", ""QA Lead Consultant"", ""Software Testing Engineer"", ""Functional Lead Consultant"", ""Technical program Manager"", ""Technical Program Manager"", ""Senior Principal Cloud Database Architect""]",auto,2026-06-07,2026-06-07
IT Ridge Technologies LLC,LLC,541511,,Sugar Land,TX,77478,39,,,[],false,low,"[""Sr. Java Developer"", ""DevOps Engineer"", ""Sr. Test Automation Engineer"", ""Senior Test Automation Engineer"", ""Software Developer"", ""Database Administrator"", ""Software Engineer"", ""Software Development Engineer in Test"", ""Trainer"", ""IT Trainer"", ""Software Technical Lead"", ""Software Performance Developer"", ""Java Consultant"", ""SAP Basis Netweaver Consultant""]",needs_review,2026-06-07,2026-06-07
KP IT Solutions LLC,LLC,541511,,Austin,TX,78759,39,,,[],false,low,"[""Active Directory Engineer"", ""Cloud DevOps Engineer"", ""Software Developer"", ""Sr. System Administrator"", ""SLT Engineer"", ""Application Monitoring Engineer"", ""Data Engineer"", ""Front-End Developer"", ""SQA Engineer"", ""Java Full Stack Developer"", ""Full Stack Developer"", ""Software Engineer"", ""QE Consultant"", ""Front End Developer"", ""Salesforce Developer"", ""Tech Lead"", ""Project Manager"", ""Software Engineer/Data Engineer"", ""Business Intelligence Analyst"", ""DevOps Engineer"", ""VMware engineer""]",needs_review,2026-06-07,2026-06-07
Universal Technology Systems and Associates LLC,LLC,541511,,McKinney,TX,75072,39,,,[],false,low,"[""RF Engineer"", ""IP Network Engineer"", ""Computer Programmer"", ""Data Analytics Specialist"", ""Radio Access Network Engineer"", ""Access Network Engineer"", ""Information Security Engineer"", ""Transmission Engineer"", ""Network & Infrastructure Engineer"", ""Cloud Computing Engineer"", ""Core Network Engineer"", ""Business & Management Analyst""]",auto,2026-06-07,2026-06-07
TANISHSOFT LLC,LLC,541511,,McKinney,TX,75071,39,,,[],false,low,"[""Sr. Quality Assurance Automation Engineer"", ""Senior Software Engineer"", ""Data Engineer"", ""Program Delivery Manager"", ""Quality Assurance Automation Engineer"", ""Senior Workday HR Consultant"", ""Senior DevOps Engineer"", ""Business Systems Analyst"", ""Senior Business Systems Analyst"", ""Software Engineer"", ""Senior Big Data Software Engineer"", ""Full Stack Software Engineer"", ""Fullstack Software Engineer"", ""Generative AI Software Engineer"", ""Software Quality Assurance Analyst""]",auto,2026-06-07,2026-06-07
Global Digital Resources LLC,LLC,541511,,ADDISON,TX,75001,39,,,[],false,low,"[""Sofware Developers"", ""Software Developers"", ""Software Developer""]",auto,2026-06-07,2026-06-07
Cohash LLC,LLC,541511,,Frisco,TX,75034,39,,,[],false,low,"[""Software Engineer"", ""Information Security Specialist"", ""Business Development Manager"", ""Information Security Analyst"", ""CRM Technical Consultant"", ""Software Developer"", ""IT Consultant"", ""IAM Developer"", ""Sailpoint Engineer"", ""Cyberark Engineer"", ""Product Owner"", ""Okta Engineer""]",auto,2026-06-07,2026-06-07
CES Enterprise LLC,LLC,541511,,Plano,TX,75024,39,,,[],false,low,"[""Software Developer"", ""SQL Developer"", ""DevOps Engineer"", ""Data Analyst"", ""Lead Software Engineer"", ""Computer Systems Engineer"", ""Technical Lead"", ""Business Analyst"", ""Computer Programmer"", ""AUTOMATION DEVELOPER/SDET"", ""Automation Developer / SDET"", ""Senior Software Engineer""]",auto,2026-06-07,2026-06-07
Grand IT LLC,LLC,511210,,McKinney,TX,75070,40,,,[],false,low,"[""Software Developer"", ""Software developer"", ""Software Programmer""]",auto,2026-06-07,2026-06-07
vQuest Technologies LLC,LLC,541511,,The Colony,TX,75056,40,,,[],false,low,"[""Devops Engineer"", ""Data Analyst"", ""Data Engineer"", ""Software Developer"", ""Database Administrator"", ""Data stage Developer"", ""DevOps Engineer"", ""Storage Engineer"", ""IT Project Manager"", ""Java Software Developer"", ""ETL Developer"", ""SAP Developer"", ""Oracle Software Developer"", ""Trackwise Software Developer"", ""System Engineer"", ""Information and Cybersecurity Risk Specialist""]",needs_review,2026-06-07,2026-06-07
SPAR INFORMATION SYSTEMS LLC,LLC,541512,,Plano,TX,75024,40,,,[],false,low,"[""Computer Systems Analyst"", ""Database Programmer"", ""Programmer Analyst"", ""Web Developer"", ""DevOps Engineer"", ""Software Developer"", ""Business Systems Analyst"", ""Data Programmer"", ""Business Data Analyst"", ""Program Manager"", ""Technical Delivery Manager"", ""Software Engineer"", ""AWS Solutions Architect Consultant"", ""Big Data Programmer III"", ""Data Warehouse Solutions Architect"", ""Data Scientist"", ""Senior Developer""]",needs_review,2026-06-07,2026-06-07
"Techgene Solutions, LLC",LLC,541511,,Irving,TX,75039,40,,,[],false,low,"[""iOS Developer"", ""QA Automation Engineer"", ""Lead Infrastructure Engineer"", ""OIM Developer"", ""Senior LTE Network Engineer"", ""Big Data Developer"", ""FullStack Java Developer"", ""Software/Systems Architect Sr."", ""Oracle APP Developer"", ""iOS Engineer"", ""Scrum Master"", ""Software Engineer"", ""Dot Net Engineer"", ""Java Developer"", ""Oracle App Developer"", ""Systems Analyst"", ""Lead Java Developer"", ""QA Automation"", ""Sr. Software Developer"", ""Software Analyst"", ""Salesforce Developer"", ""Software Developer"", ""Software engineer"", ""SOFTWARE DEVELOPER""]",needs_review,2026-06-07,2026-06-07
Digital iTechnology LLC,LLC,54151,,Austin,TX,78717,40,,,[],false,low,"[""Systems Engineer"", ""Sr Systems Engineer"", ""Application Developer"", ""Software Engineer"", ""Sr. Systems Engineer"", ""Data Quality Engineer"", ""Data Engineer"", ""Unix Software Engineer"", ""Systems Administrator"", ""Technical Project Manager"", ""Java Software Engineer"", ""Unix Systems Administrator"", ""Product Manager"", ""Program Manager"", ""Java Developer"", ""Systems Admin/Engineer"", ""IT Consultant""]",auto,2026-06-07,2026-06-07
WEDOCLEVER LLC,LLC,541511,,Flower Mound,TX,75028,40,,,[],false,low,"[""Network Security Engineer"", ""DATA ANALYST/POWER BI DEVELOPER"", ""CRM Developer"", ""Salesforce Developer"", ""Software Engineer"", ""Software Developer"", ""Data Engineer"", ""Salesforce Front end Developer/Software Developer"", ""Application Performance Monitoring Engineer (Monitoring SME)"", ""Applications/Systems Analyst"", ""MS Dynamic CRM Lead Developer"", ""Snowflake Data Engineer"", ""DEVELOPER"", ""OpenShift Engineer"", ""DevOps Engineer"", ""Microsoft Dynamics 365 CE Developer"", ""MS SQL DBA"", ""Dynamics CRM Developer"", ""Computer Programmer"", ""Java Developer"", ""Lead DevOps Engineer"", ""Java React developer"", ""Application/System Analyst"", ""System Analyst"", ""DEVOPS ENGINEER"", ""IOS Developer"", ""Application Programmer Analyst"", ""Application Performance Monitoring Engineer"", ""System Engineer"", ""Technical Consulting Engineer""]",auto,2026-06-07,2026-06-07
"Nobl Q, LLC",LLC,541512,,Plano,TX,75024,40,,,[],false,low,"[""Software Developer"", ""Delivery Manager"", ""SAP Security and GRC Consultant"", ""Software Quality Assurance Engineer and Tester"", ""Computer System Analyst"", ""Solutions Architect"", ""Technology Analyst"", ""Principal Software Engineer"", ""Software Quality Assurance Analysts and Tester"", ""Software Quality Engineer"", ""Data Architect"", ""Information Security Analyst"", ""Computer System Engineer"", ""Business Analyst"", ""Data Scientist"", ""VP Service Delivery"", ""Director-Accounting and Finance"", ""Application System Engineer""]",auto,2026-06-07,2026-06-07
BLOOMING CLOUDS LLC,LLC,541511,,Horseshoe Bay,TX,78657,40,,,[],false,low,"[""Java Backend Developer"", ""Java Developer"", ""JAVA DEVELOPER"", ""UI Front End DEVELOPER"", ""MS SQL DATABASE RELATIVITY ADMINISTRATOR"", ""AWS Cloud Developer"", ""Java Full Stack  Developer"", ""AWS DATA ENGINEER"", ""JAVA FULL STACK DEVELOPER"", "".NET FULL STACK DEVELOPER"", "".NET DEVELOPER"", ""MS SQL DATABASE DEVELOPER"", ""DOT NET FULL STACK DEVELOPER"", ""M365/EXCHANGE & ACTIVE DIRECTORY ADMINISTRATOR"", ""DOT NET DEVELOPER"", ""Cyber Security Engineer"", ""Business Systems Analyst"", ""Full Stack Developer"", ""Data Engineer"", ""Software Development Engineering in TEST"", ""Information Security Compliance  Analyst"", ""Snowflake Developer"", ""Test Automation Engineer"", ""Big Data Engineer"", ""Devops Engineer"", ""Software Development Engineer in Test"", ""Database Engineer""]",auto,2026-06-07,2026-06-07
RVY Tech LLC,LLC,541511,,Round Rock,TX,78664,40,,,[],false,low,"[""Project  Manager"", ""Sr. Software Developer"", ""Software Developer"", ""Quality Assurance Analyst 1"", ""Business Consultant"", ""Sr. Technical Analyst"", ""Business Analyst"", ""Information Security Engineer"", ""Software Development Engineer in Test""]",auto,2026-06-07,2026-06-07
KI INFOSYSTEMS LLC,LLC,541511,,CHESTERFIELD,MO,63005,40,,,[],false,low,"[""SAP TM ABAP DEVELOPER"", ""SQL POWER BI DEVELOPER"", ""SAP FINANCIAL ACCOUNTING CONSULTANT"", ""SAP TM TECHNO FUNCTIONAL CONSULTANT"", ""SOFTWARE DEVELOPER"", ""TECHNICAL PROJECT MANAGER"", ""ORACLE DATABASE ADMINISTRATOR"", ""DATA ENGINEER"", ""POWER BI DEVELOPER"", ""SOFTWARE ENGINEER""]",auto,2026-06-07,2026-06-07
PGH  Group LLC,LLC,541511,,Irving,TX,75038,41,,,[],false,low,"[""Software Application Developer"", ""Applications Developer"", ""Technical Recruiter"", ""IT Project Manager"", ""Software Application Specialist"", ""Application Developer"", ""Senior Data Analyst"", ""SAP ABAP Technical Specialist"", ""Functional Consultant : SAP SD"", ""SAP Technical Consultant""]",auto,2026-06-07,2026-06-07
Eyvatek LLC,LLC,541511,,Austin,TX,78731,41,,,[],false,low,"[""Data Engineer"", ""Software Developer"", ""Software Engineer"", ""Computer Programmer""]",auto,2026-06-07,2026-06-07
ZiMetrics LLC,LLC,541512,,Austin,TX,78752,42,,,[],false,low,"[""Senior QA Analyst"", ""Tech Lead"", ""Senior Engineer"", ""Technical Project Manager"", ""Senior Software Engineer"", ""System Analyst"", ""Software Engineer"", ""Sr. Development Manager"", ""Solution Delivery Manager"", ""Computer Systems Analyst"", ""Senior Principle Engineer"", ""Program Manager"", ""Technical Program Manager"", ""Lead Engineer"", ""Senior System Analyst"", ""Principal QA - I"", ""Information Technology Project Managers"", ""Systems Analyst"", ""Solutions Architect"", ""Senior Business Analysts"", ""Information Technology Project Manager"", ""Sr. Software Engineer"", ""Senior Principal Engineer \u201c Technology"", ""Principal Engineer - III"", ""Sr. System Analyst - III"", ""Sr. Data Scientist - I"", ""Sr. Practice Lead - Digital"", ""Associate Architect"", ""Senior Development Manager"", ""Programmer Analyst II""]",auto,2026-06-07,2026-06-07
S&S TECH SOLUTIONS LLC,LLC,541511,,DALLAS,TX,75247,42,,,[],false,low,"[""PROJECT MANAGER"", "".NET DEVELOPER"", ""JAVA DEVELOPER"", ""CLOUD DEVOPS ENGINEER"", ""BI DEVELOPER"", ""SAP CONSULTANT"", ""SOFTWARE DEVELOPER"", ""ETL Technical Developer"", ""Java Developer"", ""DATA ANALYST"", ""SYSTEMS ENGINEER"", ""UI DEVELOPER"", ""COMPUTER PROGRAMMER""]",auto,2026-06-07,2026-06-07
APPLE PAYMENTS SERVICES LLC,LLC,518210,,Austin,TX,78729,42,,,[],false,low,"[""Business Intelligence Analyst"", ""Strategic Business Developer"", ""Product Design Engineer"", ""Software Development Engineer - Applications"", ""Software Integrity Engineer"", ""Software Engineering Applications"", ""Data Engineer"", ""Data Scientist"", ""Software Development Engineer - Test"", ""Software Engineering - Applications"", ""Software Engineer Applications"", ""Software Engineer \u2013 Systems"", ""Software Engineering Systems"", ""Software Engineering Systems Manager"", ""Engineering Project/Program Manager"", ""Production Services Engineer Manager"", ""Software Development Engineer"", ""Software Development Engineer, Applications"", ""Engineering Project/Program"", ""Software Development Engineer, Systems"", ""Business Intelligence Data Analyst""]",auto,2026-06-07,2026-06-07
INVENTSOFT LLC,LLC,541511,,Austin,TX,78752,42,,,[],false,low,"[""Senior Software Engineer"", ""SOFTWARE APPLICATIONS DEVELOPER"", ""SOFTWARE ENGINEER"", ""IT PROJECT MANAGER"", ""APPLICATION PROGRAMMER ANALYST"", ""SOFTWARE APPLICATION DEVELOPER"", ""WEB APPLICATIONS PROGRAMMER"", ""COMPUTER PROGRAMMER ANALYST""]",auto,2026-06-07,2026-06-07
KRG SYSTEMS LLC,LLC,541511,,Frisco,TX,75034,42,,,[],false,low,"[""Salesforce Administrator"", ""Project Manager/Product Owner"", ""Information Security Engineer"", ""Android Developer"", ""Data Analyst"", ""Data Engineer"", ""PEGA SYSTEMS ARCHITECT"", ""Andriod Developer"", ""Software Developer"", ""Software Engineer"", ""Software Quality Assurance Engineer"", ""Oracle Cloud Engineer"", ""DevOps Engineer"", ""SAP Consultant"", ""Sr Software Engineer"", ""Salesforce Architect"", ""Cloud Engineer"", ""Oracle Systems Engineer"", ""Sr. Software Engineer"", ""PEGA DEVELOPER"", ""Systems Engineer"", ""Automation Engineer"", ""Quality Automation Engineer"", ""Network Systems Engineer""]",auto,2026-06-07,2026-06-07
"AiFa Labs, LLC",LLC,541511,,Frisco,TX,75033,42,,,[],false,low,"[""SAP Functional Consultant"", ""Software Developer"", ""Scrum Master"", ""Senior SAP Techno Functional Consultant"", ""Practice Manager - Digital Transformation & AI"", ""SAP UI Developer"", ""Software Engineer"", ""Senior Technical Architect"", ""AI Architect"", ""Product Designer"", ""Cloud Engineer"", ""VP of Product Development"", ""QA Lead"", ""Full Stack Developer"", ""Strategy and Solutions Head - AgenticAI and Emerging Tech"", ""Technical Lead"", ""SAP BTP ADMINISTRATOR"", ""SAP BW Functional Consultant"", ""Senior Software Developer"", ""Business Analyst"", ""Software engineer(AI/ML)"", ""Data Scientist"", ""Program/ Project Manager""]",auto,2026-06-07,2026-06-07
"Mobolutions, LLC",LLC,541511,,Plano,TX,75024,43,,,[],false,low,"[""SAP Fiori & UI5 Technical Lead"", ""SAP BRIM Functional Consultant"", ""Business Analyst"", ""SAP FICA Consultant"", ""SAP FICO Consultant"", ""SAP Solution Architect"", ""SAP Hybris FICA Sr Consultant"", ""SAP HANA Migration & Basis Architect"", ""SAP Fica Architect"", ""SAP Solution Architect in Basis & Cloud"", ""SAP Brim Solutions Architect"", ""Sr. Technical Architect"", ""SAP Hybris Solutions Architect"", ""SAP Convergent Mediation Consultant"", ""SAM Convergent Mediation Consultant"", ""SAP BRIM Consultant"", ""Senior ABAP Developer"", ""SAP BRIM Senior Consultant"", ""ABAP Developer"", ""SAP CI Consultant"", ""SAP EWM Consultant"", ""SAP Data Consultant"", ""SAP Analyst"", ""SAP Senior Consultant""]",auto,2026-06-07,2026-06-07
"CLAIMS SERVICES GROUP, LLC",LLC,541511,,Westlake,TX,76262-1713,43,,,[],false,low,"[""Sr. Oracle Database Developer"", ""Product Manager"", ""Software QA Engineer"", ""HRIS Analyst"", ""SOFTWARE QA SENIOR ENGINEER"", ""Information Systems Engineer"", ""Data Science Manager"", ""Senior Tax Associate"", ""Software Development Engineer"", ""Senior Software Development Engineer"", ""Senior Software Engineer"", ""Business Systems Analyst"", ""Team Lead Data Engineering IV"", ""Manager III, Engineering"", ""Sr. Workday Configuration Specialist/Software Developer"", ""Business Analyst II"", ""Senior Software Development Manager"", ""Sr Manager, Engineering"", ""Database Engineer"", ""Data Engineer"", ""Systems Engineer IV"", ""Sr DevOps Engineer"", ""Senior Product Manager"", ""Senior Manager, Finance"", ""Director, Strategic and Analytics"", ""Lead Database Engineer"", ""Director of Cloud and DevOps""]",auto,2026-06-07,2026-06-07
NUERALINKS LLC,LLC,541511,,IRVING,TX,75063,43,,,[],false,low,"[""SOFTWARE ENGINEERING ASSOCIATE"", ""SOFTWARE ASSOCIATE PROFESSIONAL"", ""DATA ANALYST"", ""SOFTWARE ENGINEER AND SYSTEM ANALYST"", ""SYSTEM PROGRAMMER & APPLICATION DEVELOPER (TEAM LEAD)"", ""ETL INFORMATICA DEVELOPER"", ""ORACLE EBS CONSULTANT"", ""SOFTWARE ENGINEER & DEVELOPER"", ""AWS DOMAIN SPECIALIST"", ""SOFTWARE QUALITY ASSURANCE DEVELOPER"", ""JAVA DEVELOPER"", "".NET DEVELOPER"", ""SAS PROGRAMMER"", ""CRM BI/ANALYTICS CONSULTANT"", ""SOFTWARE DEVELOPER"", ""JAVA PHYTHON DEVELOPER"", ""JAVA PYTHON DEVELOPER"", ""DEVOPS ENGINEER"", ""SALESFORCE DEVELOPER"", ""BUSINESS ANALYST"", ""AZURE FULL STACK DEVELOPER"", ""SOFTWARE ENGINEER"", ""CONSULTANT"", ""FULL STACK JAVA DEVELOPER"", ""QA DEVELOPER"", ""JAVA DEVELOPER (QUALITY ENGINEERING)"", ""SYSTEM ENGINEER"", ""FULLSTACK DEVELOPER"", ""AWS DEVELOPER"", ""SAP CONSULTANT"", ""CONSULTANT SPECIALIST""]",auto,2026-06-07,2026-06-07
Bitsolutionsus LLC,LLC,541511,,dallas,TX,75234,43,,,[],false,low,"[""Java Developer"", ""AEM Developer"", ""Network Engineer"", ""Software Developer"", ""Software Engineer"", ""System Engineer"", ""Data Governance Reporting Analyst"", ""Software Developer(HYBRID)"", ""Salesforce Engineer / Developer"", ""Developer"", ""Database Administrator"", ""Data Engineer"", ""DotNet Engineer"", ""Software Developer \u201c .NET API & Portal Development"", ""DevOps Engineer""]",auto,2026-06-07,2026-06-07
Think Analytix LLC,LLC,541511,,Irving,TX,75038,43,,,[],false,low,"[""Software Developer"", ""Software Engineer"", ""Software Test Engineer"", ""Software Development Engineer in Test"", ""Business Systems Analyst"", ""System Architect"", ""Data Engineer"", ""Sr. Software Developer"", ""Sr. Data Engineer""]",auto,2026-06-07,2026-06-07
Metapicks LLC,LLC,541511,,Frisco,TX,75034,43,,,[],false,low,"[""Business Systems Analyst"", ""Android Engineer"", ""Business Operations Manager"", ""Software Developer"", ""Computers and Information Systems Manager"", ""System Analyst"", ""Full Stack Application Developer"", ""AWS Data Engineer"", ""Full Stack Developer"", ""Java Developer"", ""Android Developer"", ""JAVA DEVELOPER"", ""Systems Analyst"", ""SOFTWARE DEVELOPER"", ""Software Engineer"", ""Systems Engineer"", ""Java Full Stack Developer""]",auto,2026-06-07,2026-06-07
Interglobe IT LLC,LLC,541511,,Irving,TX,75039,44,,,[],false,low,"[""Sr. Front End Developer"", ""Software Engineer"", ""Salesforce Technical Analyst"", ""Devops Engineer"", ""Software Developer"", ""Python Developer"", ""Salesforce Consultant"", ""AEM Developer"", ""Hadoop Administrator"", ""Data Analyst"", ""Fraud and Risk Manager (IT)"", ""UI/UX Designer"", ""Programmer"", ""Information Security Engineer"", ""Application Developer"", ""Network Engineer"", ""Application Programmer"", ""Statistical Programmer"", ""Saas SR Engineer"", ""Technical Architect"", ""Database Administrator"", ""CMDB Consultant"", ""AWS Engineer"", ""Data Engineer"", ""Product Data Analyst""]",auto,2026-06-07,2026-06-07
QUANTUM TECHNOLOGIES LLC,LLC,541511,,DUNCANVILLE,TX,75116-4931,44,,,[],false,low,"[""JUNIOR PROJECT COORDINATOR"", ""JAVA APPLICATION DEVELOPER"", ""SOLUTION ARCHITECT"", ""WORKDAY HCM CONSULTANT"", ""DATA ENGINEER"", ""ORACLE HCM CONSULTANT"", ""CUSTOMER SERVICE REPRESENTATIVE"", ""DEVOPS ENGINEER"", ""DATA ANALYST"", ""BUSINESS ANALYST"", ""SENIOR DATA / ML ENGINEER"", ""QUALITY ASSURANCE ENGINEER"", ""BUSINESS DATA ANALYST"", ""EMBEDDED SOFTWARE ENGINEER"", ""DATA SCIENTIST"", ""QUALITY CONTROL INSPECTOR"", ""SOFTWARE ENGINEER"", ""SR. AUTOMATION QA ENGINEER"", ""SOFTWARE ENGINEER ( CLOUD)"", ""SALESFORCE MARKETING CLOUD TECH LEAD"", ""BIG DATA SNOWFLAKE DEVELOPER"", ""SENIOR QA ANALYST"", ""APPLICATION DEVELOPER (JR) - JAVA FULL STACK"", ""COMPUTER SYSTEMS ENGINEER"", ""UI DEVELOPER"", ""BIG DATA DEVELOPER"", ""Business Analyst"", ""Devops Engineer"", ""Program Manager"", ""WINDOW SYSTEMS ADMINISTRATOR"", ""SAP Solution Architect"", ""Software Developer"", ""Computer Software Engineer""]",needs_review,2026-06-07,2026-06-07
Techoauth Solutions LLC,LLC,541511,,Fort Worth,TX,76177,44,,,[],false,low,"[""Software Developer"", ""Oracle EPM Consultant"", ""Software Deceloper"", ""Principal Consultant""]",auto,2026-06-07,2026-06-07
"Tek Grove, LLC",LLC,541511,,Plano,TX,75024,44,,,[],false,low,"[""Software Developer"", ""Software Engineer"", ""Technical Solutions Architect"", ""Human Resources Specialist"", ""IAM Engineer"", ""Information Security Specialist"", ""Network Architect"", ""Manager - Product and Business Development"", ""Database Administrator"", ""Computer Systems Analyst"", ""Network and Computer Systems Administrator""]",auto,2026-06-07,2026-06-07
AriakITSol LLC,LLC,541511,,Plano,TX,75074,44,,,[],false,low,"[""Software Devoloper"", ""Software Engineer"", ""Software Developer"", ""Project Manager"", ""Software Engineer (RPA Developer)"", ""Software Engineer (ETL Developer)"", ""Software Engineer (JAVA Developer)"", ""DevOps Engineer"", ""Software Engineer (Data Science)"", ""Global Finance Strategist"", ""Sr. Software Engineer (Embedded Firmware Engineer )"", ""SR Software/Data Engineer"", ""Software Engineer (Cybersecurity Engineer)"", ""Software Engineer/Developer"", ""Senior Software Engineer"", ""Information Technology Project Manager"", ""Technical Project Manager"", ""QA Automation Engineer"", ""Software Quality Assurance Engineer"", ""SOFTWARE ENGINEER"", ""Database Administrator""]",auto,2026-06-07,2026-06-07
"ARNISYS, LLC",LLC,541511,,PROSPER,TX,75078,45,,,[],false,low,"[""DATABASE ARCHITECT 2"", ""SAP SYSTEMS ANALYST 2"", ""JAVA ARCHITECT 3"", ""Senior Tech Lead"", ""Senior Tech lead"", ""QUALITY ASSURANCE ANALYST/TESTER 2"", ""B2B INTEGRATION SYSTEMS ENGINEER 2"", ""JAVA ARCHITECT 2"", ""INFORMATION SECURITY ARCHITECT / ANALYST 2"", ""Full Stack Developer 2"", ""QUALITY ASSURANCE ANALYST/TESTER 3"", ""SAP ANALYST III"", ""Middleware Administrator"", ""ASP.Net Analyst II"", ""SAP Developer II"", ""DevOps Analyst II"", ""DATA ENGINEER/SCIENTIST 2"", ""SAP ANALYST 3"", ""SOFTWARE DEVELOPER 2"", ""AWS ANALYST 3"", ""INFORMATION SECURITY ANALYST 2"", ""Software Developer"", ""Software Developer 2"", ""JAVA- Architect 3"", ""Java Developer 2"", ""Business Intelligence Analyst II"", ""User Interface Software Developer 1"", ""Cybersecurity Developer 2"", ""Java Developer 1"", ""ServiceNow Software Developer"", ""Software Developer 1"", ""Full Stack Developer 1""]",auto,2026-06-07,2026-06-07
IQhector LLC,LLC,541511,,Plano,TX,75023,45,,,[],false,low,"[""Front End JS Developer"", ""Software Developer"", ""UI DEVELOPER"", ""Java Developer"", ""Application Developer"", ""UI Developer"", ""Software Development Engineer"", ""Technical Lead"", ""Software Engineer"", ""QA Lead"", ""BACKEND ENGINEER"", ""Java Full Stack Developer"", ""UI/UX Engineer"", ""Full stack software developer"", ""Data Engineer"", ""Software Development Engineer in Test"", ""Business Analyst"", ""Programmer Analyst"", ""Dot Net Developer"", ""Web Developer"", ""AI ML Engineer"", ""Dot Net Full Stack Developer"", ""DOMS lead"", ""Oracle EBS Techno Functional Lead"", ""TECHNICAL LEAD""]",auto,2026-06-07,2026-06-07
"AEVITAS IT, LLC.",LLC,541511,,THE WOODLANDS,TX,77381-4235,45,,,[],false,low,"[""SAP TECHNICAL ARCHITECT"", ""SOFTWARE QA ENGINEER - LEAD"", ""SAP SECURITY AND APPLICATION ARCHITECT"", ""SAP TECHNICAL DEVELOPMENT LEAD"", ""SAP FICO SOLUTION ARCHITECT"", ""SAP TECHNICAL CONSULTANT"", ""SAP ARIBA FUNCTIONAL CONSULTANT"", ""SAP SD/OTC SOLUTION ARCHITECT"", ""SAP PROJECT MANAGER"", ""SAP SOLUTION ARCHITECT, DATA"", ""SAP DATA MIGRATION LEAD"", ""SAP BI SOLUTION ARCHITECT"", ""SR. PROGRAMMER ANALYST"", ""SAP MM/QM FUNCTIONAL CONSULTANT"", ""SAP ENTERPRISE SOLUTION ARCHITECT, MANAGER"", ""SENIOR SAP FINANCE ANALYST"", ""SAP SD/VISTEX LEAD CONSULTANT"", ""SAP SD / OTC FUNCTIONAL CONSULTANT"", ""QA AUTOMATION ENGINEER"", ""SAP TSW TECHNO/FUNCTIONAL CONSULTANT"", ""SAP ABAP LEAD"", ""SAP MM / PTP LEAD"", ""SAP MM / PTP"", ""PRACTICE HEAD - MICROSOFT TECHNOLOGIES"", ""SAP DATASPHERE CONSULTANT"", ""SAP TECHNICAL DEVELOPMENT CONSULTANT"", ""SAP FINANCE CONSULTANT"", "".NET DEVELOPER"", ""SOFTWARE QA ENGINEER-LEAD""]",auto,2026-06-07,2026-06-07
"ZIKSATECH, LLC",LLC,541511,,PLANO,TX,75024,46,,,[],false,low,"[""Database Analyst"", ""SAP Consultant"", ""Business Analyst"", ""Software Developer"", ""Data Analyst"", ""Technical Consultant"", ""Data Warehouse Solution Architect"", ""Data Engineer"", ""Sr. Project Manager"", ""Project Manager"", ""Enterprise Content Management Consultant"", ""Software Quality Engineer"", ""Lead Scrum Master - Agile Coach"", ""Sr. SAP Consultant"", ""Software Engineer"", ""Sr. Business Analyst"", ""Management Consultant"", ""Systems Engineer""]",auto,2026-06-07,2026-06-07
PalindromTech LLC,LLC,541511,,McKinney,TX,75070,46,,,[],false,low,"[""Reporting Software Developer"", ""DevOps Engineer"", ""Software Developer"", ""Data Engineer/Software Engineer"", ""Sr. Devops Engineer / Software Engineer"", ""Sr. Devops Engineer/Software Engineer"", ""Sr. DevOps Engineer/Software Engineer"", ""Systems Architect/Engineer"", ""Software Engineer"", ""Systems Engineer & Architect"", ""Sr SAP BASIS, S/4HANA & BTP Consultant"", ""SAP Security Consultant"", ""Systems Engineer"", ""System Engineer- Applications"", ""Sr. DevOps Engineer"", ""SFDC Developer/Tester"", ""Project Manager"", ""SAP Basis/Infrastructure Engineer"", ""System Architect/Engineer""]",auto,2026-06-07,2026-06-07
MADDISOFT LLC,LLC,541511,,HOUSTON,TX,77042,46,,,[],false,low,"[""Software Developer"", ""SOFTWARE QUALITY ASSURANCE (QA) AUTOMATION ANALYST"", ""Technical Sales Engineer"", ""SOFTWARE QUALITY ASSURANCE (QA) AUTOMATION ENGINEER"", ""SAP SOFTWARE ENGINEER"", ""SOFTWARE ENGINEER"", ""Software Engineer"", ""Oracle DBA"", ""SOFTWARE DEVELOPER"", ""Software Quality Assurance Automation Engineer""]",auto,2026-06-07,2026-06-07
"Argano, LLC",LLC,541512,,Plano,TX,75093,47,,,[],false,low,"[""Solution Architect Consultant"", ""Director, Business Technology Enablement"", ""Lead Consultant"", ""Lead Technical Consultant"", ""Principal Infrastructure Specialist"", ""Principal Consultant"", ""Principal Solutions Architect"", ""Senior Manager - Delivery"", ""Corporate Development Manager"", ""Consultant"", ""Senior Consultant"", ""Senior Technical Consultant- Client Services"", ""Senior Director \u201c Delivery"", ""Technical Architect"", ""Principal Consultant - Client Services"", ""Director - Delivery"", ""Principal Technical Architect"", ""Principal Architect"", ""Integration Engineer"", ""Product Manager"", ""Principal Consultant \u201c Client Services""]",auto,2026-06-07,2026-06-07
EXCEL-EST LLC,LLC,541511,,Dallas,TX,75252,47,,,[],false,low,"[""System Architect"", ""Software Developer"", ""Technical Lead"", ""Human Resource, Training Specialist"", ""System Administrator"", ""Business Analyst"", ""Software Programmer"", ""System Engineer"", ""Sr Database Administrator"", ""RPA Analyst"", ""Principal Solutions Architect"", ""Software Developer (Quality And Assurance)"", ""Sr System Administrator"", ""Sr Software Quality Test Engineer"", ""Network System Engineer"", ""Devops Engineer"", ""Technical Manager"", ""Business Intelligence Analyst"", ""Software System Engineer"", ""Software Developer (Quality Assurance)"", ""Software Developer (Quality & Assurance)"", ""Sr Project Manager"", ""Sr Business Analyst"", ""Software Engineer"", ""Senior Software QA Engineer"", ""Senior Software Engineer"", ""Sailpoint Integrator"", ""Technical Architect""]",needs_review,2026-06-07,2026-06-07
SAYEON LLC,LLC,541511,,PLANO,TX,75023,48,,,[],false,low,"[""Architect I"", ""Senior Developer"", ""Quality Engineering Lead"", ""DEVOPS ENGINEER"", ""Java Developer"", ""Agile Scrum Master - Lead"", ""SAP MDG Consultant"", ""Technical Project Manager"", ""Infrastructure/Middleware Engineer"", ""Information Security Engineer"", ""Software Developer"", ""SAP Techno-Functional Developer"", ""SDET (Software Development Engineer in Test)"", ""Senior Consultant"", ""Middleware Admin"", ""Software Engineer"", ""Test Engineer"", ""Information Security Prof - Sr. Consultant, IT Risk Mgmt"", ""Web Systems Engineer"", ""DevOps Engineer"", ""Devops Engineer"", ""Infrastructure Engineer (System Administrator)"", ""Middleware & DevOps Engineer"", ""Sr Application Developer"", ""Middleware Systems Engineer"", ""AMS Support Analyst / Siteminder Consultant"", ""Agile Coach/Scrum Master"", ""Data Engineering"", ""ETL Tester"", ""Oracle Fusion Cloud Consultant"", ""Software Test Engineer"", ""Senior Application Developer""]",auto,2026-06-07,2026-06-07
Ideas2It Technologies LLC.,LLC,541519,,Dallas,TX,75219,48,,,[],false,low,"[""Software Architect"", ""Database Architect"", ""Project Manager"", ""Technical Analyst"", ""Senior Technical Analyst"", ""Associate Technical Architect"", ""Data Architect"", ""Software Developer Lead"", ""Delivery Manager"", ""Technical Architect"", ""Senior Technical Architect"", ""Software Development Lead"", ""QA Lead"", ""Product Owner"", ""Data Scientist"", ""Senior Data Engineer""]",auto,2026-06-07,2026-06-07
COGNYSYNC TECHNOLOGIES LLC,LLC,541511,,Lewisville,TX,75056,48,,,[],false,low,"[""Sr. Java Developer"", ""DevOps Engineer"", ""FULL STACK JAVA DEVELOPER"", ""SOFTWARE ENGINEER"", ""Software Engineer"", ""Computer Systems Engineer"", ""BUSINESS ANALYST"", ""Java Developer"", ""SOLUTIONS ARCHITECT"", ""IT Consultant"", ""Software Developer"", ""Systems Analyst"", ""Software Quality Assurance Engineer"", ""Data Analyst (SAS)"", ""Senior Systems Engineer"", ""Financial Analyst"", ""Software Quality Assurance Analyst"", ""Software Test Engineer"", ""Business Analyst"", ""Application Developer""]",auto,2026-06-07,2026-06-07
VSIT LLC,LLC,541511,,PLANO,TX,75024,48,,,[],false,low,"[""DevOps Engineer"", ""Software Developer"", ""Web Developer"", ""Salesforce Developer"", ""LEAD QA ENGINEER"", ""JAVA DEVELOPER"", ""DEVOPS ENGINEER"", ""SNOWFLAKE DEVELOPER"", ""CORPORATE TAX PREPARER"", ""SYSTEMS ENGINEER"", ""SOFTWARE DEVELOPER"", ""SYSTEMS ANALYST"", ""SQL DEVELOPER"", ""SOFTWARE ENGINEER"", ""SAP CONSULTANT"", ""SOFTWARE TEST ENGINEER"", ""ETL DEVELOPER"", ""CLOUD ENGINEER"", ""BI DEVELOPER"", ""DATA ENGINEER"", ""DATABASE TEST ENGINEER"", ""SAP Consultant"", ""Software Engineer"", ""SOLUTION ARCHITECT"", ""TECHNICAL ANALYST""]",auto,2026-06-07,2026-06-07
Simarn LLC,LLC,541512,,Irving,TX,75062,48,,,[],false,low,"[""Systems Engineer"", ""Data Engineer"", ""IT Business Manager"", ""System Integration Engineer"", ""Systems Integration Engineer"", ""Data Analyst"", ""Sr. Cloud Engineer"", ""Computer Programmer / Configure 2"", ""API Developer"", ""Project Manager"", ""Systems Software Engineer"", ""Software Engineer"", ""Mechanical Engineer"", ""Systems Analyst""]",auto,2026-06-07,2026-06-07
N1 Solutions LLC,LLC,541511,,San Antonio,TX,78257,49,,,[],false,low,"[""MICROSTRATEGY DEVELOPER"", ""Business Data Analyst"", ""MACHINE ENGINEER"", ""MACHINE LEARNING ENGINEER"", ""Drupal developer"", ""Senior Buissness Analyst"", ""Software Developer"", ""Data Analyst"", ""Test Automation Engineer"", ""Sr. Business Intelligence Analyst"", ""Business Intelligence Analyst"", ""QA Analyst"", ""System and Network Architect"", ""Technical Lead"", ""Business Analyst"", ""Cloud Infrastructure Engineer"", ""Full Stack Engineer"", ""Database Developer"", ""Database Administrator"", ""Machine Learning Engineer"", ""Drupal Developer"", ""Senior MuleSoft Developer"", ""Salesforce Developer"", ""Supply Chain Manager"", ""SAP UI5/Fiori Developer"", ""Lead Software Principal Engineer"", ""Lead software Engg"", ""BI Engineer"", ""Devops & Release Manager"", ""Technical Support VMC-AWS Engineer"", ""DevOps Engineer""]",needs_review,2026-06-07,2026-06-07
AG IT SOLUTIONS LLC,LLC,513210,,OAK POINT,TX,75068,49,,,[],false,low,"[""SOFTWARE DEVELOPER II"", ""SOFTWARE DEVELOPER"", ""SOFTWARE DEVELOPER III"", ""UI Developer"", ""Sr. Java Full Stack Developer"", ""Site Reliability Engineer (SRE)"", ""Front End Engineer"", ""AWS DevOps Engineer"", ""IOS Developer"", ""Sr Salesforce Engineer"", ""Software Engineer"", ""Software Developer"", ""DevOps Engineer"", ""Business Development Manager"", ""Software developer"", ""Dot net developer"", ""Sr Dot net developer"", ""Technical Analyst"", ""DotNet Developer""]",needs_review,2026-06-07,2026-06-07
"Vizva Tech Solutions, LLC.",LLC,5415,,Chesterfield,MO,63005,49,,,[],false,low,"[""Dot Net Developer"", ""Devops Engineer"", ""Software Developer"", ""Senior DevOps Engineer"", ""Software Developer, Applications"", ""Sr. Java Developer"", ""Backend Java Developer"", ""Mobile Automation Tester"", ""Application Developer"", ""Senior Software Engineer - Java"", ""Information Security Analyst"", ""Java Application Developer"", ""Embedded Software Engineer"", ""UI Developer"", ""Software Engineer V"", ""PL/SQL Developer"", ""Ionic Android Mobile Developer"", ""AEM Lead"", ""QA Analyst"", ""Solution Architect/Developer"", ""Frontend UI Developer"", ""Site Reliability Engineer"", ""Data Engineer"", ""Senior QA Automation Engineer""]",auto,2026-06-07,2026-06-07
Softwaytek LLC,LLC,541511,,Cedar Park,TX,78613,50,,,[],false,low,"[""Sr Business Systems Analyst"", ""System Engineer"", ""SW Developer"", ""Technical Product Manager"", ""SOA Developer"", ""Technical Product Owner"", ""Software Developer"", ""Software Engineer"", ""Devops Engineer"", ""SDET Engineer"", ""Sdet Engineer"", ""QA Manager"", ""Information Technology Manager"", ""Mainframe Developer"", ""Product Owner"", ""Senior Engineer - Quality Engineering"", ""Senior SDET"", ""IT Project Manager"", ""Security Engineer"", ""Solution Architect"", ""Technical Product manager""]",auto,2026-06-07,2026-06-07
ASR DATA SOLUTIONS LLC,LLC,541511,,Plano,TX,75024,51,,,[],false,low,"[""Test Analyst"", ""Software Developer"", ""software engineer"", ""Software Engineer"", ""Project Manager"", ""Senior Software Engineer""]",auto,2026-06-07,2026-06-07
ICLOUD-WA LLC,LLC,541511,,Plano,TX,75024,52,,,[],false,low,"[""Software Developer"", ""Software Engineer"", ""Sr Software Developer""]",auto,2026-06-07,2026-06-07
"Crunchyroll, LLC",LLC,516210,,COPPELL,TX,75019,52,,,[],false,low,"[""Software Engineering Manager, Billing"", ""Senior Engineering Manager, eCommerce"", ""Senior Analytics Engineer"", ""Engineering Manager"", ""Accounting Manager-Integrations & Special Projects"", ""Director, Analytics Engineering"", ""Senior Software Engineer, Payments"", ""Business Affairs Associate"", ""Sr. Netsuite Engineer"", ""Senior Marketing Science Analyst"", ""Senior Software Engineer, Frontend"", ""Senior Engineer, Database Reliability"", ""Manager, Engineering"", ""Staff Software Engineer"", ""Staff Software Development Engineer in Test, Client Devices"", ""Software Engineer II, Payments"", ""Sr Platform Integration Engineer - Mobile Games"", ""VP, Global Content Distribution"", ""Senior NetSuite Engineer"", ""Principal Application Engineer, Workday"", ""Product Analyst"", ""Senior Product Analyst (Service Monetization)"", ""Senior Partner Services Developer Productivity Engineer"", ""Software Engineer III, Video Transcoding"", ""Senior Data Engineer"", ""Senior NetSuite Business Analyst"", ""Senior Quality Assurance Engineer"", ""Director, Global Social Media"", ""Senior Director of Research & Insights"", ""Senior Machine Learning Engineer"", ""Senior Data Analyst"", ""Staff Software Engineer, Partner Engineering"", ""Staff iOS Games Integration Engineer"", ""Software Engineer II, Android"", ""Software Engineer III, Account Services"", ""Software Engineer III, Backend"", ""Staff Software Engineer, Digital Supply Chain"", ""Manager, Marketing Science and Analytics"", ""Senior Database Engineer"", ""Principal Engineer, Data"", ""Principal Software Delivery Manager""]",auto,2026-06-07,2026-06-07
Tekblu LLC,LLC,541511,,Frisco,TX,75034,53,,,[],false,low,"[""Data Engineer"", "".Net Developer"", ""Power BI Developer"", ""Software Engineer"", ""UI Developer"", ""Quality Analyst"", ""Business Analyst"", ""Mobile Automation Tester"", ""QA Engineer"", "".NET Developer"", ""Programmer Analyst"", ""ServiceNow Developer"", ""Industrial Engineer I"", ""Software Engineering"", ""BI Developer"", ""Technical Analyst"", ""Test Engineer"", ""Software Developer"", ""Release Engineer"", ""Software Engineer II"", ""Configuration Management Analyst"", ""Application Programmer"", ""System Analyst III"", ""API Quality Engineer"", ""DATA ANALYST"", ""Azure Test Engineer"", ""SOFTWARE ENGINEER""]",auto,2026-06-07,2026-06-07
Suniksha Technologies LLC,LLC,541511,,Frisco,TX,75033,53,,,[],false,low,"[""Senior Java Developer"", ""Senior Data Engineer"", ""Lead Java Developer"", ""Senior Developer"", ""Senior IBM Integrator"", ""Senior Android Developer"", ""Senior DevOps Engineer"", ""Performance Test Specialist"", ""Java Developer"", ""Software Developer"", ""Sr. Data Engineer"", ""Sr Data Engineer""]",auto,2026-06-07,2026-06-07
"FourthSquare, LLC",LLC,541511,,Irving,TX,75062,53,,,[],false,low,"[""Enterprise Cloud Solution Architect"", ""EPM Solutions Architect"", ""Oracle HCM Cloud Architect"", ""Oracle Cloud Supply Chain Mgmt. Solution Architect"", ""Full Stack Developer"", ""Oracle Cloud Infrastructure Consultant"", ""Director - Oracle HCM Cloud"", ""Computer Systems Analyst"", ""Oracle Database Administrator"", ""Software Test Engineer"", ""Sr. Consultant, Oracle ERP"", ""Senior Manager - Salesforce"", ""Director - Data and AI Practice"", ""SAP System Architect"", ""Computer Systems Engineer/Architect"", ""Programmer"", ""Business Analyst"", ""Quality Analyst"", ""Data Scientist"", ""Solutions Engineer"", ""Database Administrator"", ""Senior Consultant"", ""Oracle Apps Consultant"", ""Technical Solutions Engineer"", ""IT Project Manager"", ""Oracle Cloud Consultant"", ""Network Administrator"", ""Director - PreSales"", ""Sr. Data Engineer"", ""Consultant"", ""Director, Cloud Engineering Services"", ""Software Developer""]",auto,2026-06-07,2026-06-07
ASRA NEST LLC,LLC,541512,,ARLINGTON,TX,76010,53,,,[],false,low,"[""Technical Operations Manager"", ""Product Design Engineer"", ""Senior Customer Success Manager"", ""Digital Marketing Specialist"", ""Senior Business Development Manager"", ""Business Analyst"", ""Technical Training Manager"", ""Business Development Manager"", ""Human Resource Specialist"", ""Senior Product Manager"", ""Software Engineer"", ""Audit Analyst"", ""Marketing and Communication Analyst"", ""Senior Technical Project Lead"", ""FINANCIAL ANALYST"", ""Compliance Analyst"", ""IT Project Manager"", ""IT PROJECT MANAGER"", ""Techincal Operations Manager"", ""Data Analyst"", ""SENIOR CUSTOMER SUCCESS MANAGER"", ""Cloud Devops Engineer"", ""SOFTWARE ANALYST"", ""Senior Data Analyst"", ""Technical Project Manager""]",auto,2026-06-07,2026-06-07
"Edgile, LLC",LLC,541512,,Austin,TX,78731,54,,,[],false,low,"[""Technical Director"", ""Senior Architect"", ""Consultant (GRC)"", ""Senior Manager"", ""Identity Director"", ""Developer/Manager (Analysis/IAM)"", ""Sr. Architect"", ""Architect"", ""Manager"", ""Director"", ""Sr. Manager"", ""Microsoft Security Consultant"", ""Senior Consultant"", ""Practice Head L2"", ""Design Director L2"", ""Design Director L1"", ""Senior Manager L1"", ""Techno Functional Consultant L3"", ""Senior manager"", ""Security Architect L2""]",auto,2026-06-07,2026-06-07
"Musarubra US, LLC",LLC,511210,,Plano,TX,75024,54,,,[],false,low,"[""Site Reliability Engineer"", ""Enterprise Architect"", ""SW Dev Engineer"", ""Full Stack Developer"", ""Staff Software Engineer"", ""Professional Services Solution Product Consultant"", ""Senior Manager, Software Engineering"", ""Sr. Staff Software Development Engineer"", ""Engineer, SW QA, Staff"", ""Engineer, Research Scientist, Sr."", ""Sales Operations Analyst"", ""Software development Engineer"", ""Software Validation Test Eng"", ""Sr. Software QA Engineer"", ""Engineer SW Dev, Principal"", ""Senior Staff Software Engineer"", ""Senior Site Reliability Engineer"", ""Lead Big Data Engineer"", ""Senior Software Engineer"", ""Engineer, SW SDET, Sr"", ""Mgr, Section, Research Science"", ""Manager, Software Engineering"", ""Staff Security Researcher"", ""Technical Support Engineer"", ""Manager, Site Reliability Engineer"", ""Sr. Staff Engineer"", ""Professional Services Consultant"", ""Senior Staff Software Development Engineer"", ""IT Workday Analyst"", ""Technical Lead"", ""Senior Manager of Product Management"", ""Solution Consultant"", ""Staff Software Development Engineer"", ""Sr. DevOps Engineer"", ""Sr. QA Engineer / Senior SDET"", ""Senior Software Development Engineer"", ""Sr. CI/CD Software Engineer"", ""Product Manager"", ""Senior Manager Software Engineering"", ""Associate Software Development Engineer"", ""Software Engineering Manager"", ""Security Researcher"", ""Director, Engineering"", ""Engineer, SW QA, Principal"", ""Principal Engineer, Software Development""]",auto,2026-06-07,2026-06-07
"KTech Products, LLC",LLC,541511,,Euless,TX,76040,54,,,[],false,low,"[""Software Engineer"", ""Technical Consultant"", ""Software Tester"", ""Software Developer"", ""SOFTWARE DEVELOPER"", ""BUSINESS ANALYST"", ""BI Developer"", ""Salesforce Developer"", ""SOFTWARE ENGINEER"", ""SOFTWARE ARCHITECT"", ""SOLUTION ARCHITECT"", ""RPA DEVELOPER"", ""APPLICATION DEVELOPER"", ""DevOps Engineer"", ""Data Engineer"", ""Technical solution architect"", ""Business Analyst"", ""FORGEROCK ENGINEER"", ""Senior Software Engineer"", ""Cloud Infrastructure Engineer"", ""MACHINE LEARNING ENGINEER"", ""Cloud Apps Consultant"", ""Solution Architect""]",auto,2026-06-07,2026-06-07
OMV AMERICA LLC,LLC,541511,,Houston,TX,77077,54,,,[],false,low,"[""TEST ANALYST"", ""JAVA DEVELOPER"", ""SOFTWARE DEVELOPER"", ""Software Engineer"", ""Workday Integration Consultant"", ""DevOps engineer"", ""ORACLE DEVELOPER"", ""ORACLE FUNCTIONAL CONSULTANT"", ""Database Administrators"", ""Technical Lead Consultant"", ""Business Analyst"", ""WEB APPLICATION DEVELOPER"", ""BUSINESS ANALYST"", ""WORKDAY INTEGRATION CONSULTANT"", ""SOFTWARE ENGINEER"", ""SYSTEMS ENGINEER"", ""DEVOPS ENGINEER"", ""SERVICENOW DEVELOPER"", ""SECURITY ENGINEER"", ""DATA ANALYTICS ENGINEER"", ""Program Manager"", ""People Soft Administrator"", ""Workday Consultant"", ""Data Engineer"", ""IT Program Manager"", ""Pega Developer"", ""Software Developer"", ""Full Stack Developer"", ""Data Analyst"", ""SENIOR SOFTWARE ENGINEER"", ""Oracle Functional Consultant"", ""Data Scientist""]",auto,2026-06-07,2026-06-07
ARTIFICIAL INTELLIGENCE LLC,LLC,541511,,DUNCANVILLE,TX,75116-4515,55,,,[],false,low,"["".NET DEVELOPER"", ""SUPPLY CHAIN ANALYST"", ""DATABASE ADMINISTRATION"", ""STAFF ACCOUNTANT"", ""PHP DEVELOPER"", ""DATA SCIENTIST"", ""SENIOR CLOUD ENGINEER"", ""SALESFORCE SYSTEM ANALYST"", ""SOFTWARE DEVELOPER"", ""DATA ENGINEER"", ""BIG DATA ENGINEER"", ""SOFTWARE ENGINEER - SENIOR"", ""DATA ANALYST"", ""LEAD JAVA DEVELOPER"", ""LEAD PHP DEVELOPER"", ""STERLING JAVA DEVELOPER"", ""JAVA DEVELOPER"", ""COMPUTER SYSTEMS ANALYST / BUSINESS SOLUTIONS ANALYST"", ""SOFTWARE ENGINEER"", ""BUSINESS ANALYST"", ""SQL DEVELOPER"", ""SR DATA ANALYST"", ""ANDROID DEVELOPER"", ""PERFORMANCE TEST ENGINEER"", ""FULL STACK DEVELOPER LEAD"", ""PRODUCT DEVELOPER SCIENTIST"", ""SYSTEMS ANALYST"", ""AWS DEVOPS ENGINEER"", ""DATA ANALYST/ PROGRAMMER 3"", ""APPLICATION DEVELOPER"", ""AVC ENGINEER"", ""MOBILE SOFTWARE DEVELOPER"", ""DATABASE ADMINISTRATOR"", ""SR. PYTHON DEVELOPER"", ""Founding Software Engineer"", ""Chief Technology Officer (CTO)"", ""Software Engineer""]",needs_review,2026-06-07,2026-06-07
VIGNITES LLC,LLC,541511,,PLANO,TX,75024,55,,,[],false,low,"[""SAP CONSULTANT"", ""Sr. SQL Developer"", ""Computer System Engineer"", ""Java Developer"", ""EDI Analyst"", ""SAP Developer"", ""BI Developer"", ""DEVOPS ENGINEER"", ""Programmer Analyst"", ""DATA ARCHITECT"", ""SAP S4 FICO consultant"", ""Market Research Analyst"", ""Full Stack Software Developer"", ""Software Developer"", ""Product Manager"", ""Technical Recruiter (Human Resources Specialists)"", ""Software Engineer"", ""SAP Consultant"", ""Senior Embedded Software Engineer"", ""Software Developers"", ""Senior Software Developer"", ""SOFTWARE DEVELOPER"", ""Training and Development Managers"", ""Sr. Software Engineer"", ""SAP FICO Consultant"", ""Computer Programmer / Java Computer Programmer"", ""Computer Programmer / SAP Consultant"", ""Computer Programmer"", ""Computer Programmer / ETL PowerBI Software Programmer"", ""Computer Programmer / Quality Analyst Software Engineer"", ""Computer Programmer / EDI Software Programmer"", ""IT OPERATIONS MANAGER"", ""IT Risk and Compliance Auditor"", ""Data Engineer"", ""Research Engineer (ML/AI)"", ""Sr. Java Developer"", ""Senior Software Engineer (Python Developer)""]",auto,2026-06-07,2026-06-07
"Petabyte Technologies, LLC",LLC,541511,,Frisco,TX,75034,56,,,[],false,low,"[""Software Engineer"", ""SOFTWARE DEVELOPER"", ""ETL Developer"", ""PROJECT MANAGER"", ""Technical Project Manager"", ""Computer Systems Analyst"", ""Senior Software Developer"", ""Informatica Developer"", ""SENIOR DATA ENGINEER"", ""Project Manager"", ""Software Developer"", ""Senior Software Engineer"", ""SENIOR JAVA FULL STACK AWS DEVELOPER"", ""SOFTWARE ENGINEER"", ""COMPUTER SYSTEMS ANALYST"", ""QA Automation Engineer"", ""Java Backend developer"", ""Python Developer"", ""SDET Automation Engineer"", ""Kronos QA Analyst/Developer"", ""Sr Python AWS Developer"", ""Sr. Python AWS Developer"", ""Kafka Engineer"", ""JAVA FULL STACK DEVELOPER""]",auto,2026-06-07,2026-06-07
CLOUD BIG DATA TECHNOLOGIES LLC,LLC,541511,,DUNCANVILLE,TX,75116-4931,56,,,[],false,low,"[""SALESFORCE SYSTEM ANALYST"", ""DATA ANALYST"", ""SENIOR AUTOMATION TEST ENGINEER"", ""DEVOPS ENGINEER"", ""TECHNOLOGY LEAD"", ""SAP FICO CONSULTANT"", ""SENIOR DATA ANALYST"", ""LEAD ELECTRICAL ENGINEER"", ""PROJECT ENGINEER"", ""SOFTWARE DEVELOPER"", ""BUSINESS ANALYST"", ""ASSOCIATE 1"", ""FUNCTIONAL CONSULTANT LEVEL III"", ""APPLICATION DEVELOPER"", ""IT BUSINESS ANALYST"", ""APPLICATIONS/SYSTEM ANALYST, SENIOR"", ""DATA SCIENTIST II"", ""DATA GOVERNANCE ANALYST"", ""ORACLE PL / SQL DEVELOPER"", ""TECHNICAL PROJECT MANAGER"", ""SOFTWARE ENGINEER"", ""JUNIOR PROJECT COORDINATOR"", ""SENIOR SOFTWARE ENGINEER"", ""AZURE DATA ENGINEER"", ""INFRASTRUCTURE TECHNICAL CONSULTING"", ""DATA SCIENTIST"", ""SR. TECHNICAL PRODUCT MANAGER"", ""REACTJS DEVELOPER"", ""PROJECT MANAGER"", ""SALESFORCE PROGRAM MANAGER""]",auto,2026-06-07,2026-06-07
"CENTAURUS TECHNOLOGY PARTNERS, LLC",LLC,541511,,Irving,TX,75039,56,,,[],false,low,"[""DevOps Engineer"", ""Data/Qlik Technical Architect"", ""Software Quality Engineer"", ""Quality Software Engineer"", ""Software Engineer"", ""Java Full Stack Developer"", ""Mendix Senior Developer"", ""Accessibility Consultant"", ""Senior Salesforce Developer"", ""Oracle Software Application Developer"", ""Software Developer"", ""Linux Software Engineer"", ""AWS DevOps Engineer"", ""Linux Systems Engineer"", "".Net Developer"", ""Senior Full Stack Developer"", ""Network Engineer"", ""Senior DevOps Engineer"", "".NET Full Stack Developer"", ""ACI Database Contract Engineer"", ""Java Developer"", ""Fullstack Developer"", ""Cassandra Database Administrator"", ""Linux Technical Specialist"", ""Clinical Data Analyst"", ""Technical Lead - Delivery"", ""Software Engineer - Delivery"", ""Data Engineer"", ""Senior Data Engineer""]",auto,2026-06-07,2026-06-07
"Conduent Commercial Solutions, LLC",LLC,541512,,Richardson,TX,75080,56,,,[],false,low,"[""Process Engineer"", ""Applications Development and Support Engineer III"", ""Network Security Compliance Engineer"", ""Senior MS BI Developer"", ""Senior Manager, Applications Development and Support"", ""Infrastructure Systems Engineer II"", ""IT Operations Analyst II"", ""Network Engineer"", ""Salesforce Architect"", ""Applications Development and Support Consultant"", ""DIRECTOR, APPLICATIONS DEVELOPMENT AND SUPPORT"", ""Senior Business Product Management Consultant"", ""App Dev & Support Engineer III"", ""Senior Network Engineer"", ""Manager, Applications Development and Support"", ""Applications Development and Support Engineer II"", ""Senior IT Program and Project Management Analyst"", ""Senior Digital Transformation Delivery Manager"", ""IT Architecture Engineer IV"", ""Director, Applications Development and Support"", ""Product Owner"", ""Systems Consultant"", ""Chief Operations Officer, Commercial Solutions"", ""Infrastructure Systems Engineer"", ""Network Administrator"", ""Senior BI Developer"", ""Senior .NET Developer"", ""Software Engineer"", ""Infrastructure Network Engineer II"", ""Applications Development & Support Engineer II"", ""Infrastructure Network Engineer III""]",auto,2026-06-07,2026-06-07
AGILEITSERVICE LLC,LLC,541512,,Plano,TX,75024,57,,,[],false,low,"[""Software Developer"", ""DEVELOPER"", ""DATA ANALYST"", ""DEVIATIONS INVESTIGATOR"", ""DATA SCIENTIST"", ""SR. D365 F&O DEVELOPER"", ""SUPPLIER DEVELOPMENT QUALITY ENGINEER"", ""BUSINESS SYSTEMS ANALYST"", ""MAINFRAME DEVELOPER"", ""ACTIVE REPORTS DESIGNER AND CODER"", "".NET DEVELOPER"", ""SDET SOFTWARE DEVELOPMENT TEST ENGINEER"", ""SOFTWARE ENGINEER"", ""SALESFORCE DEVELOPER"", ""SOLUTIONS ANALYST"", ""SOFTWARE DEVELOPER"", ""NETWORK ENGINEER"", ""JAVA FULL STACK DEVELOPER"", ""AZURE DEVELOPER"", ""ETL DEVELOPER"", ""VALIDATION ENGINEER"", ""DEVOPS ENGINEER"", ""JAVA DEVELOPER"", ""SERVICE NOW DEVELOPER"", ""AI Data Engineer"", ""AI DATA ENGINEER"", ""SOFTWARE ENGINEER 1"", ""FULL STACK DEVELOPER"", ""QUALITY SYSTEMS ENGINEER"", ""NPI QUALITY ENGINEER"", ""MICROSOFT DYNAMICS CRM DEVELOPER"", ""SR. EPIC DBA"", ""SAP HYBRIS DEVELOPER"", ""DATABASE DEVELOPER"", ""FULL STACK ENGINEER"", ""QUALITY ENGINEER"", ""BUSINESS ANALYST/TESTER"", ""DATA ENGINEER"", ""BUSINESS ANALYST"", ""POWER BI DEVELOPER"", ""DYNAMICS 365 F&O SYSTEM ANALYST"", ""DATA ANALYTICS TECHNICAL SPECIALIST"", ""AUTOMATION ENGINEER"", ""AI/COPILOT GOVERNANCE CONSULTANT""]",auto,2026-06-07,2026-06-07
ImageVision.ai LLC,LLC,511210,,ADDISON,TX,75001,57,,,[],false,low,"[""SOLUTION ARCHITECT"", ""DATA ENGINEER II"", ""CLOUD ARCHITECT II"", ""PYTHON DEVELOPER II"", ""JAVA DEVELOPER II"", ""AUTOMATION ENGINEER II"", ""BI CONSULTANT II"", ""SOLUTION ARCHITECT II"", ""SENIOR DIRECTOR - IT"", ""DIRECTOR - INFORMATION TECHNOLOGY AND GOVERNANCE"", ""SYSTEMS ADMINISTRATOR II"", ""CLOUD ENGINEER II"", ""WEB DEVELOPER II"", ""KERNEL PROGRAMMER II"", ""QUALITY ENGINEER II"", ""SCRUM MASTER II"", ""SYSTEMS DEVELOPER II"", ""ML PROGRAMMER II""]",auto,2026-06-07,2026-06-07
Accolite Digital LLC,LLC,541511,,ADDISON,TX,75001-6942,58,,,[],false,low,"[""Sr. Enterprise Architect"", ""Software Engineer"", ""Sr. Software Engineer"", ""Sr. Software Developer"", ""Technical Project Manager"", ""Snowflake Architect"", ""Enterprise Architect"", ""Director - Technical Delivery"", ""Sr, Enterprise Architect"", ""Software Developer"", ""Technical Delivery Manager"", ""Sr. QA Engineer"", ""Senior Technical Architect"", ""Principal Software Engineer"", ""Senior Software Engineer"", ""Computer Systems Analyst"", ""Java Developer"", ""IT Project Manager"", ""Technical Lead"", ""Sr. DevOps Engineer"", ""Senior QA Analyst"", ""Software Engineer Architect"", ""Senior Director, IT Service Delivery & Operations"", ""Sr. Development Lead"", ""Sr. Developer"", ""Product Owner"", ""Sr. Product Manager, Strategy & Execution"", ""Associate Technical Delivery Manager"", ""Solution Architect"", ""Development Lead"", ""Sr. Director of Product""]",auto,2026-06-07,2026-06-07
"Server Management Services, LLC",LLC,541511,,Irving,TX,75038,59,,,[],false,low,"[""Senior Websphere Engineer"", ""Linux Systems Engineer"", ""Sr. Software Engineer"", ""Systems Engineer"", ""Software Developer"", ""Storage Engineer"", ""Database Engineer"", ""Software Engineer"", ""Kronos Consultant"", ""Data Engineer"", ""Solution Architect"", ""Devops Engineer"", ""Middleware Engineer"", ""Senior IT Infrastructure Engineer"", ""Unix Architect"", ""Network Architect"", ""DevOps Engineer"", ""Senior Software Developer"", ""Sr. Systems Architect"", ""System Engineer"", ""Software Developers"", ""Sr. AWS and Devops Engineer"", ""AIX Solutions Engineer"", ""Senior System Engineer"", ""Infrastructure Engineer"", ""Sr. Infrastructure Engineer"", ""Test Engineer"", ""Engineer II""]",auto,2026-06-07,2026-06-07
Galaxy IT LLC,LLC,541511,,Frisco,TX,75035,59,,,[],false,low,"[""Software Developer"", ""Software Developer (Pega)"", ""Software Application Developer"", ""Software Developer Application"", ""ASSOCIATE ARCHITECT"", ""Data Engineer"", ""Lead Developer"", ""Software Engineer"", ""Quality Analyst"", ""Senior Consultant"", ""SOFTWARE ENGINEER""]",auto,2026-06-07,2026-06-07
"Trellis Technology Solutions, LLC",LLC,541511,,FARMERS BRANCH,TX,75234,59,,,[],false,low,"[""Software Engineer"", ""Software Developer"", ""Software Test Engineer"", ""Software Engineering Lead"", ""Sr.Software Developer(SAG webMethods Integration Consultant)"", ""Sr. Software Developer (SAG webMethods Integration Consultan"", ""Information Technology Project Manager"", ""Senior Software Engineer/Onsite API Lead"", ""Systems Engineer"", ""Software Developer - Applications"", ""Technical Architect"", ""Data Science Engineer"", ""Fullstack Developer"", ""Business Intelligence Developer"", ""Senior EDI Developer"", ""Business Intelligence Engineer"", ""Software Lead Developer - Applications"", ""Full Stack Software Developer"", ""ServiceNow Business Analyst"", ""Senior SAP ABAP Consultant"", ""DIRECTOR OF DESIGN"", ""TECHNICAL PRODUCT MANAGER"", ""Senior customer success Manager"", ""IT STRATEGY ANALYST""]",needs_review,2026-06-07,2026-06-07
Alamedatech Solutions LLC,LLC,541511,,Cedar Park,TX,78613,59,,,[],false,low,"[""iOS Developer"", ""Power BI Developer"", ""DEVELOPER"", ""Security Developer-CyberArk Administrator"", ""Developer-Level 3"", ""Full Stack Java Developer"", ""CLOUD ETL DEVELOPER"", ""Java Developer"", ""Fullstack Developer"", ""Full Stack Developer"", ""Data Analyst"", ""Business Analyst \u2013 Systems Engineer"", ""Python Developer"", ""JAVA Developer"", ""SOFTWARE DEVELOPER"", ""Security Engineer-CyberArk Administrator"", ""DEVOPS ENGINEER III"", ""PAM Engineer"", ""Software Engineer"", ""Software Developer"", ""Business Systems Analyst III"", ""DevOps Engineer"", ""AWS DevOps Engineer"", ""Software Development Engineer"", ""Software Consultant"", ""Senior Software Developer"", ""Systems Engineer"", ""Workday Integration Consultant"", ""Business Analyst"", ""Junior Software Developer"", ""DevSecOps Engineer"", ""Salesforce Senior Developer"", ""Project Manager""]",needs_review,2026-06-07,2026-06-07
Veridic Solutions LLC,LLC,541511,,Plano,TX,75024,59,,,[],false,low,"[""Software Engineer"", ""Aws DevOps Engineer/SRE"", ""SOFTWARE (DEVOPS) ENGINEER/DEVELOPER"", ""CLOUD ENGINEER"", ""SailPoint/IAM Developer"", ""Software Developer"", ""Java Developer"", ""Sr Programmer Analyst"", ""Security Analyst - Vulnerability Management"", ""DevOps Engineer"", ""Cloud Engineer"", ""Software Engineer (DevOps)"", ""Sr. Systems Engineer"", ""Software engineer"", ""Python Developer"", ""Product Manager"", ""Cloud Infrastructure Engineer"", ""Business Analyst"", ""Cloud Data Engineer"", ""Senior Java/AWS Developer"", ""Java API Developer"", ""DevOps/Cloud Engineer"", ""Data Engineer"", ""Sr UI Developer"", ""DevOps AWS Engineer"", ""DevSecOps Engineer"", ""Sr systems Engineer"", ""LIVEDESIGN Platform Support Consultant"", ""Software developer"", ""Devops Engineer"", ""Java/AWS Tech Lead"", ""Senior Java Developer"", ""Data Security Engineer"", ""SRE-Middleware / Cloud-Engineer"", ""TIBCO SPOTFIRE Developer"", ""Software Developer / Infrastructure (DevOps)"", ""Sr. DevOps Engineer"", ""Infrastructure Engineer III (Linux Systems Administrator)"", ""Senior Java AWS Developer"", ""Site Reliability engineer"", ""Aws Data Engineer""]",auto,2026-06-07,2026-06-07
"Mobicloud, LLC",LLC,541511,,Cedar Park,TX,78613,59,,,[],false,low,"[""Software Test Engineer"", ""Software Engineer"", ""Data Analyst"", ""JAVA DEVELOPER"", ""SOFTWARE ENGINEER (JAVA DEVELOPER)"", ""DATA ANALYTICS AND PROJECT MANAGEMENT SPECIALIST"", ""BUSINESS ANALYST"", ""Sr. Software Engineer"", ""Project Manager"", ""SQL DEVELOPER"", ""ORACLE FUSION CLOUD DEVELOPER"", ""SOFTWARE DEVELOPER"", ""DATA ENGINEER"", ""SOFTWARE ENGINEER"", ""TECHNICAL PROJECT MANAGER"", ""FUNCTIONAL ARCHITECT"", ""PERFORMANCE TEST ENGINEER"", ""SITE RELIABILITY ENGINEER (SRE)"", ""AZURE BI DEVELOPER"", ""ORACLE FUSION CONSULTANT"", ""BACKUP ENGINEER"", ""SOLUTIONS ARCHITECT"", ""SNAPLOGIC ARCHITECT"", ""JAVA SPRING BOOT"", ""ASSOCIATE - QA"", ""TECHNICAL DEVELOPER"", ""DEVOPS ENGINEER"", ""DATA ANALYST"", ""SUPPORT ENGINEER"", ""UI DEVELOPER"", ""SOFTWARE ENGINEER-I"", ""Technical Architect"", ""TABLEAU DEVELOPER"", ""PERFORMANCE ENGINEER"", ""SDET ENGINEER"", ""ETL DEVELOPER"", ""POWER APPS/SQL DEVELOPER"", ""INCIDENT ANALYST"", ""DEVOPS TECHNICAL ENGINEER"", ""PROJECT MANAGER"", ""DATA ARCHITECT"", ""APPLICATION DEVELOPER - JAVA & WEB TECHNOLOGIES"", ""PRODUCT OWNER""]",auto,2026-06-07,2026-06-07
Satya Soft Solutions LLC,LLC,541511,,JEFFERSON CTY,MO,65109,59,,,[],false,low,"[""Validation Engineer"", ""QUALITY ENGINEER"", ""SUPPLIER QUALITY ENGINEER"", ""Mechanical Design Engineer"", ""Manufacturing & validation engineer"", ""SOFTWARE DEVELOPER"", ""MANAGEMENT ANALYST"", ""VALIDATION ENGINEER"", ""Software Developer"", ""SOFTWARE DEVELOPERS"", ""Industrial Engineer"", ""DATABASE ADMINISTRATOR"", ""PROCESS ENGINEER"", ""REGULATORY AND COMPLIANCE ANALYST"", ""SOFTWARE QA DEVELOPER"", ""COMPUTER PROGRAMMER"", ""DATA SCIENTIST"", ""COMPUTER SYSTEMS ANALYST"", ""SENIOR CONSULTANT"", ""DEVOPS ENGINEER"", ""Management Analyst""]",needs_review,2026-06-07,2026-06-07
Rite Software Solutions & Services LLC,LLC,541511,,Houston,TX,77084,60,,,[],false,low,"[""Information Technology Analyst"", ""Product Development Head"", ""Software Developer"", ""Product/Delivery Head"", ""Business Intelligence Analyst"", ""Information Systems Manager"", ""Market Research Analyst"", ""Solutions Architect"", ""Computer Systems Analyst"", ""Controller"", ""Accountant"", ""Database Administrator"", ""Business Operations Specialist"", ""Computer Systems Engineers"", ""Technology Lead"", ""Technical Architect"", ""Systems Engineer"", ""Principal Engineer"", ""Senior Software Developer"", ""Business Solution Architect"", ""Associate Vice President - Supply Chain Management (AVP-SCM)"", ""Oracle PPM Functional Consultant"", ""Oracle HCM Technical Consultant"", ""Oracle HCM Functional Consultant"", ""Director - Oracle Delivery Services"", ""Delivery Head"", ""Director of Technology"", ""Principal Enterprise Architect"", ""Oracle ERP Systems Manager""]",auto,2026-06-07,2026-06-07
Pro Seven IT LLC,LLC,541511,,Dallas,TX,75039,61,,,[],false,low,"[""Software Developer"", ""Software Engineer"", ""IT Project Manager"", ""Lead Software Engineer"", ""Lead Software Developer"", ""Data Engineer"", ""Sr Software Developer"", ""Product Owner"", ""Business Intelligence Analyst"", ""Java Programmer""]",auto,2026-06-07,2026-06-07
Celersoft LLC,LLC,541511,,Houston,TX,77079,62,,,[],false,low,"[""Software Developer/Integration Developer"", ""Agile Metrics Analyst/ Data Analyst"", ""SAP SuccessFactors Implementation / Developer"", ""Software Developer"", ""AEM Software Developer"", ""Software Developer/Application"", "".Net Developer"", ""Oracle Agile PLM Developer"", ""SAP BW Developer"", ""Software Engineer"", ""SOFTWARE APPLICATION DEVELOPER"", ""QA AUTOMATION TESTER"", ""SOFTWARE ENGINEER"", ""SECURITY ENGINEER"", ""PEGA DEVELOPER"", ""DATA ENGINEER"", "".Net fullstack Developer"", ""SAP Success Factor Consultant"", ""Java Developer"", ""Java/Scala Developer"", ""Salesforce consultant"", ""QA Engineer"", ""IT Project Manager"", ""SAP GRC Architect"", "".Net Fullstack Developer"", ""SAP Security and GRC Consultant"", ""Salesforce Consultant"", ""Automation Engineer""]",auto,2026-06-07,2026-06-07
Iotics Corporation LLC,LLC,541511,,Plano,TX,75074,62,,,[],false,low,"[""Software Developer"", ""Software Engineer"", ""Network Engineer"", ""Sr. Java AWS Developer"", ""Java Developer"", ""Software/Salesforce Developer"", ""Salesforce Developer"", ""Senior Software Developer"", ""Middleware Developer"", ""SAP Developer"", ""Software developer""]",auto,2026-06-07,2026-06-07
"RESOURCE INTEGRATORS, LLC",LLC,541511,,AUSTIN,TX,78701,63,,,[],false,low,"[""Automation Test Engineer"", ""SOFTWARE ENGINEER"", ""SOFTWARE DEVELOPER"", ""SOFFTWARE DEVELOPER"", ""APPLICATION DEVELOPER"", ""SAP CONSULTANT"", ""SENIOR SOFTWARE ENGINEER"", ""SENIOR SOFTWARE  ENGINEER"", ""AUTOMATION TESTER"", ""Software Developer"", ""DATA ANALYST"", ""DATA ENGINEER"", ""BANNER DBA"", ""PRODUCT ANALYST"", ""SALESFORCE DEVELOPER"", ""SALESFORCE ENGINEER"", ""QA TESTER"", ""Software Engineer"", ""Technical Consultant - JT"", ""CYBERSECURITY ENGINEER"", ""MACHINE LEARNING ENGINEER"", ""QA ANALYST"", ""SAP FICO CONSULTANT"", ""PRODUCT MANAGER"", ""BUSINESS INTELLIGENCE DEVELOPER"", ""TECHNICAL LEAD"", ""FULL STACK DEVELOPER"", ""SENIOR GIS ANALYST (SOFTWARE ENGINEER/SOFTWARE DEVELOPER)"", ""SENIOR DATA ENGINEER"", ""ORACLE BI LEAD"", ""SR. FULL STACK DEVELOPER"", ""FINANCIAL ANALYTICS SPECIALIST"", ""SAP FICO Consultant"", ""Salesforce Developer"", ""PERFORMANCE ENGINEER""]",auto,2026-06-07,2026-06-07
ASHATEK LLC,LLC,541511,,Mckinney,TX,75069,63,,,[],false,low,"[""Senior DevOps Engineer"", ""Salesforce Administrator"", ""Database Administrator"", ""Salesforce Admin/Developer"", ""Software Developer"", ""Java Developer"", ""Lead Engineer"", ""Technology Lead"", ""ORACLE DBA"", ""Associate Software Engineer"", ""Sr. Software Engineer"", ""Software developer / DevOps Engineer"", ""Java  Developer"", ""AWS Cloud Administrator and MS SQL DBA"", ""Application Development Analyst"", ""Data Analyst"", ""Sr Software Engineer"", ""Data Engineer (Data Modeling)"", ""Sr Software Developer"", ""Senior Software Engineer"", ""Senior Java Developer"", ""Software Quality Assurance Analysts and Testers"", ""Product Owner"", ""SOFTWARE QUALITY ANALYST"", ""DATABASE ADMINISTRATOR"", ""SOFTWARE DEVELOPER"", ""AWS Architect"", ""Software Engineer"", ""QA Analyst"", ""IT PROJECT MANAGER"", ""QA Manager"", ""Salesforce CPQ Developer"", ""Full Stack Java Developer"", ""ServiceNow Developer"", ""UI/UX Designer"", ""Azure DevOps Engineer"", ""Software Development Engineer in Test"", ""Logistics Analyst""]",needs_review,2026-06-07,2026-06-07
Cognitive Data Intelligence LLC,LLC,54151,,Carrollton,TX,75006,63,,,[],false,low,"[""Computer Systems Engineer"", ""Software Developer"", ""SOFTWARE DEVELOPER"", ""DATA ANALYST"", ""BUSINESS INTELLIGENCE ANALYST"", ""COMPUTER SYSTEMS ENGINEER"", ""DATABASE ADMINISTRATOR"", ""software developer"", ""DATA ENGINEER"", ""Informatica PowerCenter Developer"", ""ML AND DATA INTEGRATION ANALYST"", ""TECHNICAL PROJECT MANAGER"", ""COMPUTER PROGRAMMER"", ""INFORMATICA POWERCENTER DEVELOPER"", ""MDM Developer"", ""Software Engineer""]",auto,2026-06-07,2026-06-07
FIRSTNET GLOBAL LLC,LLC,541511,,FRISCO,TX,75035,64,,,[],false,low,"[""Analyst - Systems/Programmer"", ""COMPUTER SYSTEMS CONSULTANT"", ""SOFTWARE DEVELOPER"", ""SENIOR DEVELOPER"", ""UI/UX DEVELOPER"", ""SAP DEVELOPER"", ""Software Developer"", ""LEAD QUALITY AUTOMATION ENGINEER"", ""SENIOR CLOUD ENGINEER"", ""SENIOR SOFTWARE DEVELOPER"", ""SOFTWARE ENGINEER"", ""SENIOR SOFTWARE ENGINEER"", ""INFORMATION SECURITY ENGINEER"", ""Data Center Operations Lead"", ""DATA ENGINEER"", ""INFRASTRUCTURE  ENGINEER"", ""CLOUD ENGINEER"", ""JAVA DEVELOPER"", ""SALESFORCE DEVELOPER"", ""SENIOR CLOUD  ENGINEER"", ""AI/ML ENGINEER"", ""DEVOPS ENGINEER"", ""SENIOR NETWORK ENGINEER"", ""SENIOR JAVA DEVELOPER"", ""SENIOR DATA ENGINEER"", ""Java Developer"", ""Principle Engineer"", ""Systems Engineer"", ""Dot Net Developer"", ""Cloud Security Engineer"", ""Dell Boomi Developer"", ""Infrastructure Systems Consultant"", ""AI/ML Engineer""]",auto,2026-06-07,2026-06-07
MAXSOFT IT LLC,LLC,541511,,Frisco,TX,75035,64,,,[],false,low,"[""UI/React Developer"", ""Network Engineer"", ""Software Engineer"", ""Software Analyst/Engineer"", ""JAVA DEVELOPER"", ""Programmer Analyst"", ""JAVA APPLICATION DEVELOPER"", ""Applications Engineer"", ""SOA Developer"", ""C Plus Plus JavaScript Developer"", ""Programmer"", ""Software Developer"", ""UI Developer"", ""C Plus Plus Developer"", ""Computer Programmer"", ""Data Engineer"", ""Developer"", ""SOA developer"", ""Java Developer"", ""Full Stack Engineer"", ""Angular Developer"", ""Java Application Developer"", ""Firmware Test Engineer"", ""Test Engineer"", ""FIRMWARE DEVELOPER"", ""Software Integration Engineer"", ""Support Analyst"", ""Systems Design Engineer"", ""SYSTEMS RELIABILITY ENGINEER"", ""Embedded Software Engineer""]",auto,2026-06-07,2026-06-07
Naten LLC,LLC,541511,,Plano,TX,75074,64,,,[],false,low,"[""Software Developer"", ""Software Engineer"", ""Cloud & DevOps Engineer"", ""SAP MM"", ""Java Backend Developer"", ""Database Administrator"", ""Software Engineer (DevOps)"", ""Sr Business Analyst"", ""DevOps Engineer"", ""Data Engineer"", ""Software Quality Analyst"", ""Computer Programmer (DevOps Engineer)"", ""Computer Programmer"", ""PL/SQL Developer"", ""iOS Developer"", ""Java Developer"", ""Workday Consultant"", ""System Analyst"", ""SAP EWM Consultant"", ""SAP SD Consultant"", ""Information Security Analyst"", ""QA Automation Engineer"", ""SAP MM Consultant"", ""SAP OTC - SD/MM -Consultant"", ""Java Full Stack Developer"", ""Software developer"", ""Cloud & DevOps engineer"", ""Senior SQL Server Database Administrator"", ""BI ETL Developer II""]",auto,2026-06-07,2026-06-07
Smart Info Solutions LLC,LLC,541512,,Southlake,TX,76092,65,,,[],false,low,"[""Java Full Stack Developer"", ""Software Developer"", ""SOFTWARE ENGINEER"", ""SOFTWARE DEVELOPER"", ""SENIOR SYSTEMS ENGINEER"", ""BUSINESS INTELLIGENCE ANALYST"", ""SENIOR .NET DEVELOPER"", ""SAP FUNCTIONAL ANALYST"", ""SENIOR SOFTWARE DEVELOPER"", ""SOLUTION ARCHITECT"", ""BUSINESS SYSTEMS ANALYST"", ""PROJECT MANAGER"", ""IT PRODUCT OWNER"", ""LEAD SOFTWARE ENGINEER"", ""FULL STACK ENGINEER"", ""SENIOR BUSINESS ANALYST"", ""Software Engineer"", ""SYSTEMS ARCHITECT III"", ""ADOBE CAMPAIGN DEVELOPER"", ""SAP INTEGRATION ENGINEER"", ""BUSINESS ANALYST"", ""SAP FUNCTIONAL BUSINESS INTELLIGENCE ANALYST"", ""DATA CENTER ENGINEER"", ""DATA CENTRE SYSTEMS ENGINEER(SME)""]",auto,2026-06-07,2026-06-07
CloudZenix LLC,LLC,541511,,Irving,TX,75038,65,,,[],false,low,"[""Junior Devops Engineer"", ""Cloud Platform DevOps Engineer (PCF)"", ""Cloud DevOps Engineer."", ""Cloud Platforms Technical Services Manager"", ""PCF Cloud DevOps Engineer"", ""Software Developer"", ""Devops Engineer"", ""Software Engineer"", ""Software Engineer PowerBI & SQL Developer"", ""DATAWAREHOUSE CONSULTANT"", ""SAP BOBJ Administrator"", ""Automation Engineer"", ""System Engineer"", ""Datawarehouse Senior Consultant"", ""Technical Architect"", ""IT Project Manager"", ""Cloud DevOps Engineer"", ""Technical Assistant Manager ( TAM)"", ""End User Computing Operations Manager"", ""Solution Architect"", ""Data/Business Analyst II"", ""Flutter Developer"", ""Site Reliability Engineer (SRE)"", ""DevOps Administrator"", ""Cloud  Support Engineer"", ""Software  Test Engineer"", ""DevOps Engineer""]",auto,2026-06-07,2026-06-07
DIGICLOUD LLC,LLC,541511,,Dallas,TX,75234,66,,,[],false,low,"[""Automation Engineer"", ""Software Developer"", ""SOFTWARE DEVELOPER"", ""Design Engineer"", ""Quality Engineer"", ""Business Intelligence Analyst"", ""Sr Software engineer"", ""Systems Engineer"", ""Data Engineer"", ""CIVIL ENGINEER"", ""SAP Consultant"", ""Sr Data Analyst"", ""Automation Test Engineer"", ""Senior Systems Engineer"", ""Salesforce Developer"", ""Full Stack Developer"", ""Java Full Stack Developer"", ""Validation Engineer"", ""DotNet Developer"", ""Java/J2EE Developer"", ""Sr Software Engineer"", ""Software Engineer"", ""Senior System Engineer"", ""Mobile App Developer"", ""Senior Technical Architect"", ""Java Full Stack Engineer"", ""Sr. Python Developer""]",auto,2026-06-07,2026-06-07
ASINFOTECZ LLC,LLC,541511,,Plano,TX,75093,66,,,[],false,low,"[""SOFTWARE DEVELOPER"", ""Software Engineer"", ""Software Developer"", ""Sr. Software Developer"", ""Sr. Software Engineer"", ""Data Analyst""]",auto,2026-06-07,2026-06-07
IONIC TECHNOLOGIES LLC,LLC,541511,,HOUSTON,TX,77036,67,,,[],false,low,"[""SYSTEM SOFTWARE CONFIGURATION SENIOR TECHNOLOGIST"", ""ETL Software Developer"", ""System Software Configuration Senior Technologist"", ""JAVA DEVELOPER"", ""SOFTWARE ENGINEER"", ""DATA ENGINEER"", ""FULLSTACK DEVELOPER"", ""Workday Consultant"", ""DevOps Consultant"", ""Software Engineer"", ""Business Analyst"", ""SOFTWARE DEVELOPER"", ""PROJECT MANAGER L1"", ""BI Analyst"", ""System Analyst"", ""Java Developer"", ""Database Administrator"", ""Software Developer"", ""Senior Appian Developer"", ""Cloud Data Engineer"", ""Data Engineer"", ""Oracle Applications DBA"", ""SAP FICO CONSULTANT"", ""Technical Lead"", ""SAP Functional Consultant"", ""Data engineer/analyst"", ""Computer Systems Analyst"", ""Data Analyst"", ""SAP Data Analyst"", ""SAP Analyst"", ""Mobile Data Analyst"", ""Transmission Analyst"", ""DATA ANALYST"", ""Globality Data Engineer/Analyst with PowerBI"", ""QA Engineer"", ""Operations Analyst"", ""Appian Developer"", ""Functional Analyst""]",needs_review,2026-06-07,2026-06-07
Zilpin Tech LLC,LLC,541511,,Farmers Branch,TX,75234,67,,,[],false,low,"[""Software Developer"", ""SAP Consultant"", ""Software Engineer"", ""Sap Consultant"", ""Data Engineer""]",auto,2026-06-07,2026-06-07
Ikon Systems LLC,LLC,541511,,Frisco,TX,75034,67,,,[],false,low,"[""ETL Developer"", ""Software Developer"", ""DATABASE ADMINISTRATOR"", ""Devops Engineer"", ""ServiceNow Developer"", ""Software Engineer"", ""Systems Engineer"", ""DevOps Engineer"", ""Computer Programmer"", ""Software Quality  Assurance Analyst"", ""Sr. Java Full Stack Developer"", ""Sr. Full Stack Developer"", ""Senior DevSecOps Architect"", ""Business Analyst"", ""Applications Architect Salesforce"", ""Applications Architect Salesfforce"", ""Developer - DevOps Engineer""]",auto,2026-06-07,2026-06-07
Octagon IT LLC,LLC,541511,,Irving,TX,75062,69,,,[],false,low,"[""Azure Data Engineer"", ""Salesforce Developer"", ""DevOps Engineer"", ""IT Consultant (Data Engineer)"", ""Software Engineer"", ""IT Consultant (SAP Consultant)"", ""IT Consultant (DevOps Engineer)"", ""Oracle Database Administrators"", ""IT Consultant (Technical Analyst)"", ""Business Analyst"", ""Software Development Engineer"", ""IT Consultant (Test Lead)"", ""Sr. IT Consultant (Sr. EDI Developer)"", ""Senior Middleware Developer"", ""IT Consulatnat (.Net Technial Lead)"", ""Software Quality Assurance Engineers and Testers"", ""SQL Server DBA"", ""IT Consultant(Big Data/ Spark Developer)"", ""Systems Engineer"", ""Sr. Data Engineer"", ""Application Development Engineer"", ""Data Analyst"", ""Data Engineer"", ""IT Analyst"", ""Data Scientist"", ""Clinical Data Analyst"", ""IT Consultant (AWS Data Engineer)"", ""Technical Consultant"", ""IT Consultant (React Native Developer )"", ""SAP Functional Consultant"", ""Functional Analyst"", "".Net Developer"", ""QA Automation Engineer"", ""AS400/iSeries Developer"", ""Software Developer"", ""IT Consultant (Solutions Architect)"", ""Software Development Engineer in Test (SDET)"", ""Software Development Engineer in Test"", ""BI Analyst"", ""Sr. Middleware Developer"", ""IT Consultant (.NET Technical Lead)"", ""QA Engineer"", ""SAP Architect"", ""IT Consultant (Python Developer)""]",auto,2026-06-07,2026-06-07
Data Strategies Interchange LLC,LLC,541511,,Houston,TX,77084,69,,,[],false,low,"[""IT Infrastructure and Cyber Security Analyst"", ""Software Developer"", ""Professional Services Specialist - Cloud Migration"", ""IT Network Infrastructure & Cyber Security Project Engineer"", ""Cloud Infrastructure Architect"", ""Software Architect"", ""Software Engineer"", ""Senior Functional Analyst - Microsoft Dynamics D365 F&O"", ""Software Developer, System Software"", ""Security Risk Analyst II"", ""Senior Software Engineer"", ""Senior Site Reliability Engineer"", ""Site Reliability Software Engineer"", ""Solution Architect"", ""Software /Application Development Engineer"", ""Senior Big Data Engineer"", ""SAP Associate"", ""Sr. ASIC Engineer"", ""Process Engineer"", ""Sr. Business Systems Analyst"", ""Technical Project Manager"", ""Multi Cloud Architect"", ""Senior Software Fullstack Developer"", ""Senior ASIC Engineer"", ""Senior Software Quality Assurance Analyst /Quality Engineer"", ""Azure/AWS Cloud Engineer"", ""Financial Data Analyst"", ""Azure / AWS Cloud Engineer"", ""Data Engineer"", ""Data Scientist"", ""Information Security Engineer"", ""Cloud Data Engineer""]",auto,2026-06-07,2026-06-07
GenuineIT LLC,LLC,541512,,Houston,TX,77036,70,,,[],false,low,"[""Software Developer / Teradata Developer"", ""Software Developer"", ""Application Developer"", ""Applications Developer"", ""Software Engineer / Release Engineer"", ""Software Developer, Applications"", ""COMPUTER PROGRAMMERS/ EMBEDDED ENGINEER"", ""SITECORE DEVELOPER"", ""JAVA UI DEVELOPER"", ""SAP TECHNICAL SERVICE MANAGER"", ""SR. DATAWAREHOUSE DEVELOPER"", ""SAP GRC CONSULTANT"", ""SENIOR RPA DEVELOPER"", ""PRODUCT OWNER"", ""SAP EWM CONSULTANT"", ""APPLICATION TESTER/DEVELOPER"", ""RPA Developer"", ""DevOps Engineer"", ""Application Tester/Developer"", ""Java / Applications Developer"", ""Application Tester / Developer"", "".Net Developer"", ""Systems Tester / Developer"", ""SOFTWARE DEVELOPER"", ""Genesys CTI Engineer"", ""Software Engineer"", ""Azure Developer (Data)"", ""SOFTWARE TEST ENGINEER"", "".NET DEVELOPER"", ""SOFTWARE ENGINEER / RELEASE ENGINEER"", ""Sitecore Developer / Software Developer"", ""Sitecore Developer"", ""Software Engineer-Applications(API)Development & Integration"", ""Software Engineer / DevOps Engineer"", ""SAP consultant"", ""Sitecore Developer / Sotftware Developer"", ""AI/ML Engineer"", ""IT Consultant""]",auto,2026-06-07,2026-06-07
CONGLOMERATEIT LLC,LLC,54151,,ADDISON,TX,75001,71,,,[],false,low,"[""BUSINESS INTELLIGENCE ANALYST (DATA ANALYTICS)"", ""Systems Engineer (Networking)"", ""Senior QA Analyst"", ""SOFTWARE DEVELOPER"", ""Senior Software Developer"", ""Software Engineer"", ""SQL/BI Developer"", ""Software Developer"", ""PRODUCT MANAGER"", ""SQL / BI Developer"", ""SOFTWARE QUALITY ASSURANCE ENGINEER"", ""SYSTEMS ANALYST"", ""PROGRAM MANAGER"", ""SCRUM MASTER"", ""SOFTWARE ENGINEER"", ""SYSTEMS ENGINEER (NETWORKING)"", ""SENIOR QA ANALYST"", ""HR Manager"", ""SQA Engineer (Performance)"", ""Software QA Analyst"", ""Market Research Analyst"", ""Business Systems Analyst"", ""HR SPECIALIST"", ""SQA Engineer"", ""SQA ENGINEER"", ""Delivery Manager (Performance COE)"", ""INFRASTRUCTURE SOLUTIONS ENGINEER"", ""WORKDAY CONSULTANT"", ""SQL/BI DEVELOPER"", ""DEVOPS ENGINEER"", ""DATA ENGINEER"", ""TECHNICAL ARCHITECT"", ""SALESFORCE DEVELOPER"", ""SALESFORCE ARCHITECT"", ""PRODUCT OWNER""]",auto,2026-06-07,2026-06-07
"McAfee, LLC",LLC,511210,,Plano,TX,75024,71,,,[],false,low,"[""Lead Site Reliability Engineer"", ""Cloud Software Engineer"", ""Cloud Software Quality Assurance Engineer - Test Automation"", ""DevOps Engineer"", ""Software Development Engineer"", ""Product Manager"", ""Software Apps Engineer"", ""Mgr, Software QA Engineering"", ""Cloud Financial Analyst"", ""Information Security Specialist"", ""Lead Software Development Engineer"", ""Sr. Data Scientist"", ""Senior Vice President of Marketing Strategy and Analytics"", ""Senior Data Scientist - Experimentation"", ""Data Analyst"", ""Sr. Software Engineer"", ""Data Scientist"", ""Data Science Manager"", ""Data Scientist- Market Analytics"", ""Sr Dir, Product Management"", ""Pricing Manager"", ""Site Reliability Engineer Lead"", ""Systems Analyst"", ""Manager of DevOps"", ""Pricing Specialist"", ""Sr Software Quality Engineer"", ""Sr. Cloud Software Architect"", ""Sr. Software Development Engineer"", ""Sr Mgr, Marketing"", ""Cloud Infrastructure Engineer"", ""Sr. Product Manager"", ""Technical Program Manager"", ""Senior Data Scientist"", ""Cloud Staff Software Development Engineer"", ""Principal Product Manager"", ""Senior Cloud Software Engineer"", ""Senior AWS Cloud & DevOps Architect"", ""Lead AI Enterprise Data Engineer"", ""BI/Data Visualization Developer"", ""Sr. SDET AEM"", ""Software Development Engineer in Test"", ""Software Engineer"", ""AEM Software Development Engineer"", ""Software Architect - Cloud & Data Platforms"", ""UI Software Engineer"", ""Sr Software Development Engineer"", ""Dir, Enterprise Data Engineering"", ""Sr. Software Engineer Backend"", ""Sr Mgr, Security Testing and Vulnerability Management"", ""Sr Manager, Technical Program Management""]",auto,2026-06-07,2026-06-07
TechniPros LLC,LLC,541511,,Plano,TX,75024,71,,,[],false,low,"[""Data Engineer"", "".NET Developer"", ""JAVA DEVELOPER (WEB SERVICES, SPRING, RESTFUL) IV"", ""SR. SOFTWARE ENGINEER"", ""Data Scientist"", ""Technical Training Specialist"", ""Software Developer"", ""Software Engineer"", ""Sr Software Developer"", ""Java Developer"", ""LEAD CONSULTANT"", "".Net Developer"", ""Business Analyst"", ""IAM / SailPoint Admin"", ""Lead Consultant"", ""IOS Mobile Developer Sr."", ""Machine Learning Engineer"", ""Okta Engineer"", ""Data engineer"", ""SOFTWARE DEVELOPER"", ""Computer Programmer"", ""Software Quality Analyst"", ""COMPUTER SYSTEMS ANALYST""]",auto,2026-06-07,2026-06-07
AYITC LLC,LLC,541511,,FRISCO,TX,75034,73,,,[],false,low,"[""Software Developer"", ""Technical Support Engineer"", ""Senior Software Engineer"", ""BI Developer"", ""ETL Developer"", ""Java Backend Developer"", ""Test Automation Engineer"", ""Software Engineer"", ""DevOps Engineer"", ""Azure Architect II"", ""Java Developer"", ""Power BI Developer"", ""Salesforce Developer"", ""SAP Programmer"", ""BI Designer / Architect"", ""BI Design and Architect"", ""AUTOMATION TESTER"", ""Data Engineer"", ""Software Quality Assurance Analysts"", ""BI Analyst"", ""Software Development Engineer in Test (SDET)"", ""Director IT"", ""Senior Computer Systems Analysts"", ""Web Developer/ Front-End Developer"", ""Software Developer \u2013 Python Developer"", ""Software Quality Engineer"", ""Project Manager"", ""Project Manger"", ""Software Quality Assurance Analyst"", ""Automation Engineer"", ""Cloud Data Engineer"", ""QA Analyst"", ""QA Manager"", ""Java Cloud Developer"", ""Designer UX Standard III""]",auto,2026-06-07,2026-06-07
"CDK GLOBAL, LLC",LLC,541519,,78758,TX,78758,73,,,[],false,low,"[""Staff Software Engineer"", ""Sr. Software Engineer"", ""UX Designer"", ""Senior Software Engineer"", ""Staff Technology Program Manager"", ""Software Engineer"", ""SR. SOFTWARE ENGINEER"", ""Sr. Manager, UX"", ""Implementation Manager"", ""LEAD BUSINESS SYSTEMS ANALYST"", ""Sr. Business Systems Analyst"", ""SOFTWARE ENGINEER"", ""Senior Product Manager"", ""UX DESIGNER"", ""Sr. Market Research Analyst"", ""Lead Infrastructure Service Engineer"", ""Sr Software Engineer"", ""Lead Product Manager"", ""SENIOR  SOFTWARE ENGINEER"", ""Principal Software Engineer"", ""MANAGER, ENGINEER"", ""PRINCIPAL SOFTWARE ENGINEER"", ""Sr Infrastructure Service Engineer"", ""SENIOR SOFTWARE ENGINEER"", ""STAFF  SOFTWARE ENGINEER"", ""Senior Data Architect"", ""Salesforce Technical Architect"", ""Architect"", ""Associate Technology Project Manager"", ""Software Developer Engineer in Test"", ""Sr Manager Engineering"", ""Senior Technology Project Manager"", ""Sr. Manager, Engineering"", ""Senior SDET"", ""Cloud Azure Engineer"", ""UX Researcher"", ""Business Process Analyst (Business Ops / Reporting Analyst)"", ""Sr Product Manager"", ""Associate Legal Counsel"", ""Operations Automation Engineer Associate""]",needs_review,2026-06-07,2026-06-07
Vidu Solutions LLC,LLC,541511,,Houston,TX,77077,74,,,[],false,low,"[""SAP Consultant"", ""Information Security Specialist"", ""Scada Specialist"", ""Software Engineer"", ""Workday Consultant"", ""ServiceNow Developer"", ""SAP Cloud Consultant"", ""ETL Developer"", ""Ariba Cloud Engineer"", ""SAP Business Analyst"", ""Business Analyst"", ""Senior Application Developer"", ""Application Developer"", ""Data Scientist"", ""Quality Engineer"", ""DevOps Engineer"", ""Oracle Consultant"", ""SAP CONSULTANT"", ""Application Security Consultant"", ""Java Developer"", ""Software Developer"", ""Technical Project Manager""]",auto,2026-06-07,2026-06-07
"Devu Solutions, LLC",LLC,541512,,Frisco,TX,75034,75,,,[],false,low,"[""Software Developer"", ""Software Engineer"", ""Computer Systems Analyst"", ""Database Administrator"", ""Business Intelligence Analyst"", ""Software Quality Assurance Analyst"", ""Project Manager"", ""Data Scientist"", ""Business Analyst"", ""Application Solution Architect"", ""Data Engineer"", ""SOFTWARE DEVELOPER"", ""DevOps Engineer"", ""Technical Architect""]",auto,2026-06-07,2026-06-07
EZ4 Technologies LLC,LLC,541511,,Plano,TX,75023,76,,,[],false,low,"[""System Engineer"", ""Software Application Developer"", ""Sitecore Developer"", ""Application Developer"", ""Senior Java Developer"", "".NET Developer"", ""Software Developer"", ""Software Build & Release Engineer"", ""DevOps Engineer"", ""IT Project Lead"", ""Java Full Stack Developer"", ""IT Project Manager"", ""Ariba Team lead"", ""Software Engineer"", ""IT project Lead"", ""Sr Java Developer/Software Developer"", ""Software Defined Network Engineer"", ""Data Analyst"", ""Software Developer / DotNet Developer"", ""Senior Software Engineer"", ""Java Software Developer"", ""Business Systems Analyst"", ""Software Developer/Software Engineer"", ""DBRE(DataBase Reliability Engineer)"", ""Java Developer"", ""Backend Integration Developer"", ""System Engineer/DevOps Engineer"", ""Technology Lead"", "".Net Programmer"", "".Net Developer"", ""Network Engineer"", ""Assistant Consultant"", ""Data Engineer"", ""QA Automation Engineer"", ""Sr Cloud Engineer"", ""Sr React Developer"", ""Senior Software Developer"", ""Salesforce developer"", ""Salesforce Developer""]",auto,2026-06-07,2026-06-07
Syntain Technologies LLC,LLC,541511,,Dallas,TX,75208,76,,,[],false,low,"[""Software Developer"", ""Software Engineer"", ""Quality Assurance Analyst"", ""Senior Business Systems Analyst"", ""Systems Engineer"", ""Business Analyst"", ""Senior Consultant"", ""Data Analyst"", ""Cloud Engineer"", ""Senior Software Engineer"", ""DATA SCIENTIST"", ""Senior Programmer Analyst"", ""Computer Systems Engineers"", ""Data Scientist"", ""Software Tester"", ""SAP Consultant"", ""Financial Reporting Analyst"", ""Sr. Software Engineer"", ""HIMS-HIE Enterprise Architect"", ""Information Technology Officer"", ""AWS DevOps Engineer"", ""Application Performance Monitoring Engineer"", ""Software APM Engineer"", ""Gen AI Consultant"", ""SRE Engineer"", ""DevOps Engineer"", ""AWS SRE Engineer"", ""Enterprise Architect"", ""Devops Engineer"", ""Citrix Engineer"", ""Data Engineer"", ""Full Stack Java Developer""]",needs_review,2026-06-07,2026-06-07
Softworld Technologies LLC,LLC,541511,,Plano,TX,75075,76,,,[],false,low,"[""Software Developer"", ""Java Developer"", ""Software Engineer"", ""Software Development Engineer in Test"", ""Data Engineer"", ""Full stack Developer"", ""Java Full Stack Developer""]",auto,2026-06-07,2026-06-07
Epitomsoft LLC,LLC,541511,,CEDAR PARK,TX,78613,76,,,[],false,low,"[""Software Engineer"", ""Software Developer"", ""Technical Specialist"", ""Sr. Software Engineer"", ""Data Engineer""]",auto,2026-06-07,2026-06-07
"VISYS CLOUD TECHNOLOGIES, LLC.",LLC,541511,,McKinney,TX,75070,77,,,[],false,low,"[""Software Developer"", ""Software Engineer"", ""Cloud DevOps Engineer"", ""Business intelligence-Data science"", ""SOFTWARE DEVELOPER"", ""MANAGEMENT ANALYST"", ""SENIOR QA ANALYST"", ""BUSINESS INTELLIGENCE ANALYST"", ""DATABASE ADMINISTRATOR"", ""SOFTWARE ENGINEER"", ""COMPUTER PROGRAMMER"", ""IT PROJECT MANAGER"", ""DATA SCIENTIST"", ""COMPUTER SYSTEM ANALYST"", ""CMUPUTER SYSTEM ANALYST"", ""COMPUTER SYSTEMS ANALYST"", ""BUSINESS ANALYST""]",auto,2026-06-07,2026-06-07
SCOTTLINE LLC,LLC,541511,,Irving,TX,75063,77,,,[],false,low,"[""Senior Software Engineer"", ""Software Engineer"", ""SOFTWARE ENGINEER"", ""ORACLE APPS DATABASE ADMINISTRATOR"", ""Full Stack JAVA Developer"", ""JAVA Full Stack Developer"", ""PRINCIPAL CONSULTANT"", ""Sr. JAVA Developer"", ""UI/UX DEVELOPER"", ""SOFTWARE DEVELOPER"", ""SR. SOFTWARE DEVELOPER"", ""DATA ENGINEER"", ""SALESFORCE DEVELOPER"", ""System Administrator"", ""JAVA Systems Engineer"", ""JAVA Developer"", ""AUTOMATION ENGINEER"", ""IOS DEVELOPER"", ""CLOUD ENGINEER"", ""FULL STACK ENGINEER"", ""DATABASE ADMINISTRATOR"", ""PRINCIPAL ENGINEER"", ""System Validation Engineer"", ""TEST AUTOMATION ENGINEER"", ""AGILE SCRUM MASTER"", ""SR. JAVA FULL STACK DEVELOPER"", ""APPLICATION DEVELOPER"", ""SR SOFTWARE ENGINEER"", ""TEST ANALYST"", ""COMPUTER SYSTEMS ENGINEER""]",auto,2026-06-07,2026-06-07
QUBITZ TECH SYSYTEMS LLC,LLC,541511,,FRISCO,TX,75035,77,,,[],false,low,"[""SOFTWARE DEVELOPERS"", ""SOFTWARE DEVELOPER"", ""MANAGEMENT ANALYST""]",auto,2026-06-07,2026-06-07
STARTEKK LLC,LLC,541511,,PLANO,TX,75024,78,,,[],false,low,"[""COMPUTER SYSTEMS ANALYST"", ""SOFTWARE DEVELOPER"", ""SYSTEMS ANALYST/ERP"", ""FINANCIAL ANALYST"", ""SYSTEMS ANALYST"", ""Solutions Architect"", ""SOLUTIONS ARCHITECT"", ""Software Quality Assurance Analyst"", ""COMPUTER SYSTEM ANALYST"", ""Test Engineer / RF Engineer"", ""Software Quality Assurance Analysts and Testers""]",auto,2026-06-07,2026-06-07
"Neoage Services, LLC",LLC,541511,,Houston,TX,77084,78,,,[],false,low,"[""Software Engineer"", ""Information Technology Project Manager"", ""Senior Solution Architect - Microsoft Dynamics 365"", ""Software Developer \u2013 Microsoft Dynamics D365 CRM"", ""Software Developer"", ""SAP Associate"", ""Software Quality Assurance Analyst"", ""Data Scientist"", ""Techno Functional Supply Chain Project Manager"", ""Senior ETRM [Energy Trading Risk Management] Developer"", ""Applications Software Engineer"", ""ETRM [Energy Trading Risk Management] Developer"", ""Software Development Test Engineer"", ""Sr. Data Architect"", ""Java Developer"", ""Software Quality Assurance Engineer"", ""Sr. Solution Architect"", ""Cloud Solution Architect"", ""Senior Software Engineer- Curam Developer"", ""SAP Business Application Developer Level 2"", ""Full Stack Software Developer"", ""Software Development Engineer- Digital Products & Solutions"", ""Technical Architect Java Full Stack Development"", ""Software Application Engineer"", ""Mechanical Design Engineer"", ""eDiscovery SME Technical Lead"", ""Senior Software Developer"", ""Senior Software Build-Release Admin"", ""Curam Build/Release Administrator"", ""Senior Solution Architect \u2013 Microsoft Dynamics 365"", ""Software Quality Engineer"", ""Full Stack Software Engineer"", ""Technical Product Manager"", ""Senior ETRM [Energy Trading and Risk Management] Developer""]",auto,2026-06-07,2026-06-07
SSTech LLC,LLC,541511,,Irving,TX,75039,79,,,[],false,low,"[""Data Engineer"", ""Software Engineer"", ""Software Developer"", ""Scrum Master"", ""JAVA Application Developer"", ""Application Development Associate(RPA)"", ""Project Manager/Delivery Manager"", ""Lead Software Developer"", ""Sr Software Developer"", ""Automation Validation Engineer"", ""SOFTWARE DEVELOPER"", ""SOFTWARE ENGINEER"", ""Lead Data Engineer"", ""Lead Software Engineer"", ""Lead IT Project Manager"", ""SR Software Developer"", ""Software  Engineer"", ""Computer System Validation Engineer"", ""Technical Product Owner"", ""Quality Test Engineer"", ""Software Developer Engineer in Test"", ""Product Owner"", ""Project Manager"", ""DBT Developer"", ""SAP EWM Functional Consultant"", ""SAP EWM Technical Consultant"", ""Senior Programmer Analyst""]",needs_review,2026-06-07,2026-06-07
HOLLERITH IT SOLUTIONS LLC,LLC,541511,,Houston,TX,77036,79,,,[],false,low,"[""Software Developer"", ""Software Development Engineer in Test"", ""Software Engineer"", ""Scrum Master"", ""Data Engineer"", ""Business Intelligence Developer"", ""Business Analyst"", ""Business Development Analyst"", ""DevOps Engineer"", ""Mainframe Developer"", ""Devops Engineer"", ""Software Quality Assurance Analysts and Testers"", ""Software Developers""]",auto,2026-06-07,2026-06-07
CLOUD ACT LLC,LLC,541511,,Plano,TX,75024,79,,,[],false,low,"["".Net Developer"", ""Software Engineer - II"", ""Software Engineer -III"", ""SOFTWARE DEVELOPER"", ""INFRASTRUCTURE SYSTEMS ENGINEER"", ""Sr. SQL Database Administrator"", ""Sr. JAVA DEVELOPER"", ""SOFTWARE ENGINEER"", ""Application Development Engineer"", ""ORACLE TECHNICAL CONSULTANT"", ""ETL DEVELOPER"", ""System Administartor"", ""JAVA DEVELOPER"", ""REACT DEVELOPER"", ""DEVOPS ENGINEER"", ""DATA ENGINEER"", ""ETL INFORMATICA DEVELOPER"", ""Software Engineer"", ""Software Engineer \u2013 II"", ""Site Reliability Engineer (SRE)"", ""Netapp Store Administrator"", ""Network Engineer"", ""Cloud Infrastructure Engineer"", ""QA Automation Engineer"", ""Data Scientist"", ""Lead- DevOps Engineer"", ""Oracle Technical Consultant"", ""Data Engineer"", ""Azure DevOps Engineer"", ""Big Data Engineer"", ""IBM BPM Developer"", ""Software Testing Analyst"", ""SharePoint Developer"", ""Roku Developer"", ""SOFTWARE Developer"", ""Quality Test Engineer"", ""Software Test Engineer"", ""AEM Developer"", "".Net Programmer"", ""Devops Engineer"", ""SQL Server DBA"", ""CLOUD ENGINEER"", ""Senior Software Development Engineer in Test (SDET)"", ""Salesforce DevOps Engineer"", ""Java Full Stack Developer"", ""Oracle Technical Analyst"", ""Senior Infrastructure Systems Engineer"", ""Oracle Integration Lead"", ""Software Engineer - UI""]",auto,2026-06-07,2026-06-07
Amarthy IT Solutions LLC,LLC,541511,,Austin,TX,78759,80,,,[],false,low,"[""Business Analyst"", ""Software Developer"", ""Accounts Manager"", ""Data Analyst"", ""Product Consultant"", ""Senior QA Analyst"", ""BI Architect"", ""Infrastructure Manager"", ""Database Administrator"", ""Senior Business Analyst"", ""Software Engineer"", ""Senior Lead Powertrain Calibration and Software Engineer"", ""Lead Powertrain Calibration Engineer"", ""Senior Lead Powertrain Calibration Engineer"", ""DATA ENGINEER"", ""Lead Engineer"", ""Process Associate"", ""SOFTWARE ENGINEER"", ""Cloud Operations Engineer"", ""Cybersecurity Engineer"", ""Devops Engineer"", ""SAP FICO CONSULTANT"", ""DATA ANALYST"", ""Clinical SAS Programmer"", ""Lead Automation Engineer"", ""Human Resource Specialist"", ""Development Engineer"", ""SharePoint Developer"", ""Planning & Analysis Specialist"", ""SENIOR TECHNICAL CONSULTANT"", ""Clinical Research Scientist"", ""Finance and Accounts Specialist"", ""SAP LEAD"", ""SENIOR ADMINISTRATOR"", ""SENIOR JAVA LEAD"", ""Senior Manager (Digital Operations)"", ""SAP ABAP Developer"", ""DATA SCIENTIST"", ""Java Full Stack Developer"", ""SOFTWARE CONSULTANT"", ""Demand Generation Manager"", ""LEAD SAP CONSULTANT"", ""Software Performance Engineer"", ""SYSTEMS ENGINEER"", ""SALES MANAGER"", ""LEAD PROJECT MANAGER"", ""Servicenow Developer"", ""BUSINESS ANALYST"", ""Senior Principal Consultant"", ""SENIOR SYSTEM ADMINISTRATOR"", ""SOFTWARE DEVELOPER"", ""SOFTWARE SENIOR CONSULTANT"", ""PROGRAM MANAGER (SCRUM MASTER)"", ""SENIOR PRODUCT MANAGER"", ""DEVOPS ENGINEER"", ""Talent Acquisition Lead"", ""SAP Consultant"", ""Senior Financial Process Analyst"", ""Solution Architect"", ""Assistant Vice President""]",needs_review,2026-06-07,2026-06-07
Sharplink Software LLC,LLC,541511,,Austin,TX,78701,81,,,[],false,low,"[""Programmer Analyst"", ""Software Developer"", ""SALESFORCE DEVELOPER"", ""SOFTWARE ENGINEER (DEVELOPER)"", ""Sr Software Consultant"", ""Sr. Software Consultant"", ""Senior Software Engineer"", ""Software Consultant"", ""Software Architect"", ""Software Engineer"", ""Senior SharePoint Developer"", ""SOFTWARE DEVELOPER"", ""SOFTWARE ENGINEER""]",auto,2026-06-07,2026-06-07
"COMPNOVA, LLC.",LLC,541511,,RICHARDSON,TX,75080,81,,,[],false,low,"[""SR. SOFTWARE DEVELOPMENT ENGINEER IN TEST"", ""SOFTWARE DEVELOPER"", ""BUSINESS SYSTEM ANALYST"", ""SOFTWARE ENGINEER"", ""NETWORK ENGINEER"", ""JAVA SOFTWARE ENGINEER"", ""JAVA DEVELOPER"", ""APPLICATION DEVELOPER"", ""SR. SDET"", ""PRODUCT MANAGER"", ""INFORMATION TECHNOLOGY PROJECT MANAGER"", ""SENIOR JAVA DEVELOPER"", ""SENIOR APPLICATION DEVELOPER"", ""Software Developer"", ""BUSINESS ANALYST"", ""JAVA DEVELOPER - SENIOR"", ""APPLICATION DEVELOPER SENIOR"", ""MAINFRAME DEVELOPER"", ""SR. MAINFRAME DEVELOPER"", ""JAVA DEVELOPER SENIOR"", ""TECHNICAL PRODUCT MANAGER \u201c SENIOR"", ""SYSTEM ENGINEER"", ""QUALITY TESTER - SENIOR"", ""SOFTWARE DEVELOPMENT ENGINEER IN TEST"", ""SR. PROGRAMMER ANALYST""]",auto,2026-06-07,2026-06-07
PINACLE IT CORP LLC,LLC,541511,,Dallas,TX,75234,82,,,[],false,low,"[""Data Engineer"", ""IT Project Manager"", ""Site Reliability Engineer"", ""Dev/secops Automatation Engineer"", ""ANDROID DEVELOPER SUPPORT"", ""Database Security Consultant/Engineer(IBM Guardium Insights)"", ""Software Developer"", ""Tosca Dev/Automation Test Engineer"", ""Enterprise DevOps Engineer"", ""GCP DevOps Engineer"", ""Sr Software Engineer"", ""Business Analyst"", ""ANDROID BUG TRIAGE ENGINEER"", ""SQL BI Developer"", ""Tableau Developer"", ""Java Developer"", ""IT Business Analyst"", ""React Developer"", ""Java developer"", ""JAVA DEVELOPER"", ""Android Developer"", ""DevOps Engineer"", ""IT project Lead"", ""Software Engineer"", ""Software developer"", ""Senior Performance Test Engineer"", ""Assistant Project Manager"", ""Technical Analyst"", ""Developer - Java"", ""Sr .Net Full Stack Developer"", ""Senior Software Engineer"", ""Backend Developer"", ""Java Full Stack Developer"", ""IT Project Lead"", ""DB ARCHITECT"", ""SOFTWARE ENGINEER"", ""Android Bug Triage Engineer"", ""Salesforce Developer"", ""Android Application Engineer"", ""Technical Product Owner"", ""Application Development Analyst"", ""Power BI Developer"", ""Java Programmer"", ""Data Analyst"", ""Developer Java"", ""Database Administrator"", ""Quality Assurance Tester""]",auto,2026-06-07,2026-06-07
Euniverse Technologies LLC,LLC,541511,,Irving,TX,75038,82,,,[],false,low,"[""DotNet Developer"", ""DATA ANALYST"", ""Data Engineer"", ""Software Developer"", ""Software Engineer"", "".Net Developer"", ""DotNET Developer"", ""DotNet Fullstack Developer"", ""Software Application Developer"", ""NET Application Developer"", ""Application Developer"", ""DevOps Engineer"", "".NET Developer"", ""Full Stack Developer"", ""PROJECT COORDINTOR"", ""ORDER FULFILLMENT SPECIALIST III"", ""PHP DEVELOPER"", ""STAFF ACCOUNTANT"", ""JAVA DEVELOPER"", ""SENIOR BIG DATA ENGINEER"", ""SOFTWARE ENGINEER"", ""BUSINESS ANALYST"", ""UI/FRONT-END DEVELOPER"", ""DATA SCIENTIST""]",needs_review,2026-06-07,2026-06-07
TechAlpha LLC,LLC,541511,,McKinney,TX,75072,83,,,[],false,low,"[""UI Angular Developer"", ""AWS Cloud Engineer"", ""Technical Analyst"", ""Sr Test Engineer"", ""Software Engineer"", ""DevOps Engineer"", ""Sterling Integration EDI Mapping Consultant"", ""SAS Developer"", ""Java Developer"", ""API Developer"", ""IT Project Manager"", ""Cloud Engineer"", ""Data and Process Engineer"", ""Sr. Cloud Engineer"", ""EDI Sterling"", ""EDI Sterling Consultant"", ""Cloud Data Engineer"", ""AWS DevOps Engineer"", ""Software Developer"", ""Computer Systems Analyst"", ""AWS/Devops Engineer"", ""Validation Risk Specialist"", ""Senior Devops Engineer"", ""AWS Developer"", ""Test Engineer"", ""Senior Software Engineer"", ""Business Intelligence QA"", ""Robotic Process Automation (RPA) Engineer"", ""System Analyst"", ""AWS Engineer"", ""Business Intelligence QA Analyst"", ""Java Programmer"", ""Sr. DevOps Engineer"", ""Sr. Test Engineer"", ""Automation Developer III"", ""Business Data Analyst"", ""Quality Analyst"", ""Java Full Stack Developer"", ""QA Automation Engineer"", ""SOFTWARE ENGINEER"", ""Backend Developer"", ""UX developer"", ""Quality Assurance Analyst"", ""SAP EDI Functional Analyst"", ""Data Engineer"", ""UI Developer"", ""Sr UI Developer"", ""Software QA Analyst"", ""Business Analyst"", ""Engineer II""]",auto,2026-06-07,2026-06-07
Virtue Group LLC,LLC,541511,,Irving,TX,75039,83,,,[],false,low,"[""DevOps Engineer"", ""Software Developer"", ""Software Engineer"", ""Software QA Engineer"", ""Data Science Engineer"", ""BI Developer"", ""Software developer"", ""Salesforce Developer"", ""QA Testing Engineer"", ""QA Analyst"", ""Salesforce Administrator"", ""Cloud Database Engineer"", ""Full Stack Developer"", ""Data Engineer"", ""Sr Java Developer"", ""Scrum Master"", ""Infrastructure Project Manager"", ""Technical Architect / System Engineer"", ""Agile Delivery Lead"", ""Senior Software Programmer"", ""Quality Engineer"", ""Lead Technical Specialist"", ""Front End developer"", ""DevOps Cloud Engineer"", ""Database Administrator"", ""IT Project Manager"", ""SYSTEMS ENGINEER"", ""NETWORK ENGINEER 2"", ""Front End Developer"", ""Oracle PL/SQL Developer/Data Warehouse\u00a0Analyst"", ""INFORMATION SYSTEM ANALYST"", ""LEAD QA AUTOMATION ENGINEER"", ""SalesForce Developer"", ""Data Analyst"", ""Business Analyst"", ""Technical Architect /System Engineer"", ""Systems Engineer"", ""salesforce Developer"", ""Lead Technical Specialist \u201c Data & Analytics""]",auto,2026-06-07,2026-06-07
"AlgebraIT, LLC",LLC,541511,,Austin,TX,78750,83,,,[],false,low,"[""Software Engineer"", ""Programmer Analyst"", ""Software Developer"", ""SOFTWARE DEVELOPER"", ""Java Developer"", ""QA Lead"", ""Java Quality Engineer"", ""Power BI Developer"", ""Data Engineer"", ""Senior Azure Data Engineer"", ""DevOps Engineer"", ""Full Stack Developer"", ""Senior Software Engineer"", ""Computer Systems Engineer"", ""Mobile SDET"", ""Systems Engineer"", ""Senior Applications Developer"", ""Salesforce Project Developer/Consultant"", ""Insight Tech Engineer"", ""Backend Software Engineer"", ""Python/Scala Developer"", ""Software Architect"", ""Python Developer"", ""WMATA MetroPulse Support"", ""BI  Developer"", ""Power Platform Developer"", ""PL/SQL Developer"", ""Network Engineer"", ""Test Engineer"", ""Project Manager"", ""BI Data Analyst"", ""Software Engineer (Backend Node.js Developer)"", ""Software Development Engineer in Test"", ""PL SQL Developer"", ""ServiceNow developer"", ""Application Developer"", ""Technical Program Manager & Product owner"", ""Dotnet Fullstack Engineer"", ""Software Engineer Test"", ""Salesforce Developer"", ""SAP Analyst""]",auto,2026-06-07,2026-06-07
CloudVik LLC,LLC,541511,,Frisco,TX,75034,84,,,[],false,low,"[""Full Stack Engineer"", ""Java Developer"", ""Software Developer"", ""FullStack Java Developer"", ""Software Engineer"", ""Validation and Compliance Engineer"", ""SDET Engineer"", ""Data Scientist III"", ""Java Backend Developer"", ""Salesforce Operations / DevOps Engineer"", ""DATA ENGINEER"", ""Senior Java Developer"", ""Front End Engineer"", ""Senior Software Developer"", ""Software Test Developer (Quality Automation Engineer)"", ""Software Dev Engineer - I"", "".Net Developer"", ""Data Engineer"", ""Application Software Engineer"", ""Business Systems Analyst"", ""Integration Specialist/System Architect I"", ""Software Engineer in Test"", ""Validation Specialist"", ""Java Full Stack Developer"", ""QA Tester"", ""Software Development Engineer"", ""Node Js Developer"", ""Cloud Architect"", ""Salesforce Developer"", ""Manager of Revenue Insights and operations"", ""Sr. Software Engineer"", ""Sr.Network Engineer"", ""IOS Developer"", ""SAS Developer"", ""Senior ETL Developer"", ""QA Engineer"", ""Sr Full stack developer"", ""ServiceNow Developer"", ""Tech Lead Data Engineer""]",auto,2026-06-07,2026-06-07
EdvenSoft Solutions LLC,LLC,54151,,Irving,TX,75038,84,,,[],false,low,"[""Systems Analyst"", ""Software Engineer"", ""Business Intelligence Developer"", ""IT SERVICE MANAGEMENT ANALYST"", ""SOFTWARE ENGINEER"", ""Software QA Engineer"", ""Sr. Software Engineer"", ""SR. TECHNICAL SOLUTIONS MANAGER"", ""Sr. Technical Solutions Manager"", ""Data Engineer"", ""Software Developer""]",needs_review,2026-06-07,2026-06-07
Avalanche Technologies LLC,LLC,541511,,IRVING,TX,75063,84,,,[],false,low,"[""Software Developer"", ""Full-stack Developer"", ""DevOps Engineer"", ""Software developer"", ""Sr.Cloud Engineer"", ""Software Engineer"", ""Big Data Engineer"", ""Java Developer/Web Developer"", ""Sr. Data Engineer"", ""Data Engineer"", ""Java Developer"", ""Big Data Developer"", ""Java developer"", ""Okta Lead"", ""Sr. Python Node Developer"", ""AWS System Architect and Administrator"", ""Product Development Project Manager l - Issuer Admin"", ""DevSecOps Engineer"", ""Validation Engineer"", ""IT Project Manager"", ""Devops Engineer"", ""Cyber Security Engineer"", ""Devops / Cloud Engineer"", ""software developer"", ""Full Stack Developer"", ""Senior Test Engineer"", ""Senior Accountant"", ""Site Reliability Engineer"", ""Validation/Automation Engineer"", ""Site reliability engineer"", ""DEVOPS ENGINEER"", ""IT Project Lead"", ""Sr. Performance Lead"", ""Full Stack Java Developer"", ""Data Scientist"", ""Principal Software Engineer"", ""SDLC Governance and Business Solutions Lead""]",needs_review,2026-06-07,2026-06-07
"TNP SYSTEMS, LLC",LLC,541511,,IRVING,TX,75063,85,,,[],false,low,"[""Quality Assurance Engineer"", ""SOFTWARE DEVELOPER"", ""DATABASE ADMINISTRATOR"", ""SOFTWARE ENGINEER"", ""IT Project Manager"", ""Software Developer"", ""Software Engineer"", ""Software Engineer - Business Analyst"", ""Business Analyst"", ""IT Analyst""]",auto,2026-06-07,2026-06-07
"SV TECHNOLOGY SERVICES, LLC.",LLC,541511,,ROUND ROCK,TX,78681,85,,,[],false,low,"[""DATABASE ENGINEER"", ""SR. SOFTWARE DEVELOPER"", ""SOFTWARE DEVELOPER"", ""MOBILE APPLICATION DEVELOPER"", ""SENIOR SOFTWARE DEVELOPER"", ""MOBILE APPLICATION DEVELOPER / IOS DEVELOPER"", ""MSBI DEVELOPER"", ""SOFTWARE ENGINEER"", ""ORACLE DATABASE DEVELOPER"", ""SOFTWARE ENGINEER/.NET DEVELOPER"", ""CPQ DEVELOPER / SOFTWARE DEVELOPER"", ""SOFTWARE DEVELOPER/ PRODUCT SPECIALIST TECHNICAL"", ""SOFTWARE/SYSTEM ANALYST ENGINEER"", ""DEVOPS ENGINEER"", ""SALESFORCE MARKETING CLOUD CONSULTANT"", ""BUSINESS ANALYST"", ""SYSTEMS ENGINEER"", ""ORACLE APPLICATION TECHNICAL CONSULTANT"", ""ETL DEVELOPER"", ""KRONOS SOFTWARE DEVELOPER"", ""SOFTWARE DEVELOPER/SENIOR PRODUCT SPECIALIST TECHNICAL"", ""ETL SSIS DEVELOPER"", ""SQL DEVELOPER"", ""SENIOR SOFTWARE ENGINEER"", ""BI DEVELOPER"", ""IOS DEVELOPER"", ""DATA ANALYST"", "".NET DEVELOPER"", ""BUSINESS ANALYST CONSULTANT IV"", ""APPLICATIONS DEVELOPMENT ANALYST - JAVA DEVELOPER"", ""SOFTWARE DEVELOPER /JAVA DEVELOPER"", ""ENGINEER II / DATA ENGINEER"", ""SYSTEM ANALYST/PRODUCT OWNER"", ""SYSTEM ANALYST/SOFTWARE ENGINEER"", ""LEGAL ASSISTANT / LAW CLERK"", ""ENGINEER II/DATA ENGINEER"", ""SYSTEM ANALYST"", ""SOFTWARE ENGINEER/PERFORMANCE ENGINEER"", ""DATA ENGINEER"", ""DATA ANALYST/ PRODUCT SPECIALIST TECHNICAL"", ""SOFTWARE DEVELOPER/INTEGRATION DEVELOPER"", ""SOFTWARE ENGINEER/SPLUNK ENGINEER"", ""CONFIGURATION ANALYST""]",auto,2026-06-07,2026-06-07
MROADS LLC,LLC,541511,,PLANO,TX,75024,87,,,[],false,low,"[""Business Analyst"", ""Business Data Analyst"", ""Software Developer"", ""Data Scientist"", ""SOFTWARE ENGINEERING MANAGER"", ""Project Manager"", ""SENIOR SOFTWARE ENGINEERING MANAGER"", ""SQL Developer"", ""BI Data Engineer"", ""Devops Engineer"", ""Solution Architect"", ""Senior Software Engineer"", ""Senior Software Developer"", ""Senior SDET"", ""DevOps Engineer"", ""SENIOR SOFTWARE ENGINEER"", ""Java Developer"", ""Software Test Engineer"", ""Principal IT Project Manager"", ""Java Backend Support Engineer"", ""Software Engineer"", ""Software Quality Analyst"", ""Database Programmer"", ""ETL Developer"", ""Salesforce Developer"", ""Servicenow Developer"", ""Full Stack Developer"", ""Full-stack Developer"", ""Director, Software Engineering"", ""DevOps Solution Lead/Architect (AWS)"", ""Java Backend Developer"", ""SOFTWARE ENGINEER"", ""Java Support Engineer"", ""Analyst, Reporting Applications - SQL Development"", ""IT - Software Quality Analyst"", ""IT - Software Test Engineer"", ""Automation Engineer"", ""QA Automation Engineer"", ""Application Security Lead""]",auto,2026-06-07,2026-06-07
10BITS LLC,LLC,541511,,Irving,TX,75063,88,,,[],false,low,"[""Software Developer"", ""Business Intelligence Analyst"", ""Business Systems Analyst"", ""Network Engineer"", ""IT Business Analyst"", ""Product Manager - Health Tech Platform"", ""Application Developer"", ""Test Engineer"", ""Software Engineer"", ""Clinical Data Specialist"", ""Data Specialist""]",auto,2026-06-07,2026-06-07
IGATE Solutions LLC,LLC,541511,,Plano,TX,75023,88,,,[],false,low,"[""Software Integration Engineer"", ""Software Developer"", ""Full-Stack Engineer"", ""Java Full Stack Developer"", ""Software Engineer"", ""Site Reliability Engineer (SRE)"", ""Java Developer"", ""Full Stack Developer"", ""JAVA DEVELOPER"", ""DATA ENGINEER"", ""Business Analyst"", ""Data Engineer"", ""Validation Specialist"", ""QA Engineer"", ""Enterprise Data Architect"", ""Software Engineer Senior"", ""C Sharp  .Net Application Developer"", ""SOFTWARE DEVELOPER"", ""Validation engineer"", ""Devops/Cloud Engineer"", ""ETL Support Executive"", ""Test Engineer"", ""Integration Analyst"", ""Software Engineering"", ""Mainframe Developer"", ""Python Developer"", ""Clinical Data Analyst"", ""Senior Software Engineer"", ""Sr SharePoint Solution Developer"", ""Sr Backend Automation Engineer"", ""Sr Full Stack .NET Developer"", ""Sr Business Analyst"", ""Automation Engineer"", ""Java UI Developer"", ""Software DevOps Engineer"", ""Full Stack .Net Developer"", ""Program Manager II"", ""Quality Engineer"", ""DevOps Engineer"", ""TIBCO Developer"", ""TIBCO DEVELOPER"", ""Network Engineer"", ""Data Analyst"", ""Systems Engineer""]",needs_review,2026-06-07,2026-06-07
"Victoire Systems, LLC",LLC,541511,,Austin,TX,78701,88,,,[],false,low,"[""Java Developer"", ""Software Developer"", ""Software Engineer"", ""Business Analyst"", ""Java Fullstack Developer"", ""Automation Engineer"", ""Validation Engineer"", ""DevOps Engineer"", ""Microsoft Dynamics 365 Developer/Power Platform Developer"", ""Business Intelligence Analyst"", ""Salesforce Developer"", ""Network Security Analyst II"", ""Software Developer (PL/SQL Developer)"", ""Software Developer in Engineering and Testing(SDET)"", ""Site Reliability Engineer"", ""SDET \u2013 Software Development Engineer in Test"", ""QA Automation Engineer"", ""Business Intelligence Developer"", ""Sr. Software Developer"", ""Data Engineer"", ""Java Full Stack Developer"", ""Application Developer"", ""Quality Analyst"", ""Software Development Engineer in Test (SDET)"", ""Workday Developer"", ""UI Developer"", ""Java Full stack Developer"", ""Cybersecurity Engineer"", ""Systems Engineer"", ""Project Manager"", ""Developer Consultant - Business Systems"", ""Software Quality Assurance Analyst""]",auto,2026-06-07,2026-06-07
ERBA Solutions LLC,LLC,541511,,IRVING,TX,75062,89,,,[],false,low,"[""Software Engineer"", ""Frontend full stack engineer"", ""Product Owner"", ""Data Scientist"", ""Business Analyst"", ""Senior MuleSoft Developer"", ""Data Analyst"", ""ITOM Developer"", ""Statistical Programmer Analyst"", ""Systems Engineer"", ""Software Developer"", ""Android Developer"", ""Senior Automation Engineer"", ""DevOps Engineer"", ""Software Test Engineer"", ""Java AWS Developer"", ""Java Developer"", ""Business Systems Analyst"", ""SAP Technical Consultant"", ""Python Developer"", ""IOS Developer"", ""Senior Manager of Data Analytics and Optimization"", ""Software Developer (Full-stack)"", ""Datastage Developer"", ""Service now ITOM developer"", ""Java Full Stack Developer"", ""Mobile and Web Application Developer"", ""SAP Consultant"", ""Project Manager"", ""Data Engineer"", ""Software Engineer (SAP Consultant)"", ""Full Stack Developer (MERN STACK)"", ""Application Developer/Software Developer"", ""System Engineer"", ""Quality Analyst/Software Engineer"", ""Technical Project Manager"", ""Systems Analyst"", ""Senior Data Engineer"", ""Senior DataStage Developer"", ""Sr. ETL Quality Analyst"", ""Sr. Database Administrator"", ""Senior Software Developer"", ""SQL Developer"", ""BUSINESS ANALYST"", ""Senior Business Analyst"", ""Database Developer"", ""Lead Business Analyst"", ""Technical Business Analyst"", ""Senior Database Administrator"", ""Power BI Developer"", ""AI Engineer"", ""Software Developer - Data Engineer""]",needs_review,2026-06-07,2026-06-07
"Sinfralogix, LLC",LLC,541511,,Dallas,TX,75234,90,,,[],false,low,"[""Software Developer"", ""SAP Security Analyst"", ""Cloud Security Engineer"", ""Sr. Software Engineer"", ""Data Engineer"", ""VMWare Consultant"", ""Lead II-Software Engineering"", "".Net Developer"", ""Oracle ERP Developer"", ""SailPoint Operations Engineer"", ""SQL Developer"", ""Oracle Database Administrator"", ""Information Security Architect-3"", ""QA Automation Engineer"", ""Cisco UCS Engineer"", ""Technical Manager"", ""Lead Test Engineer"", ""Computer Systems Engineer"", ""Computer Systems Engineer/Architect"", ""Software Test Engineer"", ""Sr. Business Analyst"", ""Software Engineer"", ""Business Systems Analyst"", ""Web Infrastructure Engineer"", ""Technical Lead"", ""Programmer Analyst"", ""IAM Engineer""]",auto,2026-06-07,2026-06-07
"TechVirtue, LLC",LLC,541511,,Frisco,TX,75034,92,,,[],false,low,"[""LTE TEST Engineer"", ""Java Developer"", ""Senior Software Quality Analyst"", ""Sr. AWS/Devops Engineer"", ""Peoplesoft Admin"", ""Sr. QA Engineer"", ""QA Engineer"", ""Application Developer"", ""Data Engineer"", ""Java Web Developer"", ""Operations Research Analyst"", ""Big Data/Machine Learning Engineer"", ""SOFTWARE DEVELOPER"", ""Software Developer"", ""Programmer Analyst"", ""QUALITY ASSURANCE ANALYST ENGINEER"", ""FULL STACK APPLICATION DEVELOPER"", ""UI Developer"", ""Senior Test Analyst"", ""DevOps Engineer"", ""SENIOR SOFTWARE ENGINEER"", ""Software Engineer"", ""Sr.Java Developer"", ""Sr.DevOps Engineer"", ""QA Automation Engineer"", ""SAP Consultant"", ""Power BI Developer"", ""Sr.ITSM Process Lead"", ""Scrum Master"", ""FullStack Developer"", ""Test Lead"", ""Workday Consultant"", ""Full Stack Developer"", ""Java Software Engineer"", ""React Engineer"", ""Business Intelligence"", ""Java Technical Lead"", ""Senior Application or Technical Architect/SME"", ""Application Developer Open Source"", ""DevOps & Release Manager - Salesforce Unlocked"", ""DevOps & Release Manager \u201c Salesforce Unlocked"", ""Salesforce DevOps Engineer""]",auto,2026-06-07,2026-06-07
DEVOIR SOFTWARE SOLUTIONS LLC,LLC,5415,,CHESTERFIELD,MO,63005,92,,,[],false,low,"[""SOFTWARE ENGINEER"", ""SOFTWARE DEVELOPER"", ""SOFTWARE QUALITY ASSURANCE TESTER"", ""SOFTWARE (DEVOPS) ENGINEER"", ""DATA ENGINEER"", ""CLINICAL DATA MANAGER"", ""SOFTWARE (JAVA FULL STACK) DEVELOPER"", ""SOFTWARE (AWS) ENGINEER"", ""BUSINESS ANALYST"", ""SOFTWARE (JAVA FULLSTACK)  DEVELOPER"", ""BUSINESS INTELLIGENCE ANALYST"", ""DATA SCIENTIST"", ""CLINICAL DATA ENGINEER"", ""SOFTWARE (AZURE DEVOPS) ENGINEER"", ""SOFTWARE (FULL STACK) DEVELOPER"", ""SOFTWARE (SITE RELIABILITY) ENGINEER"", ""SOFTWARE (.NET) DEVELOPER"", ""SOFTWARE (SQL) DEVELOPER"", ""SOFTWARE (JAVA) DEVELOPER"", ""SOFTWARE (AWS CLOUD) ENGINEER"", ""BUSINESS SYSTEMS ANALYST"", ""SAP BASIS NETWEAVER ADMINISTRATOR"", ""QA ANALYST"", ""SOFTWARE (PYTHON FULLSTACK) DEVELOPER"", ""TECHNICAL MANAGER"", ""TECHNICAL IT MANAGER"", ""IT PROJECT MANAGER"", ""SYSTEMS ENGINEER"", ""SOFTWARE (WORKDAY) DEVELOPER"", ""TECHNICAL PROGRAM MANAGER""]",auto,2026-06-07,2026-06-07
CODE GRAVITY LLC,LLC,541511,,IRVING,TX,75062,94,,,[],false,low,"[""Software Engineer"", ""Python Developer"", ""Salesforce Consultant"", ""Salesforce Developer"", ""Java Developer"", ""DevOps Engineer"", ""SOFTWARE ENGINEER"", ""Research Analyst - IT Operations"", ""IT Sales Engineer"", ""Mulesoft Developer"", ""Systems Analyst"", ""Java developer"", ""Technical Recruiter"", ""Dot Net Developer"", ""Systems Engineer"", ""Computer Systems Engineer"", ""Technical Operations Specialist"", ""FullStack Developer"", ""Software Developer"", ""Sales Engineer"", ""Node.js/GraphQL Engineer"", ""UI Developer"", ""Full Stack Developer"", ""Advanced Software Developer""]",auto,2026-06-07,2026-06-07
STRATUS MERIDIAN LLC,LLC,541511,,Irving,TX,75038,97,,,[],false,low,"[""iOS developer  (STRLLGX0010)"", ""Senior Fullstack Developer (STRLLGX0032)"", ""Senior Python Developer(STRLLGX0037)"", ""Full Stack Developer (STRLLGX0006)"", ""ServiceNow Admin(STRLLGX0040)"", ""Senior Software Engineer (STRLLGX0041)"", ""Scrum Master (STRLLGX0045)"", ""Senior Fullstack Developer (STRLLGX0043)"", ""Data Scientist (STRLLGX0034)"", ""Senior Fullstack Developer (STRLLGX0028)"", ""Senior Software Engineer (STRLLGX0008)"", ""Senior Fullstack Developer (STRLLGX0031)"", ""Senior Python Developer(STRLLGX0029)"", ""Senior Fullstack Developer (STRLLGX0033)"", ""Full Stack Engineer (STRLLGX0044)"", ""Senior Python Developer (STRLLGX0035)"", ""Senior Fullstack Developer (STRLLGX0042)"", ""SOFTWARE DEVELOPER( STRLLGX0001)"", ""Data Scientist (STRLLGX0038)"", ""Ui/Ux Flutter (STRLLGX0036)"", ""UI/UX Flutter Developer (STRLLGX0036)"", ""Python Developer (STRLLGX0021)"", ""DATA ENGINEER (STRLLGX0047)"", ""Python Developer(STRLLGX0064)"", ""Python Developer(STRLLGX0051)"", ""Python Developer(STRLLGX0059)"", ""Python Developer(STRLLGX0048)"", ""Full-Stack Developer(STRLLGX0055)"", ""Full-Stack Developer(STRLLGX0054)"", ""Python Developer(STRLLGX0052)"", ""Full-Stack Developer(STRLLGX0060)"", ""Python Developer(STRLLGX0053)"", ""Python Developer(STRLLGX0066)"", ""Full-Stack Developer(STRLLGX0065)"", ""Full-Stack Developer(STRLLGX0050)"", ""Software Engineer(STRLLGX0063)"", ""Software Engineer(STRLLGX0067)"", ""Java Developer (STRLLGX0044)"", ""Python Developer(STRLLGX0029)"", ""Data Scientist(STRLLGX0007)"", ""SOFTWARE DEVELOPER(STRLLGX0068)"", ""Data Scientist(STRLLGX0056)"", ""Data Engineer(STRLLGX0047)"", ""Data Scientist(STRLLGX0057)"", ""Data Scientist(STRLLGX0058)"", ""Data Scientist(STRLLGX0062)"", ""Data Scientist(STRLLGX0061)"", ""Data Scientist(STRLLGX0049)"", ""DATA SCIENTIST (STRLLGX0061)"", ""FULL-STACK DEVELOPER"", ""PYTHON DEVELOPER"", ""Software Developer (STRLLGX0001)"", ""Python Developer(STRLLGX0074)"", ""Software Developer( STRLLGX0001)"", ""Business Analyst(STRLLGX0007)"", ""Sr. Full Stack Engineer(STRLLGX0028)"", ""Full Stack Developer(STRLLGX0006)"", ""iOS Developer(STRLLGX0010)"", ""Software Engineer (STRLLGX0075)"", ""Full-stack Developer(STRLLGX0087)"", ""FULL-STACK DEVELOPER I"", ""Full-stack Developer(STRLLGX0086)"", ""Senior Software Developer (STRLLGX0042)"", ""Scrum Master"", ""Network Architect (SERVLLGX0199)"", ""MLOps Engineer"", ""MLOps Engineer (STRLLGX0001)"", ""Network DC Engineer"", ""Python Developer"", ""Software Engineer (STRLLGX0041)"", ""Software Engineer(STRLLGX0006)"", ""AWS Engineer (SERVLLGX0117)"", ""Application Developer - Senior (STRLLGX0006)""]",auto,2026-06-07,2026-06-07
"HIGH QUARTILE, LLC",LLC,541512,,CHESTERFIELD,MO,63005,99,,,[],false,low,"[""Software Developer IV"", ""Sr. Software Engineer"", ""Specialized Software Developer III"", ""Sr. Software Engineer (DevOps)"", ""SENIOR SOFTWARE ENGINEER"", ""SR. SOFTWARE ENGINEER"", ""SR. SOFTWARE ENGINEER - QA AUTOMATION"", ""SR. ENGINEER, SOFTWARE ENGINEERING (SPECIALTY)"", ""SR. SOFTWARE ENGINEER (.Net)"", ""INFORMATION SYSTEMS SENIOR PROJECT MANAGER - AGILE"", ""Chief Financial Officer"", ""IT Project Manager"", ""Sr. Software (DevOp) Engineer"", ""Software Engineer"", ""Senior Software Engineer"", ""ETL Architect"", ""QUALITY ASSURANCE ENGINEER (SDET)"", ""SR. SOFTWARE DEVELOPER"", ""Lead .Net Developer"", ""LEAD .NET DEVELOPER"", ""Software Developer"", ""SENIOR SOFTWARE ENGINEER (.NET)"", ""SR. SOFTWARE ENGINEER (SDET)"", ""Senior Software Quality Engineer (SDET - Selenium)"", ""SR. SOFTWARE ENGINEER (ETL DEVELOPER)"", ""SENIOR .NET DEVELOPER"", ""Senior Data Engineer"", ""SR. SOFTWARE DEVELOPER (.NET)"", ""Sr. Software Engineer (ETL Developer)"", ""SENIOR DEVOPS ENGINEER"", ""APPLICATIONS DEVELOPER SENIOR (.NET)"", ""SOFTWARE ENGINEER"", ""Software Programmer"", ""Business Intelligence Architect IV""]",auto,2026-06-07,2026-06-07
Kovan Technology Solutions LLC,LLC,541511,,Houston,TX,77077,100,,,[],false,low,"[""Sr. QA Engineer"", ""Technical Program Management and Service Delivery"", ""Oracle Applications Techno Functional Consultant"", ""SAP Consultant"", ""Infra Technology Specialist"", ""Cloud Solution Engineer"", ""RELIABILITY ENGINEER"", ""VEEVA CRM CONSULTANT"", ""ServiceNow Developer"", ""Systems software developer"", ""Oracle Functional Analyst/developer"", ""Senior Software Developer"", ""Sr. SAP ISU Consultant"", ""Software Developer"", ""Sr. BI Consultant"", ""Android Developer"", ""Veeva CRM Consultant"", ""Solution Architect"", ""Sr. Oracle Techno Functional Consultant"", ""System Analyst"", ""Scrum Master"", ""Technical Service Manager"", ""System Engineer"", ""Cloud Engineer"", ""Oracle Techno Functional Consultant"", ""Business Analyst"", ""Data Scientist"", ""Site Reliability Engineer"", ""BI Consultant"", ""Computer Programmer"", ""Full Stack Java Developer"", ""Data Analyst"", ""Data Engineer"", ""Software Developer - Applications"", ""Software Engineer"", ""Computer Systems Analyst"", ""Business Intelligence Analyst"", ""Web Developer"", ""Database Administrator"", ""Full Stack Engineer"", ""Java Developer"", ""Engineer"", ""Software Programmer"", ""UI Programmer"", ""Full Stack Java Programmer""]",needs_review,2026-06-07,2026-06-07
INSPIRIX TECHNOLOGIES LLC,LLC,541511,,St. Peters,MO,63376,100,,,[],false,low,"[""Perl Developer"", ""Software Developer"", ""Software Engineer"", ""Java Tech Lead"", ""React JS Software Developer"", ""Java J2EE Developer"", ""Datastage Developer"", ""Azure Architect"", ""SAP Consultant"", ""Data Engineer"", ""C plus plus Developer"", "".NET Developer"", ""Systems Analyst"", ""Java Backend Development Lead"", ""Systems Engineer"", ""Angular Developer"", ""Data Scientist"", ""DevOps Engineer"", ""AX Technical Developer"", ""ETL Developer"", ""Dynamics CRM Developer"", ""Data Analyst"", ""Senior Software Engineer"", ""Full Stack Developer"", ""Technical Project Manager"", ""SAP Technical Lead"", ""C Plus Plus Developer"", ""Application Support Analyst"", ""Java Systems Analyst"", ""Microsoft Dynamics AX Developer"", ""Sr. Systems Engineer"", ""Associate Consultant"", ""SAP ABAP Consultant"", ""IT Project Manager"", ""Jr. Data Scientist"", ""Cloud Engineer"", ""EDI Developer"", ""Business Analyst"", ""Cloud Architect"", ""SAP ABAP Developer"", ""SAP QTI Developer"", ""Microsoft 365 Developer"", ""Software Analyst"", ""Azure DevOps Engineer""]",auto,2026-06-07,2026-06-07
"EQUINOX IT SOLUTIONS, LLC",LLC,541511,,DALLAS,TX,75247,101,,,[],false,low,"[""ServiceNow Developer"", ""Software Developer"", ""SOFTWARE ENGINEER"", ""Data Engineer"", ""UI Designer"", ""network administrator"", ""Business Systems Analyst"", ""Big Data automation Engineer"", ""Manufacturing Engineer"", ""Java React Developer"", ""Software Engineer"", "".Net Developer"", ""Unix/Linux System Administrator"", ""Sr. Database Administrator"", ""Software Engineer (Unix/Linux System Administrator)"", ""Servicenow Developer"", ""Servicenow contractor"", ""Sr ServiceNow Developer"", ""Management Analyst"", ""Business Analyst"", ""Product Manager"", ""Business Intelligence Developer"", ""Systems Engineer"", ""Senior Software Developer"", ""SENIOR SOFTWARE APPLICATION ANALYST"", ""ServiceNow Administrator"", ""Devops Engineer IV"", ""SOFTWARE TEST ENGINEER"", ""DevOps Engineer"", ""UI Developer"", ""Java Developer"", ""System Administrator"", ""Senior Software Test Engineer"", ""Project Manager"", ""Lead Systems Architect"", ""Big Data Automation Engineer"", ""Data Quality Engineer(Test)"", ""Data Quality Engineer"", ""Network and Computer Systems Administration"", ""LEAD BUSINESS SYSTEMS ANALYST"", ""Senior . Net Developer"", ""Sr. .Net Developer"", ""DATA ENGINEER"", ""SME MM/PP Consultant"", ""PROJECT MANAGER""]",auto,2026-06-07,2026-06-07
Solware IT Technologies LLC,LLC,541511,,Mckinney,TX,75070,103,,,[],false,low,"[""Sr. Full Stack Software Engineer"", ""SQL Developer"", ""Software Developer"", ""QA Engineer"", ""Computer Programmer"", ""Tableau / SQL Developer"", ""Java Developer"", ""Software Quality Assurance Engineer"", ""Software Developer. Systems Software"", ""Fullstack Developer"", ""Software Engineer"", ""L2 Production Support Analyst"", ""IT Project Lead"", ""Field test Engineer"", ""SCM QA Analyst"", ""Android APP Developer"", ""IT Project Manager"", ""Cellular Field Test Engineer"", ""UI Developer"", "".NET Developer"", ""Senior DevOps Engineer"", ""AEM Full Stack Developer"", ""Mulesoft Infrastructure Engineer"", ""Software Development Engineer"", ""AWS CLOUD & PYTHON DEVELOPER"", ""Data Analyst"", ""Full Stack Java Developer"", ""AWS Cloud Engineer"", ""Principal Software Developer"", ""Sr Full Stack Software Engineer"", ""Data Engineer"", ""Full Stack Software Engineer"", ""Java Programmer"", ""Cloud/DevOps Engineer"", ""Software Programmer"", ""Oneshield Technical Lead"", "".Net Programmer"", ""Field Test Engineer"", ""SDET (Software Development Engineer in Test)"", ""Data Engineer/Analyst"", ""VMware Engineer"", ""Salesforce Developer"", ""Automation Engineer"", ""SAP Test Analyst"", ""Sr. Information Security Lead"", ""Tibco Mashery API Gateway Developer"", ""Front End/UI Developer"", ""Systems Engineer"", ""Sr. Automation Engineer""]",needs_review,2026-06-07,2026-06-07
PRIMORIS SYSTEMS LLC,LLC,541512,,SUGAR LAND,TX,77479,105,,,[],false,low,"[""Android Developer"", ""Snowflake Developer"", ""JAVA Developer"", ""Senior Salesforce Business Analyst"", ""Senior Java Developer"", ""Software Developer"", ""IT Asset & License Manager Analyst"", ""Senior Technical Business Consultant"", ""Tableau Developer"", ""IT QA Analyst"", ""Senior AEM Developer"", ""Engineering Project Manager"", ""Sr Dot Net Developer"", ""SAP HANA CONSULTANT"", ""Technical Project Manager"", ""Agile Project Manager"", ""Technical Program Manager - ISP"", ""Sr Software Developer"", ""Sr Business Analyst"", ""Senior Software Developer"", ""Senior Business Analyst"", ""AEM Developer"", ""Data Engineer"", ""software Engineer-Front End"", ""Senior Power BI Developer"", ""Cloud Data Engineer"", ""ETL Developer"", ""Senior Software Engineer"", ""Senior Quality Assurance Automation Engineer"", ""Salesforce Developer"", ""Business Systems Analyst"", ""Senior ETL Developer"", ""IT Asset Management Consultant"", ""Technical Business Analyst"", ""DevOps Engineer"", ""Java developer"", ""Data Scientist"", ""Java Developer"", ""Teradata Developer"", ""Technical Manager"", ""SENIOR MANAGER REGULATORY AFFAIRS"", ""Systems Administrator / Cloud Engineer"", ""System Administrator"", ""Sr. Big Data Machine Learning Engineer"", ""Sr. Big Data Engineer"", ""Web developer""]",auto,2026-06-07,2026-06-07
INCREDIBLE SOFTWARE SOLUTIONS LLC,LLC,541511,,RICHARDSON,TX,75080,106,,,[],false,low,"[""Datawarehouse Engineer"", ""Project Manager"", ""Sr. Software/Application Developer"", ""Computer Systems Analysts"", ""Systems Engineer"", ""Software Application Developer"", ""Computer Systems Engineer/Architect"", ""Information Security Engineer"", ""Database Engineer/Architect"", ""Data Warehouse Engineer/Architect"", ""Systems Engineer/Architect"", ""Systems Administrator (Jira / Confluence Administrator)"", ""Network and Computer Systems Administrators"", ""Software Quality Assurance Tester"", ""Information Technology Project Manager"", ""Computer Programmer"", ""Data Scientist"", ""Business Intelligence Analyst"", ""Business Intelligence Analysts"", ""SAP Software Engineer"", ""Software Developers"", ""Computer Programmers"", ""Computer Systems Engineers/Architects"", ""Software Quality Assurance Analysts and Testers"", ""Computer Network Architects"", ""Information Technology Project Managers"", ""Datawarehouse Developer"", ""Computer Software Engineer"", ""Software Engineer"", ""Web Developer"", ""Enterprise Data Architect and IT Project Manager"", ""Full Stack Software Engineer"", ""Technology Project Manager"", ""Technical Writer"", ""Cloud Computer Engineer""]",auto,2026-06-07,2026-06-07
Propelsys Technologies LLC,LLC,541511,,Plano,TX,75093,109,,,[],false,low,"[""Applications Developer"", ""Test Lead"", ""Software Engineer"", ""Technical Recruiter"", ""Technical Project Manager"", ""Systems Analyst"", ""Software Developer"", ""Data Engineer"", ""Software Quality Analyst"", ""Python Developer"", ""QA Engineer"", ""SAP Technical Consultant"", ""Salesforce Applications Developer"", ""IT Project Manager"", ""Technical Sales Engineer"", ""Data Analyst"", ""Database Administrator"", ""STRATEGIC BUSINESS AND TECHNOLOGY INTELLIGENCE ANALYST"", ""Data Scientist"", ""Data Engineer/Analyst"", ""Software Analyst""]",auto,2026-06-07,2026-06-07
Creative Team LLC,LLC,541511,,Houston,TX,77042,109,,,[],false,low,"[""Business Analyst"", ""SAP P2P Ariba Functional Consultant"", ""Computer Systems Analyst"", ""Software Quality Assurance Engineer"", ""Software Developer"", ""Systems Administrator"", ""Sr .Net Developer"", "".Net Azure Developer"", ""Business Analyst Manager"", ""Network and Computer Systems Administrator"", ""Project Controller"", ""Scrum Master"", ""Computer Network Architect"", ""SOC Analyst"", ""SAP Ariba Network Consultant"", ""QA Analyst"", ""Storage Admin."", ""Mobile QA Testing Engineer"", ""QA Automation Lead"", ""Big Data Engineer"", ""Devops Platform Engineer"", ""Project Engineer"", ""Senior .Net Developer"", ""AEM DevOps Engineer"", ""Technical Recruiter"", ""QA Manager/PBM SME"", ""Full Stack Developer"", ""Sales Engineer"", ""SAP BTP Developer"", ""Android Lead Developer"", ""Lead / Senior Python Developer"", ""Product Owner"", ""Gen AI Developer (Senior Consultant)"", ""Data Scientist"", ""Computer System Analyst"", ""Cloud Engineer"", ""Data Engineer"", ""Computer Programmer"", ""Senior Integration Analyst"", ""Infrastructure Operator Engineer"", ""SAP ABAP Developer"", ""Web Developer"", ""Azure Data Engineer""]",auto,2026-06-07,2026-06-07
SVS SOFT TECH LLC,LLC,541511,,HOUSTON,TX,77064,111,,,[],false,low,"[""DATA ANALYST"", "".NET DEVELOPER"", ""Computer Systems Analysts"", ""java developer"", ""Software Developer"", ""Software Engineer"", ""DATA SCIENTIST"", ""JAVA FULL STACK DEVELOPER"", ""Automation Test Engineer"", ""Data Analytics"", ""Data Integration Specialist"", ""Sofware Developer"", ""Big Data Engineer"", ""Project Manager"", ""Sr Software Engineer"", ""Sr CRM Developer"", ""Pega Developer"", ""Sr. CRM Developer"", ""Sr. Data Analyst"", ""SOFTWARE DEVELOPER"", ""Sr Technical Architect"", ""SOFTWARE ENGINEER"", ""Software engineer"", ""SAP Consultant"", ""Sap Consultant"", ""Bussiness Systems Analyst"", ""Validation Engineer"", ""Software Functional Analyst"", ""SOFTWARE PROGRAMMER"", ""SOFTWARE DEVELOPMENT ENGINEER IN TEST"", ""MANAGEMENT ANALYSTS"", ""SOFTWARE ARCHITECT"", ""SENIOR ENGINEER"", ""SENIOR ANALYST"", ""ARCHITECT"", ""TECHNICAL PROJECT\u00a0 MANAGER"", ""BUSINESS DEVELOPMENT ANALYST"", ""Software Programmer"", ""TECHNICAL PROJECT MANAGER"", ""SR ARCHITECT"", ""SQL Azure Engineer""]",auto,2026-06-07,2026-06-07
"Amazech Solutions, LLC",LLC,541511,,Frisco,TX,75035,113,,,[],false,low,"[""Software Developer - Applications"", ""Software Developer"", ""Information Technology Project Manager"", ""Systems / Network Administrator"", ""Software Developer - SAP"", ""Software Developer - JAVA / J2EE"", ""Software Developer - Front End Applications"", ""Software Developer - DevOps"", ""Network Systems Administrator"", ""Software Developer - Systems Software"", ""IT Project Manager"", ""Software Developer - Cloud Technologies"", ""Recruitment Specialist"", ""Business Analyst"", ""Software Development Test Engineer"", ""Azure Cloud Engineer"", ""Application Developer"", ""Data Scientist"", ""Software Developer DevOps"", ""Software Developer-Front end Applications"", ""Applications Developer"", ""Software Developer - Java/J2EE"", ""Software Developer-Systems Software"", ""Sr Dot Net Developer"", ""Aerospace Engineer"", ""ETL Developer"", ""Power BI Developer"", ""Software Developer - Lead"", ""Java Full Stack Developer"", "".NET Developer"", ""Technical Product Manager"", ""Data Analyst"", ""Software Developer-Cloud Technologies"", ""Quality Analyst"", ""Azure Data Engineer"", ""Software Developer Engineer in Test""]",auto,2026-06-07,2026-06-07
Tek Spikes LLC,LLC,541511,,Farmers Branch,TX,75234,113,,,[],false,low,"[""Software Developer"", ""Network Security Architect"", ""Network Administrator"", ""DevOps Engineer"", ""DATA ENGINEER"", ""Information Security Administrator"", ""SOFTWARE DEVELOPER"", ""Data Engineer"", ""SOFTWARE ENGINEER"", ""Sales Engineer"", ""Validation Engineer"", ""IT Project Manager"", ""RPA Analyst"", ""DEVOPS ENGINEER"", ""INFORMATION SECURITY ADMINISTRATOR""]",auto,2026-06-07,2026-06-07
Fusion Global Solutions LLC,LLC,54151,,Plano,TX,75074,114,,,[],false,low,"[""Software Engineer"", ""IT Project Manager"", ""Product Manager"", ""Data Scientist"", ""Financial Technology Lead"", ""UI/UX Designer"", ""Information Technology Architect (IT Architect)"", ""Software Quality Assurance Analyst"", ""Technical Project Manager""]",needs_review,2026-06-07,2026-06-07
"ORASYS, LLC",LLC,541511,,Austin,TX,78730-1165,116,,,[],false,low,"[""Sr. Systems Analyst"", ""Sr. Programmer Analyst"", ""Programmer Analyst"", ""Systems Architect"", ""Senior Solutions Architect"", ""Programmer Analsyt"", ""Senior Systems Analyst"", ""Senior Programmer Analyst"", ""SAP S/4  Security & GRC Consultant"", ""Senior Business Analyst"", ""Sr.  Programmer Analyst"", ""Systems Analyst""]",auto,2026-06-07,2026-06-07
"Conduent State Healthcare, LLC",LLC,541512,,Richardson,TX,75080,116,,,[],false,low,"[""Applications Development and Support Engineer II"", ""Senior Micro Focus Technical Lead"", ""SLR Development Lead"", ""Application Development and Support Engineer III"", ""IT Architecture Engineer IV"", ""Senior .NET Developer"", ""IT Testing Engineer II"", ""MMIS Release Manager"", ""Applications Development and Support Engineer III"", ""Microfocus COBOL Developer"", ""Pega Lead Solution Architect"", ""Technical Analyst"", ""Business Intelligence Analyst"", ""MS Dynamics CRM Developer"", ""Senior Manager, Application Development and Support"", ""Senior Manager, Applications Development and Support"", ""Manager, Applications Development and Support"", ""Senior Systems Analyst"", ""Senior Quality Assurance Engineer"", ""Technical Lead"", ""Manager, Rebate Analysis Services"", ""Rational Environment Systems Administrator"", ""IT Program and Project Management Consultant"", ""Applications Development and Support Engineer"", "".NET Developer"", ""Senior Database Administration Analyst"", ""Applications Development and Support Engineer IV"", ""Business Operations Engineer"", ""Computer Systems Analyst"", ""IT Architecture Engineer III"", ""Business Systems Analyst"", ""Systems Engineer"", ""Web Portal System Analyst"", ""COBOL Mainframe Programmer"", ""Senior Microfocus Technical Lead"", ""Applications and Development Support Engineer III"", ""Senior Engineer, EPM Tools"", ""Manager, EPM Tools"", ""Infrastructure Systems Services Engineer III"", ""System Administrator Team Lead"", ""Director, Applications Development and Support"", ""Senior Business Analyst"", ""Technical Business Analysis Engineer III"", ""IT Architecture Engineer"", ""IT Testing Manager"", ""Technical Delivery Manager"", ""Senior .NET Engineer"", ""UI/UX Designer"", ""Manager,  PBM Apps Devt. & Support, Microfocus COBOL Lead"", ""Technical Business Analyst Engineer III"", ""Applications Development & Support Engineer Services III"", ""APPLICATIONS DEVELOPMENT & SUPPORT ENGINEER SERVICES III"", ""Applications Development & Support Engineer IV"", ""Software Engineering Manager"", ""Applications Development & Support Engineer III""]",auto,2026-06-07,2026-06-07
Elite eXceed LLC,LLC,541511,,Irving,TX,75063,117,,,[],false,low,"[""Software Engineer"", ""BUSINESS SYSTEMS ANALYST"", ""Technical Project Manager/Scrum Master"", ""Software Engineer (Java Full Stack)"", "".Net Developer"", ""Java Developer"", ""Senior Cloud Architect"", ""SAP Architect/SME"", ""SAP Architect"", ""Software Developer II"", ""Data Engineer"", ""Senior Cloud Engineer"", ""Advanced Software Developer"", ""AWS Engineer"", ""QA Analyst (Automation)"", ""Software Engineer (Mobile Development) II"", ""QA Lead"", ""Software Developer"", ""Devops Engineer"", ""Workday HCM Consultant"", ""Software Engineer/DB2"", ""SAP Software Engineer""]",auto,2026-06-07,2026-06-07
MERGEN IT LLC,LLC,541511,,HOUSTON,TX,77058,117,,,[],false,low,"[""Data Architect"", ""SOFTWARE DEVELOPER"", ""SOFTWARE ENGINEER"", ""System Engineer"", ""Software QA Engineer"", ""Software Developer"", ""SQL Developer"", ""BUSINESS ANALYST"", ""ORACLE DBA"", ""Software Engineer"", ""Security Engineer"", ""Cisco unified Engineer"", ""Cisco Unified Telecom Engineer"", ""ETL Developer/Architect"", ""Database Administrator"", ""SQL BI Developer"", ""ServiceNow Developer"", ""Network Voice engineer"", ""Data Warehousing Specialist"", ""Network Engineer"", ""Data Base Administrator"", ""Python Consultant"", ""Performance Engineer"", ""Systems Analyst"", ""System adminstrator"", ""Programmer Analyst"", ""Java Developer"", ""Data Analyst"", ""SOFTWARE  Developer"", ""Servicenow Developer"", ""SQL  Developer"", ""JAVA   Developer"", ""Azure Data Engineer - BI"", ""Pega Technology Engineer"", ""Job Title: \tPerformance Engineer"", ""BUSINESS SYSTEM ANALYST"", ""HR and Payroll Specialist"", ""Fullstack API"", ""ServiceNow Presales Engineer"", ""Data Scientist"", ""Application Security Engineer"", ""Systems/Middleware Engineer"", ""Cisco Unified Engineer"", ""Python Developer"", ""Unified Communications Manager"", ""Network Voice Engineer"", ""SQL BI DEVELOPER"", ""QA Engineer"", ""PERFORMANCE  ENGINEER"", ""UX Architect"", ""DATA ENGINEER"", ""Data Engineer"", ""SDET Engineer"", ""Dot NET Developer"", ""Project Manager""]",auto,2026-06-07,2026-06-07
VantageERP LLC,LLC,541511,,Houston,TX,77082,119,,,[],false,low,"[""Software Developer ETL"", ""ETL  Consultant"", ""Software Developer Salesforce"", ""Senior Consultant-Business Consulting"", ""Sr Java Consultant"", ""Salesforce Developer"", ""Software Developer - Servicenow"", ""Software Developer"", ""Java UI Developer"", ""Software Developer ServiceNow"", "".NET Developer"", ""Workday Consultant"", ""Product Manager"", ""Sr Salesforce Consultant"", ""Sr Software Developer"", ""Sr Software Engineer Salesforce"", ""Pega Architect"", ""Software Developer Mulesoft"", ""Java Full Stack Developer"", ""Cloud Architect"", ""Java Developer"", ""Sr Software Developer Pega"", ""Sr Application Analyst MDM"", ""Business Analyst"", ""Sr Solution Architect"", ""Sr Software Developer Java"", ""Software Developer Dot Net"", ""Sr Devops Engineer"", ""Software Developer - Data Engineer"", ""Servicenow Developer"", ""QA Automation Engineer"", ""IT Project Manager"", ""Sr Data Engineer"", ""Sr IAM Security Engineer"", ""Devops Engineer"", ""Sr Java Developer"", ""Sr Full Stack Developer"", ""Sr Pega Developer"", ""Sr Workday Developer"", ""Sr Devops/Site Reliability Engineer"", ""Sr. Software Engineer"", ""Senior Business Analyst"", ""Mulesoft Developer"", ""Software Engineer"", ""Machine Learning Engineer"", ""Solution Architect"", ""IT Product Owner"", ""SAP Functional Consultant"", ""Software Developer Java"", ""SAP Consultant"", ""Sr.Data Engineer"", ""Software Quality Engineer"", ""Sr Guidewire Developer"", ""Cloud Engineer"", ""IT Product Manager"", ""Adobe Analytics Consultant"", ""IAM security Engineer"", ""Cloud Ops Engineer"", ""Product Owner"", ""Python Developer"", ""Software developer .NET"", ""Quality Engineering Lead"", ""Software Developer Guidewire"", ""Peoplesoft Security Analyst"", ""Software Developer - .NET Application Analyst"", ""Software Testing Specialist"", ""Data Engineer"", ""Software Developer Fullstack"", ""Sr Software Engineer"", ""Sr Devops Site Reliability Engineer""]",auto,2026-06-07,2026-06-07
"Qentelli, LLC",LLC,541511,,Dallas,TX,75254,120,,,[],false,low,"[""Software Engineer"", ""Salesforce Developer"", ""Automation Engineer"", ""Senior Performance Engineer"", ""Automation Architect"", ""Senior Automation QA"", ""Senior QA Automation Engineer"", ""Senior Quality Engineer"", ""Senior Software Developer"", ""Software Development Engineer in Test"", ""Senior Software Engineer"", ""Project Manager - Finance & Operations"", ""Operations Analyst"", ""SDET Lead"", ""Testing Lead"", ""Systems Engineer"", ""Delivery Manager"", ""Associate Architect"", ""Delivery Lead"", ""DevOps Engineer"", ""JAVA Architect"", ""JAVA SDET"", ""Technical Lead"", ""Technical Project Manager"", ""Senior Director"", ""Architect"", ""Senior Software Quality Engineer"", ""Senior Software Engineer - Delivery"", ""Technical Architect"", ""Software Developer"", ""Senior QA Consultant"", ""Lead Software Engineer"", ""Automation Developer"", ""Senior Developer"", ""Test Lead"", ""iOS Lead"", ""Data Scientist"", ""Technical Program Manager"", ""QA Analyst"", ""Analyst"", ""Technical Lead - Delivery"", ""Lead Consultant - Delivery"", ""Associate Technical Manager"", ""SDET/Java"", ""Project Architect/Manager"", ""Director- Engineering""]",auto,2026-06-07,2026-06-07
"Sovereign Technologies, LLC",LLC,541511,,St  Louis,MO,63131,120,,,[],false,low,"[""Firmware Engineer"", ""Program Manager"", ""Software developer"", ""Senior Product Development Engineer"", ""Manufacturing Engineer"", ""Firmware engineer"", ""Mechanical Engineer"", ""Sr Software Developer"", ""V&V Test Engineer"", ""SDET Engineer"", ""Systems Engineer"", ""Business System Analyst"", ""Software Developer"", ""Sr SQL Administrator/ Data Engineer"", ""Additive Engineer"", ""Senior System Application Engineer"", ""Systems Integration and Validation Engineer"", ""Senior Embedded Software Engineer"", ""Technical Project Manager"", ""Python Developer"", ""Sr. Design Quality Engineer"", ""Quality Engineer"", ""Senior Software Systems Engineer"", ""Mechanical Hydraulics Engineer"", ""Embedded Software Engineer"", ""Automation Engineer"", ""Embedded Software  Engineer"", ""Calibration Engineer"", ""Senior Automation Lead"", ""Sr Quality Engineer"", ""Software Engineer"", ""Mechanical Design Engineer"", ""Electrical Design Engineer"", ""Controls Engineers"", ""Scientist III"", ""Industrial Engineer"", ""Sr Process Engineer"", ""Component Engineer"", ""Sr. Motion Planning Engineer"", ""Controls Engineer"", ""MRO Buyer"", ""NGEA Contract Engineer"", ""Electrical Engineer"", ""Advanced Manufacturing Engineer"", ""Firmware Test Engineer"", ""CAE Engineer"", ""Sr. Firmware Test Engineer"", ""Data Engineer"", ""Sr. Process Engineer"", ""Assistant Project Manager"", ""Senior Data Analyst"", ""Senior Quality Engineer"", ""QA Automation Test Engineer"", ""Control Systems Engineer"", ""Salesforce Consultant"", ""Manufacturing Process Engineer"", ""Statistical Process Control Data Engineer"", ""Senior EMC Engineer"", ""VP, Quality"", ""Thermal Systems Simulation Engineer"", ""Product Development"", ""Design Engineer""]",auto,2026-06-07,2026-06-07
Cloud Global LLC,LLC,541511,,Irving,TX,75039,121,,,[],false,low,"[""Software Developer"", ""RPA Developer"", ""Software Programmer"", ""Database Architect"", ""SOFTWARE DEVELOPER"", ""Computer Programmer"", ""Data Scientist"", ""Technical Project Manager"", ""COMPUTER PROGRAMMER"", ""RPA DEVELOPER"", ""Contractor - SOFTWARE DEVELOPER"", ""Sr Node JS Developer"", ""SAP Database Administrator"", ""software Developer"", ""Sr. Staff Test Engineer Automation"", ""Business Analyst"", ""Lead SDET"", ""Test Automation Engineer"", ""Bigdata Hardoop Developer"", ""Azure DevOps Engineer"", ""SAP Test Analyst"", ""Java Python Developer"", ""Network Engineer"", ""Associate Engineer"", ""Test Engineer"", ""Software Engineer"", ""Senior Network Engineer""]",needs_review,2026-06-07,2026-06-07
ROBOTICS TECHNOLOGIES LLC,LLC,541511,,DUNCANVILLE,TX,75116-4931,123,,,[],false,low,"[""DATA GOVERNANCE ANALYST"", ""BUSINESS ANALYST"", ""CLOUD DATA ENGINEER"", ""DATABASE ADMINISTRATOR"", ""AUTOMATION ENGINEER"", ""SERVICENOW DEVELOPER"", ""QUALITY ASSURANCE"", ""SECURITY PROJECT MANAGER"", ""SOFTWARE DEVELOPER"", ""PROJECT MANAGER"", ""SR. SOFTWARE ENGINEER"", ""POWER BI ADMINISTRATOR"", ""JAVA BACKEND DEVELOPER"", ""GEN AI ARCHITECT"", ""SOFTWAR ENGINEER"", ""HEALTHCARE QUALITY REPORTING MANAGER"", ""BUSINESS HEALTHCARE ANALYST"", ""SENIOR PRODUCT DESIGNER"", ""DATA ENGINEER"", ""SOFTWARE ENGINEER"", ""IT PROJECT MANAGER"", ""SENIOR APPLICATIONS ENGINEER"", ""PYTHON DEVELOPER"", ""SENIOR HOGAN DEVELOPER"", ""MAINFRAME APPLICATION DEVELOPER"", ""SOURCING ANALYST"", ""APPLICATION SECURITY ENGINEER"", ""ASSOCIATE DATA ANALYST"", ""SILICON DESIGN ENGINEER"", ""DEVOPS ENGINEER"", ""DESKTOP SUPPORT ENGINEER EUC TECH-L1"", ""AI/ML ENGINEER"", ""IT ADMINISTRATOR"", ""SENIOR TECHNICAL PRODUCT MANAGER"", ""DESIGNER"", ""BUSINESS INTELLIGENT ANALYST"", ""DATA ANALYST"", ""MANUFACTURING CONTROL ENGINEER"", ""SECURITY ENGINEER"", ""FULL STACK DEVELOPER"", ""AI/ML PRODUCT MANAGER"", ""OPERATIONS MANAGER"", ""TECHNICAL PROGRAM MANAGER"", ""SOFTWARE PROJECT MANAGER"", ""POWER BI DEVELOPER"", ""SAP CONSULTANT"", ""SOFTWARE QUALITY ASSURANCE ENGINEER"", ""ACCOUNTS & AUDIT"", ""JAVA DEVELOPER"", ""SUPPLY CHAIN MANAGER"", ""SITE RELIABILITY ENGINEER"", ""PROJECT MANAGER LEAD"", ""SENIOR FULL STACK DEVELOPER"", ""APP MIGRATION ENGINEER"", ""BACKEND DEVELOPER"", ""SOFTWARE DEVELOPER (DATA GOVERNANCE/MDM)"", ""TEST ANALYST"", ""SR. DATA ENGINEER"", ""SENIOR QUALITY ASSURANCE ANALYST - TESTING"", ""SYSTEM ENGINEER"", ""Big Data Engineer"", ""SR. BIG DATA ENGINEER"", ""SOFTWARE QA ENGINEER"", ""R&D ENGINEER SW QUALITY 5"", ""TECHNOLOGY LEAD"", ""FULL STACK JAVA DEVELOPER"", ""SOLAR ENGINEER"", ""NC FAST BATCH OPERATIONS TECHNICIAN"", ""CONTROLS ENGINEER"", ""MOBILE TESTER"", ""SOFTWARE PROGRAMMING AND QUALITY ASSURANCE"", ""REPORTING BUSINESS ANALYST"", ""SR DATA ANALYST"", ""SQL DEVELOPER"", ""Software Engineer-Robotics""]",needs_review,2026-06-07,2026-06-07
"Advanced Knowledge Tech, LLC",LLC,541519,,Lewisville,TX,75057,124,,,[],false,low,"[""ETL Developer"", ""Agile Lifecycle Coach"", ""ServiceNow Developer"", ""Lead Scrum Master"", ""Informatica Developer"", ""ETL Engineer"", ""Infrastructure Architect 3"", ""Test Data Engineer"", ""Senior Full-Stack Java Lead"", ""Senior Developer"", ""Software Developer"", ""Expert Database Architect"", ""ServiceNow Architect"", ""Data Engineer"", ""SAP Security Consultant"", ""Snowflake Developer"", ""Data Architect"", ""Data Modeler"", ""Scrum Master"", ""Senior Software Engineer"", ""Senior Java Developer"", ""Business Intelligence Developer"", ""Performance Tester"", ""Microsoft Dynamics CRM & Power Platform Consultant"", ""Product Engineer"", ""Java Developer"", ""Product Owner"", ""Application Administrator"", ""DataStage Administrator"", ""Business Analyst/Scrum Master"", ""Sr. Product Owner"", ""RPA Developer"", ""Automation QA operation Lead"", ""Technical Program/Project Manager"", ""Software Developer Engineer In TEST"", ""ETL Informatica Developer"", ""System Adminitrator"", ""SR. Java Factory Lead"", ""Sr. Informatica Developer"", ""ETL Developer \u00bf\u00bf"", ""Business System Analyst"", ""Senior SQL Server Developer"", ""QA Automation Engineer"", ""Security Engineer"", ""Agile Lifecycle Coach\u00bf\u00bf\u00bf"", ""QA Analyst"", ""IT Operations Practitioner"", ""Software Application Developer"", ""Data Warehouse Developer III"", ""Application Analyst"", ""Data Analyst"", ""Sr. ETL Developer"", ""Sr. Business Analyst"", ""Market research analyst"", ""ServiceNow Technical Consultant"", ""Software Engineer"", ""Technical Delivery Manager / Engagement Manager"", ""Infrastructure Engineer / Systems Administrator"", ""ServiceNow CMDB Consultant"", ""SAP Consultant"", ""Technical Application Support lead"", ""Business Analyst"", ""Technical Project/Engagement Manager"", ""Systems Engineer"", ""Business Systems Analyst""]",auto,2026-06-07,2026-06-07
"Zonestra Technologies, LLC",LLC,541511,,Austin,TX,78701,126,,,[],false,low,"[""Application Developer"", ""Software Developer"", ""Application Systems Engineer"", ""Advanced Software Developer"", ""Sr. SDET"", ""Network/Security Administrator"", ""Power BI Developer"", ""Security Analyst"", ""IT PM/Scrum Master"", ""UI Developer"", ""DevOps Engineer"", "".Net Developer"", ""Software Development Engineer"", ""Senior Quality Assurance Engineer"", ""Java Full Stack Developer"", ""Sr.SDET"", ""Quality Assurance Analyst"", ""Devops Engineer"", ""Android Developer"", ""Business Systems Analyst"", "". Net Developer"", ""Systems - Application Integration Engineer"", ""Systems \u2013 Application Integration Engineer"", ""Software Development Engineer in Test (SDET)"", ""Software Engineer"", ""Business Intelligence Information Architect"", ""Software Application Developer"", ""Java Developer"", ""SOFTWARE DEVELOPER"", ""IT-Program Delivery Lead"", ""Quality Assurance Engineer"", ""Python Developer"", ""IT Project Manager"", ""Business Analyst"", ""Business Intelligence Analyst"", ""Validation Engineer"", ""Computer Systems Engineers/Architects"", ""SAP Consultant"", ""Applications Integration Developer"", ""SAP PI/PO/CPI Developer"", ""System Design Engineer"", ""Product Manager"", ""FULL STACK .NET DEVELOPER"", ""Quality Analyst"", ""Business  Analyst""]",auto,2026-06-07,2026-06-07
IT ADVANZ LLC,LLC,541511,,Richardson,TX,75080,128,,,[],false,low,"[""Python Developer"", ""Software developer"", ""SAP Consultant"", ""Application System Analyst"", ""SALESFORCE DEVELOPER"", ""UI DEVELOPER"", ""SPECIALIST SENIOR"", ""SR SAP ABAP CONSULTANT"", ""SOFTWARE DEVELOPER"", ""SOFTWARE ENGINEER"", ""Software Engineer"", ""Cloud Data Engineer"", ""SAP Hana Consultant"", ""AWS Architect"", ""SALESFORCE ENGINEER"", ""ORACLE APPLICATIONS CONSULTANT"", ""Oracle Finance Functional Consultant"", ""SAP CONSULTANT"", ""Senior Applications Developer"", ""SENIOR APPLICATION DEVELOPER"", ""Data Analyst"", ""Report Engineer"", ""Full Stack Developer"", ""SENIOR APPLICATIONS DEVELOPER"", ""Software Developer"", ""Sr Java Developer"", ""Systems Analyst"", ""SAP SD Consultant"", ""SAP OTC Solution Architect"", ""Systems Design Engineer"", ""Systems design engineer"", ""Data Engineer"", ""Functional Consultant"", ""Quality Analyst"", ""Senior Automation Engineer"", ""AI Systems Engineer"", ""Systems Engineer"", ""AI Engineer"", ""Data Warehouse Engineer"", ""Sap Security consultant"", ""Advisory Specialist Senior"", ""Architect"", ""Application Developer"", ""Java Developer"", ""Java-MicroServices Developer"", ""Software Application Developer"", ""Java Full Stack Engineer"", ""IT Application Developer"", ""AEM  Developer"", ""Software Applications Developer"", ""Web Application developer"", ""Software Microsoft Developer"", ""Java-Microservices developer"", ""ServiceNow Architect"", ""Sr. Software Developer"", ""Project Manager"", ""Sr.Software Developer""]",needs_review,2026-06-07,2026-06-07
ARTIFINT TECHNOLOGIES LLC,LLC,541511,,DUNCANVILLE,TX,75116-4605,130,,,[],false,low,"[""CYBER SECURITY CONSULTANT"", ""BUSINESS ANALYST"", ""SOFTWARE DEVELOPER"", ""QUALITY ENGINEER"", ""CLOUD DEVOPS OPERATIONS ENGINEER"", ""SOFTWARE ENGINEER 2"", ""INFORMATION TECHNOLOGY PROJECT MANAGER"", ""PROJECT ENGINEER III"", ""SQL DEVELOPER"", ""SENIOR SOFTWARE DEVELOPER"", ""ETL/INFORMATICA DEVELOPER"", ""EMBEDDED DEVELOPER"", ""EDI DEVELOPER"", ""WAREHOUSE & INVENTORY IMPLEMENTATION MANAGER"", ""SOFTWARE TEST ENGINEER"", ""SUPPLY CHAIN SPECIALIST"", ""QA LEAD"", ""SENIOR INTEGRATION ENGINEER"", ""SENIOR SOFTWARE ENGINEER"", ""JAVA DEVELOPER"", ""LEAD ENGINEER"", ""APPLICATION ENGINEER"", ""SENIOR SCRUM MASTER LEAD"", ""UI/UX DEVELOPER"", ""DEVOPS ENGINEER"", ""TECHNICAL PROJECT MANAGER"", ""SAP ANALYTICS CLOUD CONSULTANT"", ""MANUFACTURING ENGINEER"", ""TECHNICAL ANALYST"", ""BUSINESS CONSULTANT"", ""SOFTWARE ENGINEER"", ""SQL SERVER DATABASE ADMINISTRATOR LEAD"", ""DATA ANALYST"", ""SALESFORCE ADMINISTRATOR"", ""SENIOR DEVOPS ENGINEER"", ""TECHNICAL LEAD DEVLOPER"", ""ETL DEVELOPER"", ""EXPERT BUSINESS ANALYST"", ""NX CAM APPLICATION ENGINEER"", ""DATA SCIENTIST"", ""BACKEND ENGINEER"", ""BIG DATA ENGINEER"", ""SOFTWARE ENGINEER - SENIOR"", ""IT SYSTEMS ENGINEER"", ""SR DEVEOPS ENGINEER"", ""SR. ENGINEERING TECHNICAL RECRUITER"", ""FULLSTACK ENGINEER"", ""SOFTWARE DEVELOPMENT ENGINEER"", ""FULL STACK DEVELOPER"", ""BUSINESS INTELLIGENCE ANALYST"", ""LEAD PHP DEVELOPER"", ""SOLUTION ARCHITECT"", ""LEAD JAVA DEVELOPER"", ""PYTHON DEVELOPER"", ""SALESFORCE SYSTEM ANALYST"", ""SR. DATA ENGINEER"", ""DATA ENGINEER"", ""SAP PRODUCTION PLANNING CONSULTANT"", ""SUPERSET BI DEVELOPER"", ""CLOUD ENGINEER"", ""WORKDAY SYSTEMS ANALYST"", ""HR SYSTEMS ANALYST"", ""SR. SOFTWARE DEVELOPER"", ""JUNIOR WORKDAY FUNCTIONAL CONSULTANT"", ""SOFTWARE ENGINEER I"", ""Sr. WORKDAY FUNCTIONAL CONSULTANT"", ""Technical Consultant"", ""JUNIOR WORKDAY DEVELOPER"", ""WORKDAY DEVELOPER"", ""WORKDAY SERVICE DELIVERY MANAGER"", ""Servicenow CMDB Architect"", ""AI Forward Deployed Engineer""]",needs_review,2026-06-07,2026-06-07
Kairas Tech LLC,LLC,541511,,Coppell,TX,75019,133,,,[],false,low,"[""Software Engineer"", ""SOFTWARE ENGINEER"", ""Senior Mainframe Developer"", ""Senior statistical programmer"", ""Full Stack Java Developer"", ""Data Engineer"", ""Mulesoft Architect"", ""SENIOR STORAGE CONSULTANT"", ""SAP FICO CONSULTANT"", ""Senior Consultant"", ""Senior developer"", ""Network Engineer"", ""SOC Analyst L2"", ""Senior Technical Manager"", ""Senior Data Analyst"", ""Test Lead"", ""QA Engineer"", ""Computer Programmer"", ""Computer programmer"", ""SOFTWARE DEVELOPER"", ""Software Developer"", ""Devops Engineer"", ""MLOps Engineer"", ""Java Developer"", ""Cost Estimator"", ""Salesforce Developer"", ""Cloud Architect/Devops Engineer"", ""Cloud Engineer"", ""TECHNICAL IT PROJECT MANAGER"", ""Database Administrator"", ""Architect"", ""DevOps Engineer"", ""Oracle OIC Programmer"", ""SAP SCM ANALYST""]",needs_review,2026-06-07,2026-06-07
"Tek Gigz, LLC",LLC,541511,,Plano,TX,75023,135,,,[],false,low,"[""Software Engineer"", ""Software Developer"", ""Angular Developer"", ""Senior Salesforce Developer"", ""DevOps Engineer"", ""Angular UI Developer"", ""Application Developer"", ""React Developer"", ""System Analyst"", ""Cloud Software Developer"", ""WEB  Developer / Software Engineer"", ""Sr.Software Engineer"", ""Full Stack Developer"", ""Java Developer"", ""Automation Tester"", ""Information Technology Project Managers"", ""Senior Security Engineer"", ""Sr. React Developer"", ""Data Engineer"", ""Senior Software Developer"", ""UI Developer - Senior React UI Developer"", ""Android Developer"", ""Data Analyst"", ""DEVOPS ENGINEER"", ""Full Stack Java Developer"", ""Front-End Developer"", ""Devops Engineer"", ""Sr Java Developer"", ""Software Developer -UI"", ""Business Analyst"", ""Sr. UI Engineer"", ""Programmer Analyst"", ""Sr. CyberArk Engineer - Specialist"", ""Sr Consultant"", ""AEM Developer"", ""Solution Architect"", ""Sr React Developer"", ""Senior React Developer"", ""Lead Information Security Engineer"", ""DATA ENGINEER"", ""Hadoop Engineer"", ""Associate"", ""SOFTWARE ENGINEER"", ""UI Developer"", ""NodeJS Developer"", ""SAP MDG Senior Consultant"", ""JAVA PROGRAMMER"", ""Sr Software Developer"", ""Java Programmer"", ""Systems Analyst"", ""SAP Data Specialist"", ""Web Technology Consultant"", ""Sr. Software Engineer"", ""Web Developer"", ""Java Analyst"", ""Full Stack Engineer"", ""SAP Analyst Cloud Functional Consultant"", ""Full Stack Engineer - Java""]",auto,2026-06-07,2026-06-07
BlueRibbon Global Technologies LLC,LLC,541511,,St. Louis,MO,63146,145,,,[],false,low,"[""Software Engineer"", ""Software Developer"", ""Devops Engineer"", ""Business Analyst"", ""Data Scientist"", ""Principal Architect"", ""IT Project Manager"", ""SAP Consultant"", ""Solution Architect"", ""Azure DevOps Engineer"", ""SAP Solution Architect"", ""Solutions Architect"", ""SAP Fico Consultant"", ""SAP EWM Consultant"", ""SharePoint Developer"", ""Network Security Engineer"", ""Cloud Security Engineer"", ""SAP Salesforce Integration Consultant"", ""Embedded Engineer"", ""Network Engineer"", "".Net Developer"", ""Software Development Engineer in Test"", ""SAP Functional Consultant"", ""SAP BW HANA"", ""IAM/Security Consultant"", ""BI Developer"", ""Data Engineer"", ""AWS Devops Engineer"", ""Cloud Engineer"", ""SAP Project Manager"", ""SAP SD Consultant"", ""Software Systems Engineer"", ""Database Administrator"", ""SAP Delivery Lead"", ""SQL DBA"", ""SAP FICO Consultant"", ""Data Analyst"", ""SAP HCM Consultant"", ""SAP GRC Analyst"", ""Integration Developer"", ""SAP FICO CONSULTANT"", ""Java Developer"", ""Oracle PLSQL Developer"", ""MuleSoft Architect"", ""SAP Test Analyst"", ""SAP Mm Consultant"", ""SharePoint /Power Platform Developer"", ""Technical Project Manager"", ""Salesforce Lead"", ""Test Engineer"", ""Sr Test Engineer"", ""SAP Technical Consultant"", ""Software Quality Assurance Analyst"", ""SAP SCM Consultant"", ""SAP MDG Consultant"", ""SAP MM Consultant"", ""SAP EWM consultant"", ""Project Manager"", ""Cyber Security Analyst""]",auto,2026-06-07,2026-06-07
DELTA GLOBAL SERVICES LLC,LLC,541511,,MCKINNEY,TX,75070,148,,,[],false,low,"[""SAP CONSULTANT"", ""SharePoint Developer"", ""SAP ABAP DEVELOPER CONSUSLTANT"", ""SAP CONSUSLTANT"", ""SOFTWARE DEVELOPER"", ""SENIOR SOFTWARE ENGINEER"", ""SAP ABAP CONSULTANT"", ""SAP EWM Consultant"", ""SAP Consultant"", ""SAP ABABP Consultant"", ""BI/BODS Consultant"", ""SAP ABAP Consultant"", ""SAP FI/CO CONSULTANT"", ""SALESFORCE DEVELOPER"", ""SENIOR SAP CONSULTANT"", ""SAP SD CONSULTANT"", ""SAP BASIS CONSULTANT"", ""QA Engineer/SDET"", ""SAP CONSULTANT / IT Project Manager -III"", ""Sr. Business Analyst / Project Manager"", ""SR. SOFTWARE ENGINEER"", ""QA ENGINEER/SDET"", ""Network Security Engineer/Architect"", ""Sr. SAP SuccessFactors"", ""SR. SOFTWARE DEVELOPER"", ""GUIDEWIRE SOFTWARE CONSULTANT"", ""Sr. Software Engineer"", ""SAP MM/WM CONSULTANT"", ""Scrum master/Product Manager"", ""Software Developer"", ""Senior Software Engineer"", ""Software QA Engineer"", ""SAP MM/WM Consultant"", ""Software Developers"", ""SAP FICO CONSULTANT"", ""ORACLE APPLICATIONS CONSULTANT""]",auto,2026-06-07,2026-06-07
RSA TECH GROUP LLC,LLC,541511,,Plano,TX,75024,148,,,[],false,low,"[""Salesforce Developer"", ""Senior Sitecore Developer"", ""Software Developer"", ""Data Analysis Developer"", ""Lead ERP Developer"", ""Software Developer Applications"", ""Software Engineer"", ""Software Application Test Engineer"", ""Network Engineer"", ""Software Developer, Applications"", ""Software Data Engineer"", ""Software Security Engineer, Applications"", ""Software Developer, ERP Applications"", ""Software Test Engineer"", ""Software Engineer, Applications"", ""Technical Lead Software Applications"", ""Cloud Architect"", ""Sr Software Test Engineer"", ""Sr Software Developer"", ""Sr Software Developer - Applications"", ""Sr Software Developer,  Applications"", ""Software Solution Architect"", ""Data Scientist"", ""Project Manager"", ""Technical Business Analyst"", ""Sr Data Analyst"", ""Senior Data Analyst"", ""Data Warehouse Engineer"", ""Data Scientists"", ""Data Engineer"", ""ERP System Administrator"", ""IT Project Manager"", ""Sr Software Developer Applications"", ""System Engineer"", ""Programmer Analyst"", ""ServiceNow Developer"", ""Systems Engineer II"", ""Software Support Engineer"", ""QA Automation Engineer"", ""Senior Software Developer Applications"", ""Software Developer III""]",auto,2026-06-07,2026-06-07
"SHIRO TECHNOLOGIES, LLC",LLC,541519,,ADDISON,TX,75001,152,,,[],false,low,"[""FINANCIAL ANALYST"", ""SOFTWARE DEVELOPER"", ""FINANCIAL/BUSINESS ANALYST"", ""Business Analyst"", ""Information Security Analyst"", ""COMPUTER SYSTEMS ANALYST"", ""BUSINESS ANALYST"", ""Software Developer"", ""Solutions Architect"", ""SOLUTIONS ARCHITECT"", ""Sr SQL DBA"", ""Sr. SQL DBA"", ""Sr. Azure/Devops Developer"", ""Cyber Security Engineer"", ""Sr. Oracle Apps Developer"", ""Sr. Oracle Developer"", ""Sr. Dot Net Developer"", ""Senior QA Engineer"", ""DB2 Database Administrator"", ""DOT NET DEVELOPER"", ""Java Developer"", ""Oracle Financial Consultant"", ""Project and Program Manager"", ""ASSOCIATE SCIENTIST"", ""DATA ENGINEER"", ""SAP CRM CONSULTANT"", ""Business Analysis."", ""MEDICAL OFFICER"", ""Java/J2EE Developer"", ""AWS/ Devops Engineer"", ""SAP CONSULTANT"", ""Facility Manager"", ""Project Manager"", ""Oracle Consultant"", ""Microsoft Dynamics CRM Developer"", ""Dynamics CRM Developer"", ""Software Engineer"", ""Sr Full Stack Web Developer"", ""Business Development Manager"", ""Sr. Sailpont IIQ Developer"", ""Sr Software Test Analyst"", ""Identity and Access Management (IAM) Software Engineer"", ""Oracle Finance Functional Consultant"", ""SAP Security Analyst"", ""Data Engineer"", ""Software Test Engineer"", ""Computer Programmer"", ""Data Analyst"", ""IT Analyst"", ""Programmer"", ""Software engineer""]",needs_review,2026-06-07,2026-06-07
IKON-TECH SERVICES LLC,LLC,541511,,HOUSTON,TX,77036,152,,,[],false,low,"[""Java Developer"", ""Java Tech Lead"", ""Java Engineer"", ""Salesforce Developer"", ""Peoplesoft Consultant"", ""Application Developer"", ""Services Developer"", ""Software Engineer"", ""Mulesoft Integrations Developer"", ""Senior Software Engineer"", ""Software Developer"", ""Peoplesoft Developer"", ""Peoplesoft Report Developer"", ""WORKDAY CONSULTANT"", ""Database Architect"", ""Android Developer"", ""PL/SQL Developer"", ""Network Architect"", ""Software  Developer"", ""Senior Oracle Applications Developer"", ""SOFTWARE DEVELOPER"", ""SALESFORCE DEVELOPER"", ""Business Analyst"", ""TESTING ENGINEER"", ""PeopleSoft Consultant"", ""Salesforce Architect"", ""SOFTWARE ENGINEER"", ""SAP  ABAP Consultant."", ""RPI Consultant"", ""DATA ENGINEER"", ""SAP Technical Consultant"", ""IT Consultant"", ""Workday Test Lead"", ""Technical Specialist"", ""QA Engineer"", ""JAVA DEVELOPER"", ""MuleSoft Integrations Developer"", ""QA Control Analyst"", ""Business Intelligence Developer"", ""Senior Business Intelligence Developer"", ""Information Security Engineer"", ""Information Security Analyst"", ""ORACLE DATABASE ADMINISTRATOR"", ""Senior SAP Programmer"", ""Technical Functional Lead"", ""Oracle ERP Consultant"", ""ETL ENGINEER"", ""Software Quality Assurance Tester"", ""SAP DATA CONSULTANT"", ""APPLICATION DEVELOPER"", ""ORACLE CLOUD HCM SECURITY CONSULTANT"", ""Workday Consultant"", ""RPA Developer"", ""Peoplesoft Functional Consultant"", ""Dot Net Developer"", ""MULESOFT INTEGRATION ARCHITECT"", ""PEOPLESOFT CONSULTANT"", ""SENIOR DATA ENGINEER"", ""Senior Java Engineer"", ""SENIOR PEOPLESOFT DEVELOPER"", ""Salesforce Tester"", ""WORKDAY TEST LEAD"", ""ORACLE ERP CONSULTANT"", ""SOFTWARE ARCHITECT"", ""QA ENGINEER"", ""ETL Engineer"", ""IT Consultant (Kronos AE/DE)"", ""IT PROJECT MANAGER"", ""TECHNICAL LEAD L1"", ""DATA ANALYST"", ""Java Full Stack Developer"", "".NET DEVELOPER"", ""SERVICENOW DEVELOPER"", ""SOFTWARE DEVELOPER/DOTNET DEVELOPER"", ""NETWORK ENGINEER"", ""GEN AI LEAD"", ""Head of Data-Based/Fintech Marketing Strategies (Strategist)""]",needs_review,2026-06-07,2026-06-07
Thought Circuits Services LLC,LLC,541511,,Irving,TX,75038,152,,,[],false,low,"[""Software Developer"", ""Software Engineer"", ""Java Full Stack Developer"", ""Data Engineer"", ""Full Stack Developer"", ""Java Developer"", ""Java API Developer"", ""Full stack developer"", ""Full Stack Java Developer"", ""Java full stack developer"", ""Java Backend Engineer"", ""Software Development Engineer in Test"", ""QA Automation Engineer"", ""Java Full stack developer""]",auto,2026-06-07,2026-06-07
"INNOVATIVE INTELLIGENT SOLUTIONS, LLC",LLC,541511,,PLANO,TX,75075,155,,,[],false,low,"[""UI Developer"", ""IT Technology Lead"", ""Software Developer"", ""Test Lead"", ""IT Business Analyst"", ""SOFTWARE DEVELOPER"", ""AEM Business Analyst"", ""Front-End Developer"", ""Sr. AEM Business Analyst"", ""Senior Software Developer"", ""Software Development Engineer in Test(SDET)"", ""Integration Architect"", ""Technical Lead"", ""SAS Administrator"", ""Middleware Engineer"", ""DevOps Engineer"", ""Software Engineer"", ""Clinical SAS Programmer / Data Analyst"", ""Software Developer II"", ""Sr Java Developer"", ""Java Full Stack Developer"", ""ETL Informatica Developer"", ""SOFTWARE ENGINEER"", ""Full stack Developer/ Software Developer"", ""QA Lead Engineer"", ""Nodejs Developer/ Software Developer"", ""Teradata Developer"", ""UI/UX Developer"", ""Software Developer (Full Stack Developer)"", ""Software Engineer II"", ""React Developer"", ""BUSINESS ANALYST"", ""Software Development Engineer"", ""JAVA DEVELOPER"", ""Business Analyst/Scrum Master"", ""Data Analyst"", ""Advanced Business Analyst"", ""SAS Developer"", ""Data Engineer"", ""Quality Assurance Engineer"", ""Internet/Web Engineer"", ""SAS Programmer"", ""Lead QA Automation Engineer"", ""Systems Engineer"", ""Software Developer/Full-stack Developer"", ""SAS Developer/Engineer"", ""Senior Data Analyst"", ""Software Developer/Sr Full stack Developer"", ""Senior Java Developer"", ""Senior Java developer"", "".NET Core Implementation Developer"", ""Business Analyst"", ""Programmer Analyst"", ""UI DEVELOPER"", ""Senior Software Engineer"", ""AWS Cloud Engineer"", ""EDI Production Support Analyst"", ""IaC Engineer(Terraform)"", ""UI React Developer"", ""SDET (Software Development Engineer in Test)"", ""Lead Informatica Developer"", ""Full Stack Java Developer"", ""BI Data Engineer"", ""SAS PLatform Engineer"", ""Digital Engineer (Front-End Engineer)/ Software Engineer"", ""Digital Engineer (Front-End Engineer)/Software Engineer"", ""Sr. Software Engineer(TCF)"", ""Senior Test Engineer"", ""Software Verification Engineer"", ""Azure Cloud Engineer"", ""React Native Developer"", ""Backend Python Developer"", ""Database Specialist"", ""Sr Data Developer"", ""Database Developer""]",needs_review,2026-06-07,2026-06-07
Eclat Solutions LLC,LLC,541511,,Lakeway,TX,78734,159,,,[],false,low,"[""Software Developer (Pega Administrator)"", ""Software Developer (Pega Developer)"", ""Software Developer"", ""Software Developer (Pega Senior Systems Architect)"", ""Software Developer (Bigdata Developer)"", ""Database Administrator"", ""Market Research Analyst"", ""Software Developer (Data Warehouse Developer)"", ""Technical Recuriter"", ""SOFTWARE DEVELOPER"", ""Pega Developer (Software Developer)"", ""Pega Systems Administrator"", ""Application Developer 2 (Pega Admin)"", ""Software Developer (IT Engineer)"", ""SOFTWARE QUALITY ASSURANCE ENGINEER"", ""Software Developer (Java Developer)"", ""Application Engineer (Cyber Security Engineer)"", ""Systems Engineer"", ""Software Developer (Data Engineer)"", ""Software Developer (Oracle Applications Developer)"", ""Software Developer (Devops Engineer)"", ""Project Manager"", ""Software Quality Assurance Engineer"", ""Software Developer (Salesforce Developer)"", ""Application Engineer"", ""Application Developer (Chief Enterprise Architect)"", ""Software Engineer (Full Stack Developer)"", ""Software Developer (.NET Developer)"", ""Software Developer (CPQ Developer)"", ""Software Developer (DevOps Engineer 3)"", ""Business Analyst"", "".NET Technical Lead"", ""Chief Enterprise Architect/SME (Pega Admin)"", ""Software Engineer (Software Developer)"", ""Systems Delivery Manager"", ""Sr. Java Developer"", ""OPA / Java Developer"", ""OPA Developer"", ""Salesforce Developer"", ""Systems Delivery Manager - Level II"", ""Information Security Analyst"", ""Software Delivery Manager"", ""OPA/Java Developer"", ""Oracle Policy Automation Analyst"", ""Systems Analyst"", ""Oracle HCM Consultant"", ""Oracle Fusion Software Developer"", ""SOLUTION ARCHITECT"", ""BI DEVELOPER"", ""PYTHON DEVELOPER"", ""QUALITY ANALYST"", ""SCRUM MASTER"", ""SYSTEMS ENGINEER"", ""SR. QUALITY ASSURANCE ANALYST"", ""DIRECTOR OF IT TECHNICAL SERVICES"", ""Process Engineer"", ""QUALITY ENGINEER"", ""PROCESS ENGINEER"", ""GENERAL MANAGER"", ""PROGRAM MANAGER"", ""Information Systems Developer"", ""Engineering Director"", ""Data Analyst"", ""Program Manager""]",needs_review,2026-06-07,2026-06-07
USTRING SOLUTIONS LLC,LLC,541511,,Bedford,TX,76021,159,,,[],false,low,"[""Senior ETL Developer"", ""Senior Software Developer"", ""Senior Consultant"", ""Senior Technical Architect"", ""Senior SAP Programmer"", ""Azure Data Engineer"", ""Software Engineer"", ""Senior Software Engineer"", ""Senior SAP Consultant"", ""SAP ABAP Consultant"", ""Automation Engineer"", ""SAP Analyst"", ""Senior Python Developer"", ""Data Modeler Architect"", ""Data Engineer"", ""Senior Software Engineer."", ""Programmer Analyst"", ""Data Scientist Lead"", ""Marketing Data Analyst"", ""Senior Front End Developer"", ""SAP Successfactors Senior Consultant"", ""Lead Data Engineer"", ""Data Governance Analyst"", ""Computer Programmer"", ""Business Analyst"", ""Senior Application Developer"", ""Data Engineer Hana"", ""Application Programmer"", ""Sr. Software Engineer"", ""Lead .NET Engineer"", ""Embedded Automation Tester"", ""QA Engineer"", ""Senior Software Development Engineer"", ""Supplier Assessment Lead"", "".Net Developer"", ""Performance Test Lead"", ""Computer Programmer Analyst"", ""Systems Engineer"", ""IT Manager \u201c Retail and Hospitality Sector"", ""Software Developer - Enterprise Retail Solutions""]",needs_review,2026-06-07,2026-06-07
Excelon Solutions LLC,LLC,541511,,Carrollton,TX,75007,164,,,[],false,low,"[""Telecom Test Engineer"", ""Salesforce Developer"", ""Software Developer"", ""Network Engineer"", ""Sr. Salesforce Developer"", ""Software/Salesforce Developer"", ""Senior Software Developer"", ""Software Engineer"", ""Database Administrator"", ""Salesforce developer"", ""SFDC Admin & Developer"", ""Software Engineer/Developer"", ""Data Engineer"", ""Software Enginer"", ""Data Analyst"", ""Cloud Database Administrator"", ""SALESFORCE BUSINESS ANALYST"", ""Storage Engineer"", ""Senior SQL Database Administrator"", ""Salesforce Production Support"", ""Job title\tOracle EBS Techno Functional Analyst"", ""Oracle EBS Techno Functional Analyst"", ""Software/DevOps Engineer"", ""Sr Cloud Engineer"", ""Salesforce Engineer"", ""Business Analyst"", ""SALESFORCE DEVELOPER"", ""Devops Engineer"", ""Python Developer"", ""Senior Technical Operations Engineer"", ""DevOps Engineer"", ""System Engineer"", ""SAP FICO Counsultant"", ""Excelon Solutions LLC"", ""Systems Engineer"", ""Technical Operations Engineer"", ""Quality Analyst"", ""Senior Sql Database Administrator"", ""Software Solution Architect"", ""SRE Support Engineer"", ""SAP Technical Architect"", ""SFDC Developer"", ""Staff Engineer"", ""Solution Architect \u201c Specialist"", ""Sr Developer"", ""Senior BizOps Engineer"", ""Sr Salesforce Programmer"", ""Project Lead IVR and Java"", ""SAP Integration Architect"", ""Software Tester"", ""BI Architect"", ""Sr Software Engineer""]",auto,2026-06-07,2026-06-07
Zenith Infotek LLC,LLC,541511,,Lewisville,TX,75056,165,,,[],false,low,"[""Cloud Web Platform Engineer"", ""DevOps Engineer"", ""Technology Project Manager"", ""Java developer"", ""Service Delivery Project Manager"", ""Senior Software Engineer"", ""J2EE Sr. Application Developer"", ""Senior Tester"", ""Data Architect"", ""QUALITY ASSURANCE ANALYST"", ""QA Test Engineer"", ""Software Developer"", ""Automation Engineer"", ""Tech Lead"", ""Technical Product Manager"", ""SERVICE DELIVERY MANAGER"", ""TECHNICAL PRODUCT OWNER"", ""Product Owner"", ""Business Analyst"", ""Software Engineer"", ""QA Engineer"", ""Database Developer"", ""Technical Business Analyst"", ""System Engineer"", ""Systems Engineer"", ""Data Engineer"", ""Technical Test Lead"", ""Data Analyst"", ""Technical Specialist"", ""Test Engineer Automation"", ""Business Systems Analyst"", ""Base24 Production Support"", ""Java Software Engineer"", ""Software Quality Assurance Engineer."", ""Data Solution Architect"", ""Java Developer"", ""Salesforce Business Systems Analyst"", ""Telecom Lead"", ""Software Quality Assurance Engineer"", ""Test Engineer"", ""Development Manager"", ""INFORMATICA ETL DEVELOPER"", ""PRODUCT OWNER"", ""SOFTWARE DEVELOPER"", ""BUSINESS ANALYST"", ""TECHNICAL BUSINESS ANALYST"", ""DATA ENGINEER"", ""SOFTWARE ENGINEER"", ""TECHNICAL BA"", ""IT BUSINESS ANALYST II"", ""APPLICATION DEVELOPER- JAVA"", ""TEST PLANNER AND EXECUTOR"", ""PROJECT MANAGER"", ""SERVICE DELIVERY PROJECT MANAGER"", ""TEST ENGINEER"", ""SOFTWARE QUALITY ENGINEER"", ""DATA SOLUTION ARCHITECT"", ""DATA ARCHITECT"", ""FULL STACK ENGINEER"", ""FULL STACK DEVELOPER"", ""PRODUCTION SUPPORT ENGINEER"", ""ENTERPRISE ARCHITECT"", ""QA ENGINEER"", ""JAVA PROGRAMMER"", ""BUSINESS ANALYST 2"", ""SCRUM MASTER"", ""PRODUCT ANALYST"", ""UI/UX DEVELOPER"", ""TEST ENGINEER AUTOMATION"", ""BUSINESS SYSTEM ANALYST"", ""SOFTWARE ARCHITECT"", ""SALESFORCE ARCHITECT"", ""ORACLE FUSION MIDDLEWARE DEVELOPER"", ""UI DEVELOPER"", ""JAVA DEVELOPER"", ""TECHNICAL ARCHITECT""]",auto,2026-06-07,2026-06-07
Fidelis Software Solutions LLC,LLC,541511,,Cedar Park,TX,78613,167,,,[],false,low,"[""Software Developer"", ""Database Administrator"", ""Systems Engineer"", ""Software Quality Assurance Analyst and Tester"", ""Technical Project Manager"", ""Information Security Analyst"", ""Software Quality Assurance Analysts and Tester"", ""Systems Analyst"", ""Linux Build Engineer"", ""Mobile Quality Assurance Engineer"", ""PeopleSoft Finance Techno Functional Lead""]",needs_review,2026-06-07,2026-06-07
"Apex IT Systems Global USA, LLC",LLC,541511,,Farmers Branch,TX,75234,174,,,[],false,low,"[""Application Developer"", ""Software Developer"", "".NET Developer"", ""Java Developer"", ""Programmer 5/ PR5"", ""AOC Tech Architecture Specialist"", ""Reliability Engineer"", ""QA Engineer"", "". NET Developer"", ""NET Developer"", ""Sr Full Stack .Net Developer"", "".NetCore Software Developer"", ""Senior Network Specialist"", ""Software Engineer"", ""Business Systems Analyst"", ""Senior app Developer"", ""Senior Software Engineer"", ""Data Engineer"", ""Java Software Development Engineer"", ""Asp Dot Net Developer"", ""IT Project Manager"", ""Systems Developer"", ""IT support engineer"", ""Senior Software Developer"", ""Database Administrator"", "".Net Full Stack Developer"", ""AOC Technical Architect Specialist"", ""Software Developer - Programmer 5/ PR 5"", ""DevOps Lead - L2"", ""DevOps engineer"", "".Net Full Stack Engineer"", "".Net Developer- Full Stack Developer"", ""Software Application Developer"", ""Salesforce Developer"", ""Data Analyst"", ""Software Applications Developer"", ""SQL BI Developer"", ""Systems Analyst"", ""Software Architect"", ""IT Consultant (DevOps Cloud Engineer)"", ""SAP Consultant"", ""DevOps Engineer"", ""DEVOPS ENGINEER"", ""CLOUD ENGINEER"", ""AZURE CLOUD ENGINEER"", ""SITE REALIBILITY ENGINEER"", ""DATA ENGINEER"", ""Software Application Developer/Analyst"", ""DevSec Ops Developer"", ""Validation Analyst"", ""Azure Systems Engineer"", ""TEST SPECIALIST CUSTOM APPLICATION"", ""Sr. Kubernetes Engineer"", ""Cloud Engineer"", ""Azure RBAC Engineer"", ""Azure Kubernetes Engineer"", ""IT Consultant (DevOps Engineer)"", ""Automation Tester"", ""Azure DevOps Engineer"", ""Java Programmer"", ""Sr. DevOps Engineer"", ""Systems Engineer - Azure Cloud"", ""BUSINESS ANALYST"", ""Product Owner"", ""Business Analyst"", ""Business Process Analyst"", ""Scrum Master"", ""HealthCare Business Analyst"", ""Computer Systems Analyst"", ""Senior Business Intelligence Analyst"", ""TECHNOLOGY BUSINESS SERVICES CONSULTANT (BUSINESS ANALYST)"", ""BUSINESS PROCESS ANALYST"", ""SENIOR BUSINESS SYSTEMS ANALYST"", ""IT PROJECT MANAGER"", ""COMPUTER SYSTEMS ANALYST"", ""DATA MANAGEMENT ANALYST""]",needs_review,2026-06-07,2026-06-07
"Intellect Business Solutions, LLC",LLC,54151,,Irving,TX,75038,175,,,[],false,low,"[""SOFTWARE DEVELOPER"", ""SOFTWARE DEVELOPER-Java"", ""SOFTWARE ENGINEER"", ""Software Engineer"", ""Software Specialist - SAP"", ""Software Developer"", ""Sr. Software Developer - Java"", ""Applications Developer"", ""IT Program Manager (Information Technology Program Manager)"", ""Technical Consultant"", ""Software Engineer - Java"", ""IT NETWORK MANAGER"", ""Software Technical Architect"", ""Software Analytical Strategist"", ""Software Developer - Java"", ""Analytical Strategist Specialist"", ""Software Quality Engineer"", ""Sr. Java Developer"", ""Software Engineeer"", ""Applications DEVELOPER"", ""SOFTWARE Engineer"", ""APPLICATIONS DEVELOPER"", ""SYSTEMS ANALYST"", ""IT Architect - Java"", ""IT Program Manager"", ""IT ARCHITECT"", ""Software Specialist - SAP VERTEX"", ""IT Architect"", ""Systems Analyst"", ""Sr. Informatica MDM Developer"", ""Data Warehouse Developer"", ""Sr. Developer / Lead (Microstrategy)"", ""Sr. Software Engineer"", ""Database Developer"", ""Sr. Software Developer"", ""Oracle Application IT Developer / Engineer"", "".NET Developer"", ""DW Developer"", ""Data Analyst"", ""Programmer Analyst"", ""System Administrator"", ""Informatica Developer"", ""Senior Software Engineer"", ""Salesforce Developer"", ""Oracle EPM Principal Consultant"", ""Staff Site Reliability Engineer"", ""Software Consultant"", ""Principal Consultant""]",auto,2026-06-07,2026-06-07
SIGMA SOFTWARE LLC,LLC,541511,,DALLAS,TX,75234,176,,,[],false,low,"[""SOFTWARE ENGINEER"", ""Software Developer"", ""SYSTEMS ANALYST"", ""SOFTWARE DEVELOPER"", ""Software Engineer"", ""Quality Assurance Engineer"", ""SYSTEM ADMINISTRATOR"", ""DATABASE ADMINISTRATOR"", ""SENIOR SOFTWARE DEVELOPER"", ""BUSINESS ANALYST"", ""IT INFRASTRUCTURE & SYSTEMS ADMINISTRATOR"", ""QA ANALYST"", ""ORACLE EBS TECHNO FUNCTIONAL CONSULTANT"", ""SOLUTIONS ARCHITECT"", ""SYSTEM ENGINEER"", ""INFRASTRUCTURE ENGINEER"", ""QUALITY ASSURANCE ENGINEER"", ""ORACLE CLOUD SOLUTIONS ARCHITECT"", ""INFORMATION SECURITY EXPERT"", ""Architect"", ""DATA ENGINEER""]",auto,2026-06-07,2026-06-07
ORABASE SOLUTIONS LLC,LLC,541511,,McKinney,TX,75070,176,,,[],false,low,"[""BUSINESS ANALYST"", ""Software Developer"", ""Software Engineer"", ""Data Modeler"", ""Site Reliability Engineer"", ""POWER BI Developer"", ""UI/Full stack developer"", ""Automation Engineer - BDD"", ""Machine Learning Engineer"", ""Oracle Database Administrator"", ""Senior Delivery Manager"", ""WEB/UI   DEVELOPER"", ""Technical Project Manager"", ""Network DATA Engineer"", ""Senior Embedded Software Design Engineer"", ""Angular Developer"", ""SOFTWARE ENGINEER"", ""Network Engineer"", ""Data Base Administrator"", ""Softwae QA Engineer"", ""SOFTWARE TEST ENGINEER"", ""Network Voice engineer"", ""QA - Consultant II"", ""SOFTWARE DEVELOPER"", ""POWER BI DEVELOPER"", ""Frontend Developer"", ""Java Developer"", ""Python Developer"", ""MS Intune Administrator"", ""MS SQL & Sybase DBA"", ""Full Stack Developer"", ""Software  Engineer"", ""Sr Software engineer"", ""Software  Developer"", ""Hadoop Adminstrator - Lead Consulatant"", ""Sr. Talent Acquisition consultant"", ""HCM Benefit Systems Analyst"", ""QA TESTER"", ""Security Testing Engineer"", ""SOFTWARE ENGINEER 3"", ""Senior Software Engineer"", ""Data Engineer"", ""SQL Developer"", ""Network Security Engineer"", ""Engineer"", ""JAVA LEAD"", ""Java Fullstack Developer"", ""Data Analyst"", ""Testing Coordinator"", ""SCRUM MASTER"", ""Operations Research Analyst"", ""Business Systems Analyst"", ""Lead Product Manager"", ""Digital Technology Manager"", ""Software and Systems Engineer"", ""Sr Application Developer"", ""Python\u00a0AWS\u00a0Developer"", ""Database Engineer"", ""SAP Sr. Work soft Developer"", ""GCP Data Engineer"", ""Data sceintist"", ""Data Sceintist /  Data Analyst"", ""Project Manager"", ""DevSecOps Engineer"", ""Sybase Database Engineer"", ""QA Consultant - II"", ""Business Management Analyst"", ""Sr. Business Management Analyst"", ""SAP Sr. Work Soft Developer"", ""Sr Network Engineer"", ""Software Architect"", ""SAP BI Consultant"", ""SOFTARE DEVELOPER"", ""JAVA DEVELOPER"", ""ETL  DEVELOPER"", ""MS INTUNE ADMINISTRATOR""]",auto,2026-06-07,2026-06-07
"PREMIER IT SOLUTIONS, LLC",LLC,541511,,RICHARDSON,TX,75081,181,,,[],false,low,"[""SOFTWARE DEVELOPER"", ""SYSTEMS ANALYST"", ""Software Developer""]",auto,2026-06-07,2026-06-07
"TEK NINJAS SOLUTIONS, LLC",LLC,541511,,LEWISVILLE,TX,75057,184,,,[],false,low,"[""SOFTWARE DEVELOPER"", ""SOFTWARE ENGINEER"", ""SR. SOFTWARE DEVELOPER"", ""SALESFORCE DEVELOPER"", ""MULESOFT DEVELOPER"", ""Tableau Developer"", ""BI DATA ARCHITECT"", ""SR. SALESFORCE DEVELOPER"", ""PEGA TEST LEAD"", ""iOS MOBILE DEVELOPER"", ""Sr. AEM(Adobe Experience Manager) Developer"", ""CLOUD DATA TEST ENGINEER"", ""SOFTWARE DEVELOPER (SALESFORCE)"", ""DATA ANALYTICS ENGINEER"", ""DATA  ENGINEER"", ""AEM DEVELOPER"", ""DATA ENGINEER"", ""DATA WAREHOUSE QA ANALYST"", ""FRONT END DEVELOPER"", ""SENIOR JAVA DEVELOPER"", ""SALESFORCE QA"", ""SITE RELIABILITY ENGINEER"", ""ORACLE APPS DBA"", ""JAVA DEVELOPER"", ""ANSIBLE AUTOMATION ENGINEER"", ""SR  AEM DEVELOPER"", ""SR DATA ENGINEER"", ""ENTERPRISE PROGRAMMER ANALYST"", ""SR. IOS MOBILE DEVELOPER"", ""SR. ETL INFORMATICA DEVELOPER"", ""DATA SCIENTIST"", ""AUTOMATION ENGINEER"", ""SENIOR SOFTWARE ENGINEER"", ""SENIOR MOBILE DEVELOPMENT ENGINEER"", ""BUSINESS ANALYST/AGILE COORDINATOR"", ""DATA SCIENTIST - IV"", ""PFOFESSIONAL BUSINESS ANALYST"", ""TECHNICAL ANALYST -2"", ""DEVOPS ENGINEER"", ""BUSINESS SYSTEMS ANALYST (SAP TECH LEAD)"", ""iOS DEVELOPER"", ""DATA PROTECTION AND BACKUP ENGINEER/CONSULTANT"", ""SDET ENGINEER"", ""SR AEM DEVELOPER"", ""BUSINESS INTELLIGENCE ANALYST"", ""SSIS DEVELOPER"", ""SR SOFTWARE ENGINEER"", ""JAVA FULL STACK DEVELOPER"", ""BUSINESS INTELLIGENCE DEVELOPER"", ""INCIDENCE RESPONSE ENGINEER"", ""TECHNICAL PROJECT MANAGER"", ""Web Applications Programmer"", ""PYTHON PROGRAMMER"", ""DevOps Engineer"", ""Full Stack Java Developer"", ""LEAD DATA ENGINEER"", ""Software Engineer"", ""SRE/DevOps ENGINEER"", ""JAVA Backend Engineer"", ""Java Full Stack/API  Developer"", ""Salesforce Marketing Cloud Developer"", ""Salesforce Developer"", ""Automation Engineer"", ""Dell Boomi Developer"", ""WEB DEVELOPER"", ""SOFTWARE ENGINIEER"", ""Site Reliability Engineer"", ""Python/AWS Developer"", ""MuleSoft Developer"", ""Java Developer"", ""PRODUCT MANAGER"", ""Software Developer"", ""Tableau Analytics Technical Trainer"", ""Data Engineer"", ""Cloud Engineer"", ""JAVA SENIOR SOFTWARE DEVELOPER"", ""Associate Software Engineer"", ""Full Stack Developer"", ""Data Scientist"", ""QUALITY ASSURANCE ANALYST"", ""LEAD SOFTWARE ENGINEER"", ""Azure Cloud Infrastructure Engineer"", ""OFSAA Developer"", ""SR. DEVELOPMENT LEAD"", ""SR. ENGINEER CYBER SECURITY"", ""Sr. React Developer"", ""SR. CLOUD DATA ENGINEER"", ""DATA SCIENTIST - AIOps"", ""DATA SCIENTIST IV"", ""Sr. Salesforce Architect"", ""ENTERPRISE DATA WAREHOUSE QA ANALYST"", ""Project Manager"", ""Network Administrator"", ""AEM Software Developer"", ""Java Backend Engineer"", ""Cloud Virtualization Engineer II"", ""IT Automation and Quality Engineer"", ""SOFTWARE ENGINEERING-SENIOR SOFTWARE ENGINEER"", ""Salesforce QA Engineer"", ""Associate Software Developer"", ""ONSHORE AWS DEVOPS ENGINEER"", ""Principal Quality Assurance Analyst"", ""AWS DevOps Engineer"", ""Test Defect Lead"", ""Salesforce Administrator"", ""Lead Data Engineer"", ""Salesforce Admin/Developer"", ""PROJECT MANAGER"", ""Grafana Business Analyst/Technical Project Manager"", ""Senior Product Owner"", ""Azure Databricks Engineer"", ""Data Analyst"", ""Junior Software Developer"", ""Project Manager Specialist""]",needs_review,2026-06-07,2026-06-07
Tachyon Technologies LLC,LLC,541511,,Irving,TX,75039,187,,,[],false,low,"[""Salesforce Consultant"", ""SAP FICO Consultant"", ""SAP Consultant"", ""Senior Data Engineer"", ""Google Data Engineer"", ""Senior Data Analyst"", ""S/4 Hana Finance & CFIN - Solution Architect"", ""Training and Development Manager"", ""Software Developer"", ""SAP ISU Consultant"", ""SAP consultant"", ""SAP Fico consultant"", ""Information Technology Senior consultant"", ""Senior SAP Basis Administrator"", ""SAP Basis Administrator"", ""Solution Engineer"", ""SAP MM Consultant"", ""SAP BW Hana Consultant"", ""Computer Network Engineer"", ""Content Server Consultant"", ""Software Programmer"", ""Salesforce Cloud Consultant"", ""SAP Basis Consultant"", ""SAP  Consultant"", ""Supply Chain Consultant"", ""Senior Solution Architect"", ""SAP Architect"", ""Software Engineer"", ""Civil Design Engineer"", ""Business Analyst"", ""Computer System Analyst (SAP Security)"", ""Structural Engineer & BIM Expert"", ""Tax Accountant"", ""Software Engineer Analyst"", ""Software Developer II"", ""Project Engineer"", ""Managing Consultant"", ""Applications Developer (SAP Security & GRC)"", ""SOFTWARE ENGINEER"", ""Data Analyst"", ""Director of Solution Engineering"", ""Business Intelligence Analyst"", ""Chief Technology Officer""]",needs_review,2026-06-07,2026-06-07
Adi Worldlink LLC,LLC,541513,,Frisco,TX,75034,188,,,[],false,low,"[""SDE - Sr. Data Scientist"", ""Sr. Full Stack Java Developer (EET)"", ""Full Stack App Developer - Python & React"", ""4G 5G RAN Solutions Engineer"", ""Data Engineer (Hadoop)"", ""4G 5G RAN Solutions Engineer - SME"", ""Data Architect"", ""LTE/5G Air Interface & Call Processing Test Engineer"", ""Data Engineer (Controls/Automation)"", ""ML Ops Engineer"", ""Senior 4G 5G RAN Solutions Engineer"", ""Data Architect, Senior"", ""Data Engineer (AWS)"", ""Senior Data Engineer (AWS)"", ""Technical Business/Data Analyst"", ""Angular SDE"", ""Sr. Java Developer"", ""Full Stack Developer"", ""SDE Test Design/Analyst"", ""5G Test Engineer"", ""Design Engineer"", ""Big Data/Cloud Architect"", ""Solutions Architect - Tableau/PowerBI"", ""Accounting Analyst I"", ""DevOps Engineer"", ""Android QA Automation Engineer"", ""BI Engineer"", ""Junior 4G 5G RAN Solutions Engineer"", ""5G Systems Test Engineer"", ""BI Analyst B2B eCommerce"", ""JIRA Developer"", ""Tier III Associate Engineer"", ""Data Scientist"", ""Sr. Java Developer Tech SME"", ""Natural Language Processing Engineer"", ""4G/5G Systems Processing Engineer"", ""4G/5G LTE Call Processing Systems Engineer"", ""Senior Technical Talent Executive"", ""RAN SME"", ""Sr. Consultant - Front End Developer"", ""Bi Analytics and Data Science Consultant - Level 3"", ""Lead Java Developer"", ""Software Engineer"", ""Software Engineer II"", ""Product Owner, AI/ML"", ""DevOps/Software Development Engineer"", ""Scrum Master"", ""RAN Virtualization & OAMP/OSS Engineer"", ""Sr. MarkLogic Developer"", ""5G Systems Test Engineer II"", ""Data Engineer (SDP)"", ""RF Systems Engineer II"", ""DevOps / Streaming Engineer"", ""LTE Test Engineer"", ""Principal - BI Analytics & Data Science"", ""Telecom Engineering Lead"", ""Product Manager - Customer Device Analytics"", ""RAN Virtualization & OAMP Systems Engineer"", ""LTE 5G Air Interface & Call Processing Test Engineer"", ""Data Engineer (Control/Automation)"", ""Technical Business Intelligence Analyst"", ""Sr. Full Stack Java Developer"", ""Software QA Engineer"", ""Business Intelligence Analyst - Android Development"", ""Software Development Engineer - Technology SME"", ""IoT Engineer"", ""SIT Lab Support Engineer"", ""Supply Chain Analyst"", ""Lead Data Engineer, USA"", ""Sr. Data Engineer (USCA)"", ""Lead RAN Virtualization & OAMP Engineer"", ""Sr. Data Engineer"", ""RAN SME II"", ""Technology SME"", ""Sr. Data Scientist"", ""Principal Architect (Data)"", ""Sr. Software Engineer (Python)"", ""Technical Training & Development Specialist"", ""Cloud/DevOps Engineer"", ""Data Engineer"", ""Data Logging Engineer II"", ""Data Engineer II"", ""Android Software Engineer II"", ""UX Design SDIC"", ""Sr. Embedded System Engineer"", ""Data Scientist (FIS)"", ""Senior Software Engineer"", ""VzW Support Engineer (Deployment)"", ""Senior Business Analyst (SCM)"", ""Data Analyst"", ""Senior Machine Learning Engineer (Knox Cloud)"", ""Network Testing Engineer I"", ""Junior Data Scientist/Data Engineer"", ""Senior Software Engineer (Mobile)"", ""Sr. Data Analyst"", ""Data Engineer (EL) I"", ""Product Experience Researcher III"", ""Lead Data Scientist/Software Engineer"", ""SDE- Sr. Data Scientist"", ""RAN Wireless SME"", ""4G/5G RAN Test Engineer II"", ""RF Systems Engineer III"", ""Domain Lead, Angular SDE"", ""Domain Lead, Full Stack Developer"", ""Systems Test Engineer"", ""Full Stack Software Engineer"", ""Network QA Engineer"", ""Data & Machine Learning Engineer"", ""Call Processing Systems Engineer"", ""Senior Consultant - Front End Developer"", ""Test Engineer"", ""Java Developer"", ""Software Development Engineer"", ""Senior Software Engineer - Machine Learning"", ""Lead RAN Virtualization and OAMP Engineer"", ""Solutions Architect"", ""Operations Support Engineer""]",auto,2026-06-07,2026-06-07
"CYNOSURE TECHNOLOGIES, LLC",LLC,541511,,HOUSTON,TX,77057,189,,,[],false,low,"[""Software Developer"", ""Software Architect (Technical Lead)"", ""Business Intelligence Analyst"", ""Software Data Analyst"", ""Computer System Analyst"", ""Sr. Software Developer"", ""Validation Engineer"", ""Software  Engineer"", ""Software Engineer"", ""Software Developers"", ""Programmer Analyst"", ""Computer Systems Analyst"", ""Senior Software Engineer"", ""Technical Consultant"", ""Senior Operations Research Engineer""]",needs_review,2026-06-07,2026-06-07
BEAN INFOSYSTEMS LLC,LLC,541511,,McKinney,TX,75070,190,,,[],false,low,"[""Software Developer"", ""Software Developer (Sr. Data & Visualization Analyst)"", ""SOFTWARE DEVELOPER"", ""Database Administrator"", ""Database Administrators"", ""Data Engineer"", ""Business Intelligence Developer"", ""Software Quality Assurance Engineer"", ""Software Engineer""]",auto,2026-06-07,2026-06-07
eNcloud Services LLC,LLC,541511,,Katy,TX,77494,191,,,[],false,low,"[""Software Engineer"", ""Software Developer"", ""Software Engineer Java Fullstack"", ""Business Analyst"", ""Application Architect"", ""Software Developer - Big Data"", ""SAP Functional Consultant"", ""SOFTWARE ENGINEER"", ""SENIOR SOFTWARE DEVELOPER"", ""SOFTWARE DEVELOPER"", ""Software Quality Assurance Engineer"", ""Project Manager"", ""SOFTWARE ENGINEER QUALITY CONTROL"", ""SOFTWARE ENGINEER DEVOPS"", ""SAP Consultant"", ""SOFTWARE DEVELOPER \u2013 BIG DATA"", ""SOFTWARE ENGINEER DBA"", ""Senior SAP Consultant"", ""Software Engineer DevOps"", ""Software Engineer Quality Control"", ""SAP Security Analyst"", ""Clinical Data Manager"", ""Senior DevOps Engineer"", ""Data Engineer"", ""Solution Architect"", ""SAP Solution Architect""]",auto,2026-06-07,2026-06-07
"World Wide Technology Holding Company, LLC",LLC,541511,,Maryland Heights,MO,63043,197,,,[],false,low,"[""Architect - Service Delivery"", ""Senior Developer - Integration Solutions"", ""Sr. F5 Network Engineer"", ""SENIOR DEVELOPER - INTEGRATION SOLUTIONS"", ""Sr. UI Developer"", ""Senior Quality Assurance Engineer - Automation"", ""Sr. Analyst-IT Financial Operations"", ""DEVOPS ENGINEER"", ""Node and Angular Developer"", ""CONSULTING SYSTEMS ENGINEER"", ""PYTHON DEVELOPER"", ""Lead Oracle Supply Chain Analyst"", ""Senior Oracle Developer"", ""Integration Developer"", ""Oracle EBS Technical Developer"", ""Sr. Systems Administrator"", ""Computer Systems Analyst"", ""Custom Applications Developer"", ""Consulting Solutions Architect"", ""Consulting Solution Architect"", ""Senior Oracle WMS Analyst"", ""Sr. Network Engineer"", ""Sr. Oracle Developer-IT Financial Operations"", ""Developer, Master Data Management"", ""CONSULTANT"", ""CLIENT DIRECTOR"", ""CONSULTANT, BAA"", ""ANALYST, BAA"", ""Sr. Developer-Logistics and Manufacturing"", ""Data Engineer-Developer"", ""Sr. Software Engineer-Logistics and Manufacturing"", ""Consulting Systems Engineer-Global Service Provider"", ""Java Software Engineer"", ""Computer Systems Engineers"", ""Virtual Desktop Administrator"", ""Integrations Developer"", ""SR. AGILE BUSINESS ANALYST"", ""Application Security Software Engineer"", ""Informatica Data Quality Developer"", ""Senior Golang Application Developer"", ""Big Data Analyst"", ""Team Lead-IT Global Business"", ""Sr. Systems and Storage Administrator"", ""Data Engineer"", ""Sr. Developer-Human Capital Management"", ""Sr. Systems  Administrator"", ""Sr. Quality Assurance Engineer"", ""Team Lead-QA Performance"", ""Sr. Solutions Architect-HR Systems"", ""Consultant, BAA"", ""Senior ServiceNow Developer"", ""Consultant"", ""Analyst, BAA"", ""Lead Analyst-IT Financial Operations"", ""Analyst"", ""Team Lead-IT Financial Operations"", ""Sr. Oracle Applications Analyst"", ""Associate UX Designer"", ""Oracle Analyst-IT Financial"", ""Java/Cloud Transformation Developer"", ""Oracle Developer-IT Logistics and Manufacturing"", ""Senior Full Stack Developer"", ""Engagement Manager"", ""Sr. Solutions Architect-Oracle"", ""Solutions Architect-IT  Financial Operations"", ""Integration Administrator"", ""Solutions Architect-IT Operations"", ""Sr. Network Protocol Developer"", ""Client Manager-Global"", ""Solutions Architect-IT Logistics"", ""Lead Artificial Intelligence Analyst"", ""HR Specialist-IT Recruitment"", ""Sr. Computer Systems Engineer"", ""Sr. Oracle Integration Developer"", ""Sr. Oracle Developer-IT Order Management"", ""Analyst - Management Consulting"", ""Engagement Manager - Management Consulting"", ""Senior Oracle Integration Developer"", ""Technical Operations Project Manager"", ""Data Scientist"", ""Oracle Applications Engineer"", ""St. Oracle Analyst-IT Service Delivery"", ""Full Stack Developer"", ""Senior Analyst-Service Delivery"", ""ESFT Developer"", ""Consulting Systems Engineer"", ""Sr. Python Developer"", ""Lead Solutions Architect-Oracle Financials"", ""ATC-Security Technical Solutions Architect II"", ""Applications Database Engineer"", ""Sr. Developer-Integrations"", ""Sr. Quality Assurance Engineer-Automation"", ""Front End Developer - ESRI and Google Maps"", ""Senior Developer-Integration Solutions"", ""Custom Application Developer"", ""Senior Oracle Developer-IT Order Management"", ""Senior Computer Systems Engineer"", ""Sr. Consultant"", ""Senior Oracle Analyst-IT Financial Operations"", ""Senior Solutions Architect"", ""Lead Node and Angular Developer"", ""Senior Developer-Logistics and Manufacturing"", ""Senior Oracle Developer-IT Financial Operations"", ""Marketing Research Analyst"", ""Lead Solutions Architect-HR Systems"", ""Business Intelligence Analyst"", ""Oracle Supply Chain Analyst"", ""Application Development Software Engineer"", ""Senior Network Solutions Engineer-Arista"", ""Senior Performance Engineer"", ""Developer-IT Financial Operations"", ""Senior Solutions Architect-IT Financial Operations"", ""Solutions Architect-RPA & Automation"", ""Oracle Developer-IT Financial Operations"", ""Security Principal - Governance, Risk & Strategy"", ""Senior Full Stack AI Engineer"", ""Senior Front End Developer - ESRI and Google Maps"", ""Integrations Engineer"", ""Senior Data Engineer"", ""Vertical Systems Engineer - Insurance"", ""Global Manager-Global"", ""Team Lead-Performance Engineering"", ""Senior System Administrator""]",auto,2026-06-07,2026-06-07
Neo Prism Solutions LLC,LLC,541511,,Frisco,TX,75034,198,,,[],false,low,"[""Data Engineer"", ""DATA ENGINEER"", ""DEVOPS ENGINEER"", ""SOFTWARE ENGINEER"", ""TALEND DEVELOPER"", ""SOFTWARE DEVELOPER"", ""JAVA DEVELOPER"", ""Front end Developer"", ""Appian Developer"", ""Software Engineer"", ""SAP FICO consultant"", ""Software Developer"", ""CLOUD ENGINEER"", ""JAVA DEVELOPER (SOFTWARE ENGINEER)"", ""Full Stack Software Developer"", ""BI Developer"", ""UI Developer"", ""Data Security Admin"", ""Dot Net Developer"", ""QUALITY ASSURANCE ENGINEER"", ""TABLEAU DEVELOPER"", ""BUSINESS ANALYST"", ""UI/REACT JS DEVELOPER"", ""FRONT END DEVELOPER"", ""Java  UI Developer"", ""Java Developer"", ""ETL Developer"", ""UI developer"", ""FRONTEND DEVELOPER"", ""System Engineer"", ""Systems Administrator"", ""Quality Assurance Engineer"", ""DevOps Engineer"", ""Systems Analyst/Engineer"", ""Application Developer"", ""Oracle HCM Consultant"", ""Full Stack Developer"", ""Business Analyst"", ""Software  Developer"", ""Network Management Systems Engineer"", ""Java Backend Developer"", ""Java Full Stack Developer"", ""Tableau Developer"", ""Front End Developer"", ""UI Front End Developer"", ""React Developer"", ""MuleSoft Developer"", ""Test Engineer"", ""SAP FICO Consultant"", ""Frontend Developer"", ""Business Development Manager"", ""IT Project Manager"", ""QA Automation Engineer"", ""Java developer"", ""Businesss Analyst"", "".Net Developer"", ""Data Analyst""]",auto,2026-06-07,2026-06-07
Adalitek Group LLC,LLC,541511,,Irving,TX,75038,199,,,[],false,low,"[""ETL Developer"", ""Software Engineer"", ""Sr. Software Developer"", ""Data Engineer"", ""Sr.Software Developer"", ""Sr.Software Engineer"", ""Sr. Java Developer"", ""Sr.Hadoop Engineer"", ""ETL ENGINEER"", ""Sr. Dev Ops Developer"", ""SENIOR PROGRAMMER ANALYST"", ""DATA ENGINEER"", ""Software Developer"", ""Java Developer"", ""Lead PL/SQL Developer"", ""Data Scientist"", ""Cloud Sol Architect"", ""Clinical Data Analyst"", ""Cloud App Architect"", ""Business Systems Analyst"", ""QA Analyst"", ""Data Engineer (Cloud)"", ""Hadoop Developer"", ""Sr. Software Engineer"", ""Sr. QA Analyst"", ""Solution Architect"", ""DevOps Engineer"", ""Web Integration Engineer"", ""Senior Informatica Developer"", ""Solutions Architect"", ""Systems/ Application Architect"", ""Tech Lead"", ""AEM Front End Developer"", ""Software Developer(Mainframe Developer)"", ""JAVA DEVELOPER"", ""Quality Assurance Analyst (QA Analyst)"", ""Sr.Scrum Master"", ""Sr. Data Engineer"", ""Oracle DBA"", ""Data Engineer(Cloud)"", ""Web developer (Java)"", ""Web developer (Cloud Data Engineer)"", ""Sr. Data Analyst"", ""Systems Engineer III"", ""Sr. Python Developer"", ""GoLang/DevOps Engineer"", ""Business Intelligence Developer"", ""Cloud Data Engineer"", ""Data Engineer  (Snowflake)"", ""Data Engineer (Snowflake)"", ""VMware Consultant"", ""Java Backend developer"", ""CRM Cloud Engineer"", "".NET developer"", ""Abinitio Developer"", ""Java  Developer"", ""Data Analyst"", ""Software Engineer (Application production support )"", ""Java backend Developer"", ""Cloud software engineer(AI/ML)"", ""Cloud Software Developer"", ""Cloud Platform Admin(AI/ML)"", ""Cloud Platform Admin\u00a0(AI/ML)"", ""Software Developer(Data governance)"", ""Cloud Software Engineer"", ""Web Developer"", ""Hogan Developer"", ""Senior Data Modeler""]",auto,2026-06-07,2026-06-07
Yerralpha LLC,LLC,541511,,Dallas,TX,75254,210,,,[],false,low,"[""Sr. Software Engineer"", ""Sr. Software Developer"", ""Cloud Engineer"", ""Software Engineer"", ""Information Security Specialist"", ""ETL/BI Developer"", ""Systems Engineer"", ""Robotics Process Automation Developer"", ""Software Developer"", ""Software(SDET/QA) Engineer"", ""BPM Developer"", ""BPM Architect"", ""Application Developer Front End"", ""Software Quality Assurance Analysts"", ""Sr. System Analyst"", ""Embedded Software Engineer"", ""Senior Software Developer"", ""HRIS Senior Analyst"", ""Devops Engineer"", ""Training and Development Manager"", ""Architect- Java"", ""Salesforce Developer"", ""Software Engineer-II (AWS)"", ""Software Engineer-II (ERP)"", ""Software Developer-II (Full Stack)"", ""Software Engineer-I (AWS)"", ""Software Engineer-II (Cloud)"", ""Software Engineer-I (JAVA)"", ""Software Engineer- I (UI)"", ""Software Engineer-I (UI)"", ""Systems Administrator-I"", ""Software Developer-I (JAVA)"", ""Software Engineer-II (Automation)"", ""Quality Assurance Engineer-I"", ""Software Engineer-I (ERP)"", ""Software Developer- I (ERP)"", ""Programmer Analyst- I"", ""Computer Systems Administrator-II"", ""Programmer Analyst-I"", ""Software Engineer-II (Python)"", ""Software Developer- I (UI)"", ""Software Engineer-II (DB)"", ""Software Developer- II (Java)"", ""Software Engineer-II (JAVA)"", ""Technical BA"", ""Senior Salesforce Developer"", ""Associate Technical Lead"", ""Net Developer"", ""Tibco Developer"", ""SOFTWARE DEVELOPER"", ""Software Engineer (Lead Consultant /Full Stack Developer)"", ""Scrum Master"", ""Network Administrator"", "".Net Developer"", ""Software Developer (Microservices)"", ""Computer Programmer"", ""Programmer Analyst"", ""QA Analyst"", ""Project Manager"", ""Java Developer"", ""TECHNICAL BA"", ""QA Analyst -IV"", ""Systems Analyst"", ""Computer Software Engineer"", ""QA Automation Engineer"", ""Computer Systems Analyst"", ""SOFTWARE ENGINEER"", ""BUSINESS ANALYST"", ""CAD Design Engineer - Senior"", ""Senior Technical Program Manager"", ""Associate IT Project Manager"", ""Sr Software Developer"", ""SOFTWARE TEST ENGINEER"", ""Sr. Software Developer/Tibco Developer""]",auto,2026-06-07,2026-06-07
SRI SOFTWARE SOLUTIONS LLC,LLC,541511,,Irving,TX,75063,214,,,[],false,low,"[""Java Developer"", ""Data Engineer"", "".Net Developer"", ""Software Developer"", ""Cloud Engineer"", ""Software Developer(Java)"", ""Software Automation Engineer"", ""Software Developer(Python)"", ""DevOps Engineer"", ""Devops Engineer"", ""IT Specialist / Developer"", ""Scrum Master"", ""Senior Data Integration Engineer"", ""TOSCA Automation Tester"", ""Application Developer"", ""Scala Developer"", ""Software  Developer"", ""SENIOR ERP ENGINEER"", ""Software  Automation Developer"", ""IDM/IDAM(access identity management)"", ""IDM/IDAM(Access Identity Managment)"", ""SOFTWARE DEVELOPER"", ""SOFTWARE AUTOMATION ENGINEER"", ""Project Manager"", ""Business Analyst"", ""Database Administrator"", ""Software Engineer"", ""Salesforce Engineer"", ""SOFTWARE DEVELOPER(SAP Fiori)"", ""Cloud Data Engineer"", ""Senior Project Manager"", ""System Engineer"", ""SAP Fiori Consultant"", ""Software Automation Tester"", ""Lead Systems Analyst"", ""Salesforce Developer"", ""Technical Lead"", ""Senior Quality Analyst Lead"", ""Computer Systems Analyst"", ""Data Analyst Specialist"", ""Software Quality Assurance Tester"", ""Systems Engineer"", ""Systems Network Administrator"", ""DEVELOPER"", ""Penetration Tester/IT Security Analyst"", ""Full Stack Developer"", ""IOS Developer"", ""Data Scientist"", ""Network Technical Analyst"", ""Application Support Engineer"", ""Senior Software Engineer"", ""Sr. Data Engineer"", ""IOS Mobile Developer"", ""Computer Programmer"", ""Database Engineer"", ""Data Analyst"", ""Computer Systems Engineer"", ""PRODUCT OWNER"", ""TEST ENGINEER"", ""BUSINESS INTELLIGENCE ANALYST"", ""ERP FUNCTIONAL ANALYST"", ""Full Stack Software Developer""]",needs_review,2026-06-07,2026-06-07
SAI BUSINESS SOLUTIONS LLC.,LLC,541511,,HOUSTON,TX,77070,219,,,[],false,low,"[""SAP Technical Consultant"", ""MES Technical Consultant"", ""SAP WM&S4 HANA EWM Consultant"", ""Principal  SCM Consultant"", ""SAP WM\\LE Consultant"", ""Senior SAP SD Consultant"", ""Software Developer"", ""SAP Utilities/FICA Consultant"", ""Database Analyst"", ""SAP GTS Consultant"", ""SAP Supply Chain Solution Consultant"", ""SAP FICO Consultant"", ""SAP SD/VC Consultant"", ""SAP Planning Consultant"", ""SAP ISU Billing Consultant"", ""SAP WM consultant"", ""Software Solution Architect"", ""Market Research Specialist"", ""ServiceNow Technical Architecture/Developer"", ""SAP Order To Cash Consultant"", ""Cloud Engineer"", ""Project Manager"", ""Software Engineer"", ""Senior Software Engineer"", ""Project Lead"", ""Programmer Analyst"", ""Sr. Java Developer"", ""Java Developer"", ""Software Test Engineer"", ""SAP WM/S4 HANA EWM Consultant"", ""iOS Developer"", ""Data Warehouse Analyst"", ""SAP FICO Functional Consultant"", ""SAP ABAP ISU CONSULTANT"", ""QA Engineer (Automation)"", ""Automation Tester"", ""SAP ABAP/BW Consultant"", ""SAP ISU Consultant"", ""DevOps Engineer"", ""UI/UX Designer"", ""SAP MM Consultant"", ""SAP Consultant"", ""Software Quality Assurance Engineer (SQA Engineer)"", ""Data Scientists"", ""DATA SCIENCE CONSULTANT"", ""SAP HCM Consultant"", ""SAP EWM Consultant"", ""SAP ABAP Consultant"", ""Application Security Consultant"", ""DevOps Manager"", ""Business Intelligence Analysts"", ""SAP BRIM Consultant"", ""Sr. Technology Specialist"", ""DATA Analyst"", ""Business Intelligence Analyst"", ""SAP GRC Security Consultant"", ""Software developer"", ""System Engineer"", ""QA Engineer"", ""UI Designer"", ""Business Analyst"", ""SAP Functional Consultant"", ""Systems Architect"", ""IT Consultant"", ""SAP ARIBA Consultant"", ""SAP Basis Consultant"", ""Computer Systems Consultant"", ""Cyber Security Consultant"", ""QA ANALYST"", ""JAVA DEVELOPER"", ""Sr. Project Manager"", ""SAP BPC Techno Consultant"", ""SAP ABAP HANA Techno Consultant"", ""Solution Architect"", ""Marketing Research Specialist"", ""SAP aATP Solutions Architect"", ""ServiceNow Technical Architect/Lead"", ""Data Engineer"", ""SAP Practice Lead"", ""Sr. DevOps Engineer"", ""SAP ABAP/ISU Consultant"", ""SAP Project Manager"", ""Database Administrator"", ""Systems Analyst"", ""SAP BW/BI Consultant"", ""HR Manager"", ""Computer Analyst"", ""UI/UX Developer"", ""SAP BW/HANA Developer"", ""Senior SAP Solutions Architect"", ""SAP Finance Application Manager"", ""Computer Systems Analyst"", ""Business Intelligence Developer"", ""Snowflake SQL Developer"", ""Business Systems Analyst"", ""Azure Cloud Solutions Architect"", ""SAP Order to Cash consultant"", ""QA Automation Analyst"", ""Oracle Data Engineer"", ""Cloud Data Engineer"", ""SAP Basis Admin"", ""Scrum Master & SAP Consultant"", ""Sr Software QA Analysts"", ""Data Scientist"", ""IT Project Manager - Oracle EBS/Fusion Cloud"", ""Senior SAP Functional Consultant"", ""Senior SAP Functional Consultan"", ""SAP HR Architect"", ""Gen AI product owner"", ""QA Analyst"", ""ServiceNow Gen AI Practice Lead"", ""Computer Programmer"", ""Software Integration Engineer"", ""SQA Engineer"", ""IT Analyst"", ""SAP Analyst"", ""Technical Manager"", ""Power BI Analyst"", ""Software Developer (Site Reliability)"", ""Software Developer (In Testing)"", ""Software Developer (PEGA Systems)"", ""Software QA Engineer"", ""Software Developer (DevOps)"", ""Executive Vice President Corporate Development""]",needs_review,2026-06-07,2026-06-07
LILLI TECHNOLOGY LLC,LLC,541512,,Plano,TX,75024,222,,,[],false,low,"[""Emerging Technology Developer - Specialist"", ""Software Developer, Applications"", ""Emerging Technology Developer \u2013 Specialist"", ""JAVA DEVELOPER"", ""BUSINESS ANALYST"", ""SAP BW/4 HANA Developer"", "".Net Developer"", ""Principal Business Systems Analyst"", "".Net Application Developer Level 2"", ""PEGA Developer"", ""SDET3"", ""Java Developer"", ""Spring Boot Architect"", ""SAP BASIS ENGINEER"", ""Devops Engineer"", ""Client/Server Application Developer II"", ""DEVOPS ENGINEER"", ""JAVA SPRING BOOT DEVELOPER"", ""SR. DEVOPS ENGINEER"", ""SAP HANA/Solution Architect"", ""SAP Technical Project Manager"", ""SAP MDG Developer"", ""IAM (Identity and Access Management) Developer"", ""Software Developer"", ""SAP Developer"", ""Senior Scrum Master"", ""APIGEE DEVELOPER"", ""MSBI Developer"", ""AWS DevOps Engineer"", ""SAP BODS Developer"", "".NET DEVELOPER"", ""SOFTWARE DEVELOPER"", ""LINUX SYSTEM ENGINEER"", ""BI DEVELOPER"", ""SECURITY ENGINEER"", ""QA ANALYST"", ""Software Development Engineer in Test"", ""SAP ABAP DEVELOPER"", ""SAP DEVELOPER"", ""DATA ENGINEER"", ""WEBMETHODS DEVELOPER"", ""PEGA DEVELOPER"", ""AUTOMATION ENGINEER"", ""SOFTWARE ENGINEER"", ""QA ANALYST III"", ""Power BI Developer"", ""SNOWFLAKE ADMINISTRATOR"", ""SAILPOINT PRODUCTION SUPPORT DEVELOPER"", ""SOFTWARE ENGINEER - ITRAC"", ""BASIS INTERFACES EXPERT"", ""SAP FICO DEVELOPER"", ""SENIOR SYSTEM ARCHITECT"", ""DATABASE ADMINISTRATOR/SQL ADMINISTRATOR"", ""Java Developer - Technical Lead"", ""SDET2"", ""Project Manager"", ""SOA Developer"", ""Linux Systems Engineer"", ""SAP ERP Functional Expert"", ""Lead Java Developer"", ""Full Stack Developer"", ""IAM Specialist/Analyst"", ""Integration Engineer"", ""IT INFRASTRUCTURE PROJECT MANAGER"", ""SQL Database Administrator"", ""SAP BODS Data Load Consultant"", ""Database Administrator"", ""SAP BASIS ADMINISTRATOR"", ""WORKDAY DEVELOPER"", ""Integration Developer"", ""QA Test Engineer"", ""Technical Recruiter"", ""IT Project Manager"", ""Data Analyst"", ""Salesforce Developer"", ""SAP ABAP Developer"", ""DevOps Developer"", ""SAP Security Developer"", ""SAP BW Functional Consultant"", ""SAP OTC/VISTEX ANALYST"", ""Lead Data Engineer"", ""SAP MDG Project Manager"", ""Data Engineer"", ""ETL Developer"", ""SAP Financial Consultant"", ""Java FSE Engineer"", ""Linux System Engineer"", ""SOA DEVELOPER"", ""SAP INTEGRATION DEVELOPER"", ""SFMC DEVELOPER"", ""Automation Tester"", ""QA Analyst"", ""OIPA Developer"", ""Security Engineer"", ""Pega Developer"", ""QA TEST ENGINEER"", ""DevSecOps Engineer"", ""SAP Functional Analyst"", ""Pega Lead Developer"", ""IT Portfolio Analyst"", ""Functional Developer-OIPA"", ""SAP OTC/Vistex Analyst"", ""AI/ML Engineer"", ""Banner Developer"", ""ML Engineer"", ""Senior Security Engineer"", ""Web Developer"", ""QE Engineer"", ""Automation Engineer"", ""QA Analyst III"", ""Oracle Banner Database Administrator"", ""BODS Developer"", ""Senior Business Analyst"", ""Software Engineer III - Senior Associate"", ""Technical Project Manager"", ""AI Engineer"", ""SAP FICO Lead""]",auto,2026-06-07,2026-06-07
Transcend IT Solutions LLC,LLC,541519,,Frisco,TX,75033,235,,,[],false,low,"[""Applications Developer"", ""Guidewire Analyst"", ""Java Developer"", ""SailPoint Developer"", ""Epic - Application Analyst"", ""Oracle Cloud TechnoFunctional Analyst"", ""Guidewire Business Analyst"", ""Ping Engineer"", ""Universal Insurance"", ""Business Analyst"", ""Enterprise Architect"", ""SAP SD Consultant"", ""Application Developer"", ""Software Development Engineer"", ""Software Developer"", ""Application Integration Engineer"", ""APPLICATIONS DEVELOPER"", ""APPLICATION DEVELOPER"", ""SOFTWARE ENGINEER"", ""\u00bf\u00bfNetwork Security Engineer"", ""ETL DEVELOPER"", ""SERVICE NOW ENGINEER"", ""AZURE DEVOPS ENGINEER"", ""JAVA DEVELOPER"", ""AZURE SECURITY ENGINEER"", ""SOFTWARE DEVELOPER"", ""SOFTWARE DEVELOPMENT ENGINEER"", ""APPLICATIONS ANALYST"", ""UI/UX DEVELOPER"", ""NETWORK ADMINISTRATOR"", ""Android Developer"", ""PING ENGINEER"", ""ANDROID DEVELOPER"", ""MIDDLEWARE ADMINISTRATOR SPECIALIST"", ""JAVA APPLICATION DEVELOPER"", ""BIG DATA ADMIN SPECIALIST"", ""SECURITY CONSULTANT SPECIALIST"", ""CRM DYNAMICS ENGINEER"", ""MAINFRAME ENGINEER"", ""DEVOPS ENGINEER"", ""TECHNICAL LEAD"", ""WEB APPLICATIONS PROGRAMMER"", ""IDQ DEVELOPER"", ""API SUPPORT ENGINEER"", ""IT ANALYST"", ""APPLICATION DATA ANALYST"", ""BUSINESS ANALYST"", ""MAINFRAME PROGRAMMER"", ""APPLICATION SECURITY ANALYST"", ""PROGRAMMER ANALYST"", ""NETWORK ENGINEER"", ""APPLICATION PROGRAMMER"", ""APPLICATION PROGRAMMER ANALYST"", ""MICROSOFT DYNAMICS 365 CRM ENGINEER"", ""SOFTWARE DEVELOPMENT ENGINEER IN TEST (SDET)"", ""PHP Developer"", ""POWERAPPS ENGINEER"", ""AJO CAMPAIGN ENGINEER"", ""MS DYNAMICS CRM/365 DEVELOPER"", ""Informatica Engineer"", ""QA Automation Engineer"", ""CANVAS APPS ENGINEER"", ""FULL STACK ENGINEER"", ""IAM SECURITY ENGINEER"", ""SERVICENOW DEVELOPER"", ""GOLANG ENGINEER"", ""Data Analyst"", ""HANSEN CPQ DEVELOPER"", ""ORACLE REPORTS DEVELOPER"", ""AWS DATA ENGINEER"", ""AZURE ENGINEER"", ""LINUX ADMINISTRATOR"", ""IAM ENGINEER"", ""SERVICENOW PROGRAMMER"", ""Salesforce Administrator"", ""QA AUTOMATION ENGINEER""]",auto,2026-06-07,2026-06-07
"AMERICAN TECH VISION SOLUTIONS, LLC.",LLC,541511,,HOUSTON,TX,77077,281,,,[],false,low,"[""Software Developer"", ""DATA ENGINEER"", ""SOFTWARE DEVELOPER"", ""Project Manager"", ""IVR ENGINEER"", ""DevOps Engineer"", ""Software Engineer"", ""Infrastructure Engineer"", ""Technical Test Lead"", ""IT Analyst"", ""Systems Engineer"", ""QA Engineer"", ""Data Engineer"", ""Analyst"", ""Database Consultant"", ""Windows Engineer"", ""IVR Engineer"", ""Business Manager"", ""IT Project Manager"", ""HR Analyst"", ""Salesforce Engineer"", ""Data Scientist"", ""Python Test Automation Engineer"", ""Data Analyst"", ""SAP Analyst"", ""Salesforce Developer"", ""Program Manager"", ""IT Manager"", ""IT Engineer"", ""Business Analyst"", ""IT Architect"", ""Technical Project Manager"", ""Applications Development Analyst-III"", ""Web Administrator"", ""Web Applications Programmer"", ""Scrum Master"", ""Product Manager"", ""Business Development Engineer"", ""Power BI Analyst"", ""Software Quality Assurance Engineer"", ""Database Engineer"", ""Project Engineer""]",auto,2026-06-07,2026-06-07
"VISUAL TECHNOLOGIES, LLC",LLC,541511,,PLANO,TX,75024,313,,,[],false,low,"[""SOFTWARE DEVELOPER (SCALA)"", ""MuleSoft Developer"", ""DevOps Engineer"", ""PFMEA Moderator"", ""RF ENGINEER"", ""SAS PROGRAMMER"", ""Senior OBIEE Administrator/ Architect"", ""Software Developer"", ""SOFTWARE DEVELOPER (JAVA FULL STACK)"", ""SOFTWARE DEVELOPER"", ""CLOUD ENGINEER STORAGE"", ""PEGA SENIOR SYSTEMS ARCHITECT"", ""PROJECT MANAGER"", ""JAVA DEVELOPER"", ""Cloud Engineer"", ""DATA SCIENTIST"", ""SCALA Engineer"", ""SOFTWARE DEVELOPER (JAVA)"", ""SCALA ENGINEER"", ""UI DEVELOPER"", ""SALESFORCE DEVELOPER"", ""TECHNICAL PROJECT MANAGER"", ""EMBEDDED SYSTEMS ENGINEER"", ""SOFTWARE DEVELOPER / APPLICATIONS"", ""DEVOPS ENGINEER"", ""CLOUD ENGINEER"", ""ORACLE APPLICATION DEVELOPER"", ""SENIOR JAVA DEVELOPER"", ""SOFTWARE DEVELOPER/DEVOPS"", ""SR. DEVOPS DEVELOPER (SOFTWARE DEVELOPER)"", ""SAP CONSULTANT"", ""SELENIUM/SOFTWARE DEVELOPER"", ""AI/ML - SOFTWARE DEVELOPER"", ""NETWORK ENGINEER"", ""ORACLE APPS"", ""CLINICAL SAS PROGRAMMER"", ""ORACLE CLOUD ARCHITECT/APPS DBA"", ""SDT - CLINICAL SAS"", ""SOFTWARE ENGINEER/DEVOPS"", ""SOFTWARE DEVELOPER/UI"", ""SOFTWARE DEVELOPER/.NET"", ""BUSINESS ANALYST"", ""VM WARE ADMIN"", ""SOFTWARE DEVELOPER/SAS CLINICAL"", ""SOFTWARE DEVELOPER/BI"", ""VALIDATION ENGINEER/GMP MANUFACTURING EQUIPMENT VALIDATION"", ""SOFTWARE DEVELOPER \u2013 DEVOPS/CLOUD"", ""STATISTICAL PROGRAMMER"", ""SOFTWARE SYSTEMS ENGINEER"", ""Sr. DevOps Developer"", ""Data Analyst"", ""AUTOMATION PROGRAM MANAGER"", ""SOFTWARE DEVELOPER (QA ENGINEER)"", ""BUSINESS INTELLIGENCE DEVELOPER"", ""PROGRAMMER ANALYST"", ""Scala Engineer"", ""DEVOPS DEVELOPER"", ""SR. SQL DEVELOPER"", ""SR. SOFTWARE DEVOPS ENGINEER"", ""DATA ARCHITECT"", ""SENIOR BUSINESS ANALYST"", ""SENIOR NETWORK SECURITY ENGINEER"", ""CYBER SECURITY ANALYST"", ""VALIDATION ENGINEER II"", ""SENIOR SYSTEMS ENGINEER"", ""SOFTWARE ENGINEER"", ""SCALA DEVELOPER"", ""Geographic Information Systems(GIS) Analyst"", ""5G SYSTEMS TEST ENGINEER"", ""RAN ENGINEER"", ""5G RAN ENGINEER"", ""VOIP TEST ENGINEER"", ""EXCHANGE SERVER ENGINEER"", ""SENIOR DEVOPS ENGINEER"", ""SENIOR SAS PROGRAMMER"", ""SYSTEM ENGINEER"", ""APPLICATION SUPPORT ENGINEER"", ""JAVA AI ENGINEER"", ""Management Analyst"", ""Application Developer"", ""Technology  Architect"", ""Software Test Engineer"", ""Golang developer"", ""Golang Developer"", ""SAP Hybris Developer"", ""Software Engineer"", ""Business Intelligence Consultant"", ""Software  Test Engineer"", ""Data Engineer"", ""Business System Analyst"", ""ServiceNow ITOM Consultant"", ""Golang  Developer"", ""QA Analyst"", ""Network Systems Design Engineer/Architect"", ""Telecom Principal Engineer"", ""Packet Core Engineer VoLTE/5G"", ""Computer Systems Engineer / Architect"", ""Computer Network Architect"", ""GPON/FTTX / FTTH NETWORK ARCHITECT"", ""Information Security Analyst"", ""Network Solution Architect"", ""Radio Frequency Engineer"", ""NETWORK ENGINEER-TELECOM"", ""Packet Network Core Engineer"", ""Software Developer/Programmer"", ""NETWORK ENGINEER/ARCHITECT-TELECOM"", ""NETWORK SOLUTION ARCHITECT-TELECOM"", ""Senior Network Engineer/Architect"", ""Computer Programmer/Developer"", ""Network Engineer/Analyst/Administrator"", ""Business/Operations Research Analyst"", ""Network Engineer/Analyst"", ""RF Engineer"", ""Network Design Engineer""]",needs_review,2026-06-07,2026-06-07
"MOURI Tech, LLC",LLC,541519,,Irving,TX,75039,353,,,[],false,low,"[""Sr. SAP Solution Architect"", ""SAP Technical Consultant"", ""SAP NetWeaver Portal Developer (SAP Technical - Fiori)"", ""SAP MDG Functional Consultant"", ""SAP Business Analyst"", ""SAP HCM Technical Consultant"", ""Solution Architect \u2013 SAP C4C & Marketing Cloud"", ""Sr. Salesforce Functional Consultant"", ""Data Engineer"", ""SAP Functional Consultant"", ""Sr. Salesforce Developer"", ""Salesforce Solution Architect"", ""Sr. SAP Technical Consultant"", ""SAP Solution Architect"", ""Sr. Integration Consultant-Azure"", ""ServiceNow Practice Lead"", ""SAP Basis & Security Lead"", ""Sr. PeopleSoft Consultant"", ""Oracle Technical Consultant"", ""Sr. Microsoft ERP Consultant"", ""SAP Techno-Functional Consultant: PS/CPM"", ""Sr. SAP Technical Consultant - HANA"", ""Web Technology Consultant"", ""Principal SAP Solution Architect"", ""Senior Software Developer"", ""AWS Tech Lead"", ""Cyber Security Consultant"", ""Full Stack .Net Consultant"", ""Salesforce Technical Architect"", ""Full Stack Consultant"", ""Integration Consultant - MuleSoft"", ""Sr. Mobile Developer"", ""Full Stack Java Consultant"", ""Tableau Architect"", ""Java Developer"", ""ETL Consultant - Tableau"", ""eCommerce Senior Consultant"", ""AWS Cloud Architect"", ""Solution Architect - Oracle & Hyperion"", ""Sr. DevOps Consultant"", ""SAP Technical Consultant - APO"", ""Sr. ERP Technical Consultant"", ""SAP Architect"", ""Microsoft CRM Consultant"", ""Integration Lead - ICS, MuleSoft"", ""ServiceNow Developer"", ""Microsoft ERP Consultant"", ""Sr. ServiceNow Developer"", ""Azure .NET Architect"", ""Solution Architect \u2013 IT Infrastructure"", ""FullStack .Net Consultant"", ""Solution Architect - Enterprise Search"", ""Sr. Oracle EPM Consultant"", ""AI/ML Programmer"", ""QA Analyst"", ""ETL Data Architect"", ""Solution Architect - Oracle EPM"", ""Technical Consultant - Analytics"", ""DevOps Engineer"", ""IT ERP Project Manager"", ""Senior Java Consultant"", ""Sr. SAP Functional Analyst"", ""PeopleSoft Consultant"", ""Sr. SAP MDG Consultant"", ""PeopleSoft Techno-Functional Consultant"", ""ERP Project Manager"", ""SAP Techno - Functional Architect"", ""Software Developer - Automation"", ""Application Architect"", ""Lead SAP Techno-Functional Consultant (Fiori)"", ""Dot Net Developer"", ""Senior Systems Administrator"", ""Senior Software Developer - Automation"", ""Sr. SAP Security Consultant"", ""Sr. Data Engineer"", ""SAP MDG Technical Architect"", ""Senior Data Engineer"", ""Sr. SAP HANA Technical Consultant"", ""Integration Consultant"", ""Data Architect"", ""SAP Solution Architect-BRIM"", ""SAP Security Solution Architect"", ""SAP FICO Solution Architect"", ""Sr. SAP ABAP Consultant"", ""SAP HCM  Consultant"", ""RPA Lead Developer"", ""Fullstack Consultant"", ""Software Engineer"", ""Lead UI/UX Developer"", ""Senior Peoplesoft Consultant"", ""SAP ARIBA CONSULTANT"", ""Senior Full Stack Java Developer"", ""Sr. Integration Consultant"", ""Sr. Quality Engineer"", ""SAP HR Consultant"", ""FullStack Consultant"", ""Angular Developer"", ""Hyper Automation Specialist"", ""Technical Delivery Manager"", ""Cloud Architect"", ""ServiceNow Developer\u00bf\u00bf"", ""\u00bfPrincipal Data Architect\u00bf"", ""Cloud Data Engineer"", ""\u00bfTechnical Consultant - Cloud \u00bf\u00bf"", ""\u00bfPeopleSoft Techno-Functional Consultant"", ""SAP Consultant - FICO"", ""Solution Architect-Enterprise Search"", ""Senior PeopleSoft Consultant"", ""Salesforce Developer"", ""Sr. Technical Program Manager"", ""Oracle Cloud ERP Technical Analyst"", ""Software Developer"", ""Sr. Java Consultant"", ""Sr.  Web Technology Consultant"", ""Sr. Technical Consultant- Analytics"", ""SAP Consultant"", ""Sr. SAP TM Consultant"", ""Full-stack Developer"", ""SAP NetWeaver Portal Developer"", ""IT Systems Analyst"", ""SAP Techno-Functional Consultant"", ""Web Developer"", ""AI/ML Systems Engineer"", ""Technical Consultant - Cloud"", ""Mobile Developer"", ""Front End Engineer"", ""Data Analyst-Power BI"", ""Salesforce Consultant"", ""Data Architect - SAP & Azure"", ""Cloud Engineer- Informatica"", ""Dot Net Full Stack Developer"", ""Full stack Engineer"", ""SAP & Azure Data architect"", ""Software Architect - Senior"", ""Sr. SAP HCM Functional Consultant"", ""Sr. Full Stack Engineer"", ""Network Administrator"", ""Technical Consultant- Cloud- Azure/Biztalk"", ""SAP S4 HANA FICO LEAD CONSULTANT"", ""SAP FICO FUNCTIONAL CONSULTANT"", ""Sr. O365 Messaging Engineer"", ""Salesforce Architect"", ""Informatica ETL Consultant"", ""SAP FICO Consultant"", ""Sr. Technical Consultant \u2013 HANA and SNOWFLAKE"", ""Lead Cyber & Network Security Engineer"", ""AWS Platform Engineer"", ""Technical consultant- Salesforce"", ""Sr. SAP Technical Consultant- ABAP"", ""Senior Integration Consultant"", ""Database Administrator Oracle"", ""Sr. SAP Functional Consultant"", ""Senior Business Analyst"", ""Lead Data Engineer"", ""Full Stack Engineer"", ""Oracle HCM Consultant"", ""Cloud Integration Lead"", ""Database Administrator"", ""Data Scientist"", ""Sr. Technical Consultant - HANA & SNOWFLAKE"", ""IT Security Manager"", ""Senior DBA Administrator"", ""Salesforce Business Analyst"", ""Azure .Net Architect"", ""ETL Consultant - TABLEAU"", ""AI/ML Engineer"", ""Cloud Consultant - Salesforce"", ""SAP Techno-Functional Consultant PS/CPM"", ""Cloud Engineer - AWS"", ""Quality Assurance Analyst"", ""Senior Business Analyst - ERP"", ""Oracle Technical Lead"", ""Principal Data Architect"", ""Technical Consultant - PowerBI"", ""SAP Techno-Functional Architect"", ""Peoplesoft Techno Functional Consultant"", ""Technical consultant-Cloud- Snowflake"", ""Mulesoft Architect"", ""Cloud Solution Architect-Oracle"", ""Lead Ecommerce Consultant"", ""Solution Architect \u201c IT Infrastructure"", ""Sr. Peoplesoft Consultant"", ""Technical Architect - Oracle"", ""Sr. ERP Engineer"", ""SAP BW/4 HANA Consultant"", ""Sr.SAP Technical Consultant""]",auto,2026-06-07,2026-06-07
ADVITHRI TECHNOLOGIES LLC,LLC,541511,,FRISCO,TX,75035,360,,,[],false,low,"[""Software Developer"", ""Java Full Stack Developer"", ""Talend/BigData Developer"", ""UI Developer"", ""Senior Business Analyst"", ""UI Web Developer"", ""React Developer"", ""UI Engineer"", ""Software Engineer"", ""Web Applications Developer"", ""Adobe Campaign Developer"", ""React UI developer"", ""Data Analyst"", ""React JS Developer"", ""UI Front END developer"", ""Tosca Dev/Automation Tester"", ""UI Front END Developer"", ""Software developer"", ""Angular UI Developer"", ""DevOps Engineer"", ""Front-End Engineer"", ""Software Developer(Lead)"", ""Python developer"", ""Programmer Analyst"", ""Java Developer"", ""Application Programmer Analyst"", ""Data Engineer"", ""Security Analyst"", ""Dot Net Developer"", ""SOFTWARE DEVELOPER"", ""Software Quality Engineer"", ""Hadoop Administrator"", ""UI/UX DEVELOPER"", ""Systems Engineer"", ""Data engineer"", ""AWS Engineer"", ""JAVA FULL STACK PROGRAMMER"", ""Devops Engineer"", "".Net Programmer"", ""Front-End React Native Programmer"", ""UI Programmer"", ""Software Programmer"", ""Programmer"", ""Full Stack  Programmer"", ""Java Full Stack Programmer"", ""Full Stack Developer"", ""Business Analyst"", ""IT Lead"", ""C Plus Plus Developer"", ""JAVA Developer"", ""DATA ENGINEER"", ""Front End UI developer"", ""BUSINESS ANALYST"", ""Network Engineer"", ""Web Developer"", ""IT Developer"", ""IT TESTER"", ""Database ETL Developer"", ""Java full stack developer"", ""UI-Web developer"", ""Security Penetration Tester"", ""PROGRAMMER ANALYST"", ""Reactive Programmer"", ""Application Programmer"", ""QA Automation Engineer"", ""IT Tester"", ""Frontend Developer"", ""React Native Developer"", ""DEVOPS ENGINEER"", ""Angular Developer"", ""IT Project Coordinator"", ""Frontend UI Developer"", ""Software\u00a0Developer"", ""Java Backend Developer"", ""Front-End Developer"", ""Contact Center Engineer"", ""Security Engineer"", ""Automation Engineer"", ""Builder Developer"", ""ServiceNow Developer"", ""Embedded Engineer"", ""UI developer"", ""DEVELOPER"", ""DOT NET DEVELOPER"", ""Node.js / Angular Developer"", ""AEP/AJO Developer"", ""UI Angular Developer"", ""Software Development Engineer in Test"", ""FULL STACK ENGINEER"", ""ServiceNow Administrator"", ""Business Systems Analyst"", ""Java Full stack Developer"", ""Infrastructure Architect"", ""Technology Project Manager"", ""BI Analyst"", ""QA (Systems) Analyst"", ""Systems Analyst"", ""Application Tester"", ""Software Quality Assurance Analyst"", ""Computer Systems Engineer"", ""Computer Programmer"", ""IT Project Manager"", ""Junior Programmer Analyst"", ""IT Project Managers"", ""Salesforce Developer"", ""Project Manager"", ""Junior Analyst""]",needs_review,2026-06-07,2026-06-07
LGL Technologies LLC,LLC,541511,,Spring,TX,77386,385,,,[],false,low,"[""IT Program Manager"", ""QA Analyst"", ""Software Developer"", ""Software Consultant"", ""SR Telco Consultant (Network Architect)"", ""Software consultant (Big data)"", ""Software consultant (QA Analyst)"", ""Integration Lead Consultant"", ""Windows Admin"", ""Data Analyst"", ""PROJECT MANAGER"", ""Businsess System Analyst"", ""Business System Analyst"", ""Devops Engineer"", ""AWS Data Engineer"", ""VMware Admin"", ""Software Consultant (Quality Assurance Analyst)"", ""Project Manager"", ""DevOps Engineer"", ""Business Analyst"", ""System Engineer"", ""SaaS Platform & Delivery Engineer"", ""Program Manager"", ""Software consultant"", ""Sr Telco consultant (Network Architect)"", ""Software Engineer"", ""VMWare Admin"", ""Java Developer"", ""Software Consultant (Lead Test Engineer)"", ""Mulesoft Developer"", ""Software Consultant (QA Analyst)"", ""Systems Developer"", ""Java Full Stack Developer"", ""Network Engineer"", ""Desktop Engineer"", ""Software Quality Assurance (SQA) Analyst"", ""Staff Software Engineer"", ""Java/API/Service Developer"", ""SAP Consultant"", ""Sr Desktop Engineer"", ""IT Specialist - System Administration"", ""Cloud Operations Support Engineer"", ""Technical Recruiter"", ""Network Architect-Expert"", ""Nutanix Engineer"", ""Technical Datacenter Service Manager"", ""Sr. Network Engineer/Staff Systems Engineer"", ""Systems Engineer 1"", ""Sr. Consultant"", ""SFDC Developer onshore"", ""Sr. UI Full Stack Engineer"", ""Tableau Developer"", ""Dot Net Developer"", ""Senior Project Manager"", ""Database Administrator"", ""BI Developer"", ""Senior UI Developer"", ""Dell Boomi Developer"", ""Dev Ops Engineer"", ""Sr. Salesforce Developer"", ""IT Management Analyst"", ""Big Data/ETL Tester"", ""SOFTWARE DEVELOPER"", ""SAP HYBRIS CONSULTANT"", ""SDET Consultant"", ""ETL DEVELOPER"", ""DATA ANALYST"", ""TECHNICAL TEST ENGINEER"", ""DELL BOOMI DEVELOPER"", ""SERVICENOW DEVELOPER"", ""SENIOR MULESOFT DEVELOPER"", ""QA Engineer"", ""JAVA FULL STACK DEVELOPER"", ""TEST AUTOMATION ENGINEER"", ""QA ENGINEER"", ""BOOMI DEVELOPER"", ""DotNet Developer"", ""TABLEAU DEVELOPER"", ""DOTNET DEVELOPER"", ""DATA ENGINEER"", ""SOFTWARE ENGINEER"", ""SR. SOFTWARE DEVELOPER"", ""JAVA DEVELOPER"", ""DATA INTEGRATION DEVELOPER"", ""DATA SCIENTIST"", ""LEAD ARCHITECT"", ""ACTIMIZE DEVELOPER/SOFTWARE DEVELOPER"", ""MOBILE TRAVEL APP SOFTWARE DEVELOPER"", ""SENIOR DATABASE ADMINISTRATOR"", ""CYBER SECURITY ANALYST"", ""IT MANAGEMENT ANALYST"", ""SENIOR SOFTWARE DEVELOPER"", ""DATA ANALYTICS ENGINEER"", ""FULL STACK DEVELOPER"", ""SENIOR SOFTWARE ENGINEER"", ""DATA WAREHOUSING SPECIALIST"", ""AWS ARCHITECT"", ""QA AUTOMATION ENGINEER"", ""Senior .NET Developer"", ""Data Engineer"", ""Senior Software Engineer"", ""Senior Software Product Manager"", ""Senior Cloud Data Architect"", ""Lead BI Engineer"", ""Senior Product Specialist"", ""Chief Operating Officer"", ""Cloud Infrastructure Engineer"", ""Senior BI Engineer"", ""Principal BI Developer"", ""Lead BI (Business Intelligence) Engineer"", ""Machine Learning Scientist"", ""Data Visualization Specialist"", ""Product Owner - ITRAC"", ""IT Project Manager"", ""Salesforce Product Owner"", ""Quality Test Engineer"", ""Full Stack .Net Developer"", ""Data Analyst / Data Engineer"", ""Business Systems Analyst"", ""Lead Software Developer"", ""Technical Project Manager"", ""Senior IT Security Analyst""]",needs_review,2026-06-07,2026-06-07
Epsilon Data Management LLC,LLC,5182,,Irving,TX,75039,423,,,[],false,low,"[""Senior Developer"", ""Software Engineer"", ""Manager Development"", ""Lead Adobe Developer"", ""Senior Director Analytics"", ""Principal Developer"", ""Senior Digital Solutions Consultant"", ""Lead Client Support Engineer"", ""Director, Development"", ""Manager, Development"", ""Senior Data Engineer"", ""Senior Manager, Analytics"", ""Lead Database Developer"", ""Senior Client Support Engineer"", ""Senior  .Net Developer"", ""Developer 2"", ""Senior Adobe Developer"", ""Senior Software Engineer"", ""Manager, Database Development"", ""Senior .Net Developer"", ""Director, Analytics"", ""Software Engineer 2"", ""Lead Software Engineer"", ""Senior Data Analyst"", ""Senior Data Solutions Engineer"", ""Data Solution Engineer"", ""Lead Software Development Engineer Test"", ""Lead Developer"", ""Senior Software Engineer in Test"", ""Senior Cloud Financial Operations Optimization Analyst"", ""Senior Database Administrator"", ""Director, Software Engineering"", ""Director Software Engineer"", ""Senior Systems Engineer"", ""Senior .NET Developer"", ""Director, Decision Science"", ""Lead .NET Developer"", ""Senior Scientist, Decision Sciences"", ""Software Engineer II"", ""Hadoop Administrator 2"", ""Lead Digital Solutions Consultant"", ""Senior Statistician"", ""Data Analyst"", ""Senior Director Technical Architecture"", ""Decision Science Scientist"", ""Manager, Software Engineering"", ""Associate Director, Decision Sciences"", ""Scientist, Decision Sciences"", ""Senior Project Manager"", ""Product Manager"", ""Vice President, Solutions Architecture"", ""Data Engineer"", ""Director, Digital Solutions"", ""Engineer, Software, Sr."", ""Senior DevOps Engineer"", ""Lead Quality Assurance Analyst"", ""Solutions Architect"", ""Quality Assurance Analyst 1"", ""Directory, Technology"", ""Senior Manager, Development"", ""Lead Business Systems Analyst, Projects"", ""Lead Database Administrator"", ""Manager, Analytics"", ""Director, Technical Architecture"", ""Principle Developer"", ""Architect, Digital Solutions Consulting"", ""Senior Hadoop Administrator"", ""Senior Data Scientist"", ""Lead Business Systems Analyst"", ""Senior Director, Technical Architecture"", ""Senior Database Developer"", ""Associate Director, Analytic Operations"", ""Senior Platform Manager"", ""Senior Director, Digital Solutions"", ""Senior Product Designer"", ""Developer DB, Sr. Mgr"", ""Senior Director, Analytics"", ""Lead Business Intelligence Developer"", ""Lead Developer Engineering"", ""Architect, Development Technology"", ""Lead Software Engineer, Technology"", ""Lead Developer, Engineering"", ""Principal HR Analytics"", ""Director, Account Delivery"", ""Lead Statistician"", ""Manager, Statistics"", ""Manager Marketing Business Analysis"", ""Lead Analytic Consultant"", ""Associate Automation and Infrastructure Engineer"", ""Production Artist 1"", ""Associate Product Manager"", ""Scientist, Decision Sciences Analytics"", ""Director, Analytics Operations"", ""Associate Director Decision Sciences"", ""Senior Manager"", ""Front-End Developer"", ""Development Architect"", ""Senior Marketing Business Analyst"", ""Principal Hadoop Administrator"", ""Senior Manager, Database Development"", ""Lead Software Engineer in Test"", ""EngineeringBusinessOffice,SoftwareLicensingOptimizationMgr"", ""Quality Assurance Analyst 2"", ""Database Administrator, Lead"", ""Senior Developer Engineering"", ""Data Scientist 2, Client Analytics"", ""Senior Director, Technology Delivery"", ""Advisor, Enterprise Security"", ""Manager, Client Analytics"", ""Associate Director, Analytics Operations"", ""Senior Director, Digital Solutions Consulting"", ""Principal, Software Engineer"", ""Staff, Software Engineer"", ""Lead, Technology Developer"", ""Lead, Software Engineer"", ""Senior Staff Research Scientist, Decision Sciences"", ""Staff Data Scientist, Client Analytics"", ""Senior, Software Engineer"", ""Senior Professional, Big Data Administration"", ""Director, Development Engineering"", ""Junior Data Scientist"", ""Data Scientist"", ""Director, Technology"", ""Manager, Data Science"", ""Sr. Staff, Software Engineer"", ""Lead, Solutions Engineer"", ""Advisor, Software Engineer"", ""Sr Staff Research Scientist, Decision Sciences"", ""Staff, Development Engineer"", ""Staff Research Scientist, Decision Sciences"", ""Senior Big Data Administrator"", ""Senior Advisor, Technology Developer"", ""Principal, Application Security"", ""Senior Manager, Systems Administration"", ""Lead, Database Administrator"", ""Senior Development Engineer"", ""Lead, Enterprise Security"", ""Lead Data Scientist, Client Analytics"", ""Principal, Technology Developer"", ""Senior Manager, Campaign Business Systems Analysis"", ""Staff Research Scientist""]",auto,2026-06-07,2026-06-07
"MiniSoft Technologies, LLC",LLC,541512,,Houston,TX,77036,475,,,[],false,low,"[""SAP FICO Senior Consultant"", ""SENIOR D365 F&O DEVELOPER"", ""SAP BW Hana Consultant"", ""Software Developer"", ""Test Lead"", ""Technical Consultant"", ""Python Developer"", ""Date Engineer"", ""Test Automation Engineer"", ""Manager JC50"", ""Data Engineer"", ""Database Administrator"", ""SOFTWARE DEVELOPER"", ""Sr. Automation test Enginner"", ""Senior Data Engineer"", ""Senior ETL Tester"", ""Java/ Python Developer"", ""Hyperion consultant"", ""SAP Basis and Security Administrator - SAP"", ""Senior Java/ Python Developer"", ""Functional Consultant"", ""Android Developer"", ""Sr Automation Test Engineer"", ""SAP FICO CONSULTANT"", ""Technical Lead"", ""SAP Consultant"", ""Software Engineer"", ""SALESFORCE BUSINESS ANALYST"", ""SAP FUNCTIONAL CONSULTANT"", ""SENIOR SOFTWARE DEVELOPER"", ""ORACLE HCM CLOUD CONSULTANT"", ""Techno Functional Consultant"", ""MFT Analyst"", ""Technical Project Manager"", ""IT Analyst"", ""ANDROID DEVELOPER"", ""Automation Test Engineer"", ""D365 CE DEVELOPER"", ""SYSTEMS ENGINEER"", ""SR. SOFTWARE ENGINEER"", ""SOFTWARE ENGINEER"", ""Site Reliability Engineer"", ""ORACLE EPM CONSULTANT"", ""SAP CONSULTANT"", ""SAP HCM SUCCESS FACTORS CONSULTANT"", ""AWS INFRA CLOUD SOLUTION ARCHITECT"", ""ERP Consultant"", ""DATA ENGINEER"", ""ORACLE TECHNO FUNCTIONAL CONSULTANT"", ""POWER BI DEVELOPER"", ""SENIOR ORACLE TECHNO FUNCTIONAL CONSULTANT"", ""SAP FICO Consultant"", ""TECHNICAL LEAD"", ""ORACLE APPLICATION DEVELOPER"", ""User Interface Designer"", ""QA ENGINEER"", ""QUALITY ENGINEER"", ""SAP OTC Lead"", ""Lead Network Engineer"", ""MFT DEVELOPER"", ""Senior IAM Engineer"", ""SAP ABAP DEVELOPER"", ""SENIOR SOFTWARE ENGINEER"", ""Sr. Salesforce QA Engineer"", ""Business Analyst"", ""Salesforce Developer"", ""MANAGER JC50"", ""Incident  Handler"", ""Sr Java Developer"", ""Okta Engineer"", ""Oracle HCM Cloud Consultant"", ""QA Analyst"", ""SAP SD OTC Functional Lead"", ""Java Developer"", ""Workday Consultant"", ""Integration Developer"", ""Senior Service Offering Engineer"", ""SAP S/4HANA OTC Consultant"", ""DATA  ENGINEER"", ""Full Stack Developer"", ""ERP CONSULTANT"", ""DATA ANALYTICS ANALYST"", ""FUNCTIONAL CONSULTANT"", ""SOLUTION ARCHITECT"", ""PYTHON DEVELOPER"", ""DEVOPS ENGINEER"", ""EPM CONSULTANT"", ""SENIOR JAVA DEVELOPER"", ""SENIOR  SOFTWARE DEVELOPER"", ""LEAD SOFTWARE ENGINEER"", ""LEAD CONSULTANT"", ""SENIOR DATA ENGINEER"", ""ARCHITECT"", ""Technical Engineer"", ""Technical Manager"", ""Lead Sales Force Developer"", ""Manager - IT Operations"", ""Technical Manager - QA"", ""Director \u2013 Application Development"", ""Senior Software Engineer"", ""Software Testing and Quality Assurance"", ""Sr. Software Developer"", ""Software Test Engineer"", ""SALES ENGINEER"", ""Sr. Manager Applications"", ""IT Manager"", ""Database Administrators"", ""Sr. Manager - Software Engineering"", ""Systems Analyst"", ""SAP Functional Consultant"", ""SAP Functional Architect"", ""Director-BI"", "".NET Developer"", ""Project Manager"", ""Power BI Architect"", ""Software Developer QA"", ""Business Development Specialist"", ""iOS Developer"", ""Kronos Developer/Admin"", ""Sr. Angular Developer"", ""Machine Learning Engineer"", ""Network Engineer"", ""Mulesoft Developer"", ""AEM Developer"", ""Security Architect"", ""Sharepoint Administrator"", "".Net Full Stack Developer"", ""Functional Test Manager/Lead"", ""Software Development Engineer in Test"", ""Sr. Software Engineer"", ""Sr. Salesforce Cloud Developer"", ""Sr. .Net Developer"", ""SAP ABAP Developer"", ""Vice President, Technology Strategy & Solutions"", ""Senior IT Project Manager"", ""SQL/BI Developer"", ""O365 App Developer"", ""Senior Salesforce Developer"", ""Oracle Applications Developer"", ""Oracle Business Intelligence Analyst"", ""Data Architect"", ""GIS System Administrator"", ""Software Consultant"", ""Senior Technical Lead"", ""Oracle EBS Developer"", ""Wordpress Developer"", ""Systems Engineer"", ""Sr. ETL Developer"", ""Sr. Ab Initio Developer"", ""Cloud FinOps Engineer"", ""Platform Engineer"", ""iOS Engineer"", ""ServiceNow Developer"", ""Senior Android Developer"", ""Java Developer with System Integrator"", ""Software Developer Engineer in Test"", ""Data Analytics Lead"", ""Senior Java Developer"", ""Sr. ML Engineer"", ""Senior Technical Data Analyst"", ""Applications Developer"", ""MuleSoft  Senior  Consultant"", ""MuleSoft Consultant"", ""Front End Developer"", ""Incident Handler"", ""Peoplesoft Developer"", ""Quality Analyst"", ""Systems Consultant"", ""Data Analyst"", ""Application Designer"", ""Senior Business Analyst"", ""Programmer Analyst"", ""SAP DEVELOPER"", ""NETWORK SECURITY ENGINEER"", ""Full stack developer"", ""Software developer"", ""Computer Systems Engineer"", ""Lead Systems Engineer"", ""BI Developer"", ""Automation Engineer""]",needs_review,2026-06-07,2026-06-07
VEN SOLUTIONS LLC,LLC,541511,,IRVING,TX,75063,499,,,[],false,low,"[""SOFTWARE DEVELOPER"", ""DEVOPS ENGINEER"", ""Workday Developer"", ""Release Engineer/Manager"", ""RPA Technical Lead"", ""SENIOR SOFTWARE DEVELOPER(PRODUCT CONFIGURATOR)"", ""WORKDAY DEVELOPER"", ""APPLICATION DEVELOPER"", ""DATA ENGINEER"", ""SR HRIS DEVELOPER"", ""DEVOPS SYSTEM ENGINEER"", ""JAVA DEVELOPER"", ""SOFTWARE DEVELOPMENT ENGINEER IN TEST"", ""SITE RELIABILITY ENGINEER"", ""SENIOR IT QUALITY ANALYST"", ""APPLICATION ANALYST"", ""BUILD AND RELEASE ENGINEER"", ""BIGDATA APPLICATIONS ANALYST"", ""BIG DATA DEVELOPER"", ""QA AUTOMATION DEVELOPER"", ""MULESOFT DEVELOPER"", ""ITSM SERVICENOW DEVELOPER"", ""APPLICATIONS DATA ANALYST"", ""TERADATA DATABASE ANALYST"", ""BIG DATA ENGINEER"", ""SENIOR CLOUD ENGINEER"", ""BIG DATA ANALYST"", ""APPLICATION SUPPORT ENGINEER"", ""AWS DATA ENGINEER"", ""CLOUD DEVOPS ENGINEER"", ""JAVA APPLICATION ANALYST"", ""ARCHITECT II PREMIUM"", ""ENGINEER II PREMIUM (BIG DATA ENGINEER)"", ""CLOUD/DEVOPS ADMINISTRATOR"", ""BUSINESS SYSTEMS ANALYST"", ""BUSINESS ANALYST"", ""RPA TECHNICAL LEAD"", ""SYSTEMS ENGINEER"", ""CC&B APPLICATION DEVELOPER"", ""ANGULAR DEVELOPER"", ""iOS Developer"", ""SITE RELIABILITY/DEVOPS ENGINEER"", ""DATA SCIENCE SPECIALIST"", ""ServiceNow Programmer"", ""DATA SCIENCE ENGINEER"", ""SYSTEMS ADMINISTRATOR"", ""SYSTEMS ANALYST"", ""Software Developer"", ""SENIOR SOFTWARE DEVELOPER"", ""Software Engineer"", ""Business Development Manager"", ""Programmer Analyst"", ""programmer Analyst"", ""Computer System Analyst"", ""SAP Consultant"", ""Generative AI Developer"", ""Devops Engineer"", ""Full Stack Developer"", ""SAP ABAP Consultant"", ""IT Manager"", ""IT Consultant (Software Engineer)"", ""IT Consultant (Software Developer)"", ""Data Architect"", ""Software Engineer/BigData Engineer"", ""Cloud Systems Engineer"", ""Data Analyst/ETL Tester"", ""Software Development Engineer"", ""Sr. Cloud Engineer"", ""Cloud Integration Engineer."", ""Senior Quality Engineer"", ""Storage Administrator"", ""Sr. Software Developer"", ""Program Manager"", ""Data Engineer"", ""Database Engineer"", ""Storage Engineer"", ""Infrastructure Engineer"", ""ETL Developer"", ""Data Scientist"", ""Systems Engineer"", ""Computer System Engineer"", ""Sr. Systems Engineer"", ""OT Cybersecurity Engineer"", ""Data Engineer (ETL Developer)"", ""Technical Project Manager"", ""Cloud Engineer"", ""Business Analyst"", ""Project Manager"", ""Automation Engineer"", ""Sr Software Developer"", ""Senior Software Developer"", ""Application Developer"", ""Sr Automation Tester"", ""Manager, Innovation Center and Data Center Platform"", ""Data Center System Engineer"", ""Computer Network Architect"", ""Datacenter Automation Engineer"", ""Computer Systems Engineer"", ""Manager, AI Services and Data Center Platform"", ""Oracle Functional Analyst""]",needs_review,2026-06-07,2026-06-07
KASTECH SOLUTIONS LLC,LLC,541511,,HOUSTON,TX,77036,574,,,[],false,low,"[""Functional Lead"", ""SAP Functional Consultant"", ""Software Developer"", ""HCM Integrations Solution Architect"", ""Salesforce Developer"", ""SAP Functional Analyst"", ""SAP HCM Success Factors consultant"", ""Software Engineer"", ""Storage Administrator"", ""Full Stack React Developer"", ""SAP MM Consultant"", ""PeopleSoft Consultant"", ""PeopleSoft Techno Functional  consultant"", ""Manager JC50"", ""Functional Tester (Wireless)"", ""ITS ENGINEER"", ""SOFTWARE DEVELOPER"", ""Technical Consultant"", ""Workday Integration Consultant"", ""Peoplesoft Developer"", ""M365 Engineer"", ""Technical Delivery Lead"", ""SAP FICO Consultant"", ""Fusion Middleware Architect"", ""Database Administrator"", ""SAS Programmer"", ""Oracle HCM Functional Consultant"", ""PeopleSoft Application Developer"", ""Lead Consultant"", ""Workday Consultant"", ""Dot Net Developer"", ""WORKDAY CONSULTANT"", ""Sr.Software Developer"", ""Sr. Software Support Engineer"", ""Sr. Software Engineer"", ""SAP Consultant"", ""Business System Analyst"", ""Test Lead"", ""PeopleSoft Admin"", ""HCM Consultant"", ""TECHNICAL ARCHITECT"", ""SR. SOFTWARE ENGINEER"", ""SALESFORCE QUALITY ENGINEER"", ""SAP FICO CONSULTANT"", ""PeopleSoft Technical Consultant"", ""ServiceNow Developer"", ""Technical Lead"", ""Solution Architect"", ""SAP Fico consultant"", ""Application Developer"", ""Java Developer"", ""ERP SENIOR PROJECT DEVELOPER"", ""SOFTWARE ENGINEER"", ""SAP Architecture Solution Manager"", ""ERP Technical Analyst"", ""SALESFORCE DEVELOPER"", ""SAP HCM SUCCESS FACTORS CONSULTANT"", ""Systems Architect"", ""PeopleSoft Developer"", ""WORKDAY INTEGRATIONS & REPORTING ANALYST"", ""PEOPLESOFT HCM DEVELOPER"", ""SENIOR JAVA DEVELOPER"", ""SENIOR INFORMATICA DEVELOPER"", ""SFDC Developer"", ""COMPUTER SPECIALIST/SYSTEM SUPPORT AND DEVELOPMENT ADMIN 3"", ""SFDC DEVELOPER"", ""SAP Project Delivery Manager"", ""TEST ANALYST"", ""ETL Developer"", ""Systems Engineer"", ""PEOPLESOFT DEVELOPER"", ""Software QA Manager"", ""Automation Test Engineer"", ""ORACLE INTEGRATION CLOUD DEVELOPER"", ""Senior Consultant-Computer Systems Engineer"", ""PEOPLESOFT TECHNO FUNCTIONAL CONSULTANT"", ""SR SAP ABAP CONSULTANT"", ""Servicenow Developer"", ""DATA ENGINEER"", ""Analyst Associate II"", ""SENIOR ENGINEER"", ""ORACLE HR TECHNICAL LEAD"", ""SERVICENOW DEVELOPER"", ""DevOps Engineer"", ""Technical Specialist 4"", ""JAVA DEVELOPER"", ""TECHNO-FUNCTIONAL  CONSULTANT"", ""Oracle Consultant"", ""SALESFORCE Developer"", ""SENIOR .NET, SHAREPOINT AND POWER PLATFORM DEVELOPER"", ""TECHNICAL MANAGER"", ""SENIOR FUNCTIONAL CONSULTANT"", ""Senior Applications Software Programmer/Analyst"", ""Azure Data engineer"", ""Data Engineer"", ""Salesforce Technical Consultant"", ""TECHNICAL LEAD"", ""SR.SOFTWARE ENGINEER"", ""Sr. Software Developer"", ""SAP solution Architect"", ""Senior Salesforce Developer"", ""Senior Java Developer"", ""BUILD AND RELEASE ENGINEER"", ""SALESFORCE ENGINEERING MANAGER"", ""PeopleSoft Specialist Business Analyst"", ""Business Analyst"", ""Full Stack Senior Engineer"", ""QlikSense Developer"", ""Integration Consultant"", ""DATA ANALYST/CAPPS REPORT DEVELOPER"", ""ORACLE HCM FUSION FUNCTIONAL CONSULTANT"", ""SQL Server Database Administrator"", ""Tableau Developer"", ""WORKDAY HR-FUNCTIONAL CONSULTANT"", ""Software Architect"", ""PEOPLESOFT INTEGRATOR AND SUPPORT ANALYST"", ""EMS IT Analyst Engineer"", ""PeopleSoft HCM Technical Consultant"", ""Python Developer"", ""SALES FORCE DEVELOPER"", ""Workday Test Lead"", ""SENIOR SOFTWARE CONSULTANT"", ""ORACLE FUNCTIONAL CONSULTANT"", ""PEOPLESOFT TECHNO-FUNCTIONAL CONSULTANT"", ""Software Development Engineer"", ""SAAS Programmer"", ""SOLUTION DESIGNER"", ""INFORMATION TECHNOLOGY ENGINEER"", ""ORACLE APEX PROGRAMMER ANALYST"", ""PEOPLESOFT PROJECT MANAGER"", ""Consultant Technical Developer"", ""DOT NET DEVELOPER"", ""PRODUCT DEVELOPER"", ""HCM INTEGRATION SOLUTIONS ARCHITECT"", ""Senior GIS Manager"", ""SENIOR SOFTWARE DEVELOPER"", ""MANAGER JC50"", ""PEOPLESOFT BUSINESS SYSTEMS ANALYST 2"", ""SOLUTION ARCHITECT"", ""SOLUTION CONSULTANT"", ""Senior Data Engineer"", ""SAP MM CONSULTANT"", ""QUALITY ASSURANCE ENGINEER"", ""SENIOR SOFTWARE ENGINEER"", ""DATA ANALYST"", ""System Architect"", ""LEAD CONSULTANT"", ""APPLICATION DEVELOPER"", ""SR SOA DEVELOPER"", ""ERP CONSULTANT"", ""Manager Applications Development"", ""CYBERSECURITY ENGINEER"", ""QA ENGINEER"", ""DATABASE ADMINISTRATOR"", ""TECHNICAL CONSULTANT"", ""CRM DEVELOPER"", ""Functional Test Engineer (Wireless)"", ""Head of Enterprise Data & AI Practice"", ""Software Development Engineer, Lead"", ""DEVELOPER - ERP SYSTEMS"", ""SITE RELIABILITY ENGINEER"", ""Sr. Consultant, Computer Systems Engineer"", ""Senior Application Developer"", ""QLIKSENSE DEVELOPER"", ""SOFTWARE TESTER"", ""CONSULTANT"", ""ERP Practice Manager"", ""POWER APPS DEVELOPER"", ""ORACLE HCM LEAD CONSULTANT"", ""TECHNICAL PROJECT MANAGER"", ""Software ENgineer"", ""Senior Systems Administrator \u2013 SAP"", ""Sr. SAP S4 HANA Administrator"", ""Senior Software Engineer"", ""Informatica Developer"", ""IBM ETL DataStage Developer"", ""Sr. SAP BASIS Consultant"", ""Devops Implementation Engineer"", ""Software Developer (Application Consultant)"", ""SOFTWARE DEVELOPER(SR.DATABASE ADMINISTRATOR)"", ""Senior ETL Developer"", ""Sr. Software Data Engineer"", ""Cloud Engineer"", ""software developer"", ""BI Analyst"", ""SENIOR DATA ENGINEER"", ""Sr. DevOps Engineer"", ""SOFWTARE DEVELOPER"", ""MS Dynamics CRM Developer"", ""Sr. Data Analyst"", ""Sr. Service Now Developer"", ""Devops Engineer"", ""Database Administrator/Analyst"", ""Quality Assurance Tester"", ""Java Backend Developer"", ""Database Programmer Analyst"", ""QA Automation Engineer"", ""Salesforce Admin/Developer"", ""Senior Business System Analyst"", ""Quality Assurance Engineer"", ""UI/UX Lead Developer"", ""DevOps Engineer/Developer"", ""Full Stack Developer"", ""Web Application Developer"", ""Data Analytics Engineer"", ""Java Full Stack Developer"", ""Manual & Automation Lead (QA Lead)"", ""Automation Testing Engineer"", ""Product Owner"", ""Sr. Database Administrator"", ""Quality Analyst"", ""DevOps Engineering"", ""Programmer Analyst"", ""FTE Engineer"", ""Sr.Net Analyst"", ""Jr. AWS Cloud Formation Engineer""]",needs_review,2026-06-07,2026-06-07
SDVS Technologies LLC,LLC,541519,,Flower Mound,TX,75028,746,,,[],false,low,"[""Software Developer"", ""Database Administrator"", ""QA Engineer"", ""SAP Consultant"", ""SAP FICO Consultant"", ""Senior SAP Consultant"", ""Senior Workday Consultant"", ""System Analyst"", ""Software Analyst"", ""Software Developer."", ""SAP Consultant."", ""Senior SAP Consultant."", ""Senior Mobile Developer"", ""Mobile Developer"", ""Software developer"", ""SAP Technical Consultant"", ""SAP Functional Consultant"", ""Workday Consultant"", ""Full Stack Developer"", ""Mulesoft Developer"", ""SOFTWARE DEVELOPER APPLICATIONS"", ""Talend Developer"", ""SOFTWARE DEVELOPER APPLICATONS"", ""SOFTWARE DEVELOPER"", ""TALEND DEVELOPER"", ""WORK DAY Test Lead Consultant"", ""RPA Developer"", ""Lead Consultant/Developer"", ""Software Developer Applications"", ""Software  Cloud Engineer"", ""SR. SOFTWARE DEVELOPER"", ""DATABASE ADMINISTRATOR"", ""Software Developer Application"", ""Talend Developer(Data Warehouse)"", ""Project Manager/Scrum Master"", ""Digital Analytics and Insights Analyst"", ""Software Developer/Application Solution Architect"", ""Archer Developer"", ""Senior Netsuite Admin"", ""Cloud Architect"", ""Senior Salesforce Developer"", ""Python Developer"", ""Abinitio Developer"", ""ABINITIO DEVELOPER"", ""TIDS Software Quality Assurance Analyst"", ""Platform Architect"", ""Test Engineer"", ""SOFTWARE DEVELOPER/ARCHITECT II"", ""Kubernetes Engineer"", ""SR.Quality Analyst"", ""Software Development Engineer in Test"", ""Project Manager/Scrum master"", ""Scrum Master"", ""Mobile SDK Platform Engineer"", ""Archer Engineer"", ""Python with SQL Developer"", ""Python With SQL Developer"", ""Data Stage Developer"", ""Ab Initio Developer"", ""Software Engineer"", ""Project Manager"", ""Oracle fusion Lead consultant/Solution Architect(P2P)"", ""Sr. Software Engineer"", ""Sr. Abinitio Developer"", ""P2P Lead Consultant"", ""Java Consultant"", ""Web Analytics Consultant"", ""Senior Database Administrator"", ""P&A Data Analytics Vendor"", ""Agile Design Engineer"", ""Lead ETL Developer"", ""Sr. AbInitio Developer"", ""Senior  Salesforce Administrator"", ""Salesforce Admin"", ""Software Engineer/ Big Data Developer"", ""Data Engineer"", ""IT Market Research Specialist"", ""Hadoop Admin"", ""Technical Recruiter"", ""IT Training and Development Specialist"", ""Software engineer"", ""IT Program Manager"", ""IT Market Research Analyst"", ""IT BUSINESS ANALYST"", ""Business Analyst"", ""Computer systems Engineer"", ""Systems Engineer"", ""Quality Engineer"", ""Applications Architect"", "".NET Developer"", ""Business Objects Developer/Software Engineer"", "".Net Developer"", ""Senior Software Engineer"", ""React Native Developer"", ""Network Engineer"", "".NET/GUI WPF Developer"", ""ETL Developer"", ""Software Engineer/Developer"", ""Senior Data Ops Engineer"", ""IAM Engineer"", ""Solutions Architect"", ""Network Security Engineer"", ""Business Intelligence Developer"", ""Senior Developer"", ""Market Analyst"", ""QA Analyst"", ""Sr. Network Security Engineer"", ""Java Programmer"", ""UI Front End Developer"", ""SAS Administrator"", ""Salesforce Technical Lead"", ""Salesforce Developer"", ""Oracle Techno Functional Consultant"", ""UI Angular Developer"", ""Software Application Developer"", ""Adobe Campaign Developer"", ""AEM Developer"", ""Programmer Analyst"", ""UI Developer"", ""UI Front-End Developer"", ""Senior React Developer"", "".NET/ArcGIS Developer"", ""Full Stack Java Developer"", ""PROJECT ASSOCIATE"", ""Data Analyst"", ""Java Application Developer"", ""Front End Developer"", ""React Developer"", ""DEVOPS ENGINEER"", ""Front End React JS Developer"", ""React JS DEVELOPER"", ""JAVA DEVELOPER"", ""JAVA FULL STACK DEVELOPER"", ""Quality Assurance Analyst"", ""MOBILE TESTER"", ""BUSINESS ANALYST"", ""SOFTWARE ENGINEER 3"", ""SR. SOFTWARE ENGINEER"", ""SENIOR BUYER"", ""FULL STACK JAVA DEVELOPER"", ""DEMAND PLANNER"", ""DESIGN CONTROLS ENGINEER CONSULTANT II"", ""SOLAR ENGINEER"", ""FULL STACK DEVELOPER"", ""DATA SCIENTIST II"", ""SOFTWARE ENGINEER"", ""DATA ANALYST"", ""PROJECT MANAGER"", ""PERFORMANCE TEST LEAD"", ""SOFTWARE TESTER"", ""UI DEVELOPER"", ""REACT DEVELOPER"", ""SENIOR SOFTWARE ENGINEER"", ""SR.QUALITY & PERFORMANCE SPECIALIST"", ""FINANCIAL AND INVESTMENT ANALYSTS"", ""SENIOR SOFTWARE DEVELOPER"", ""FINANCE ANALYST"", ""ETL DEVELOPER"", ""NETWORK ENGINEER"", ""Application System Engineer - Cloud"", ""TABLEAU CONTRACTOR"", ""APPLCATION DEVELOPER JAVA AND WEB TECHNOLOGIES"", ""DATA ENGINEER"", ""JUNIOR PROJECT COORDINATOR"", ""SOFTWARE QA ENGINEER"", ""Software/Application Developer"", ""Software Developer (React Js)"", ""Senior frontend React Developer"", ""Technical Project Manager"", ""Java Developer/kafka Engineer"", ""Senior Full Stack  Developer"", ""Senior Software Developer (React Js)"", ""Senior React Js Developer"", ""Senior React JS Developer"", ""QA Specialist"", ""Senior Full Stack Developer"", ""Senior Software Development Engineer in Test"", ""DevOps Engineer"", ""Java Developer"", ""Java Full Stack Developer"", ""Sr.QA Automation Engineer"", ""Software Development Engineer in Test (SDET)"", ""Senior SAP MDG Solution Consultant"", ""Senior SAP S/4 Architect"", ""Senior Dev Ops Engineer"", ""Software QA Engineer"", ""Software Testing Engineer""]",needs_review,2026-06-07,2026-06-07
"NTT DATA Services, LLC",LLC,541511,,Plano,TX,75024,908,,,[],false,low,"[""Software Development Senior Specialist"", ""Testing Engineering Specialist Advisor"", ""Client Executive"", ""Digital Engineering Senior Advisor"", ""Project Program Management Advisor"", ""Enterprise Resource Planning Advisor"", ""Software Development Advisor"", ""Software Development Specialist Advisor"", ""Business Analysis Senior Analyst"", ""Systems Integration Specialist Advisor"", ""Systems Integration Advisor"", ""Software Quality Assurance Sr. Specialist"", ""Business Sys. Analysis Senior Director"", ""Technical Solutions Architecture Specialist Advisor"", ""Application Management Advisor"", ""Technical Solutions Architecture Advisor"", ""Software Development Specialist"", ""Digital Project Associate Director"", ""SOFTWARE DEVELOPMENT SPECIALIST"", ""Software Quality Assurance Advisor"", ""SOFTWARE DEVELOPMENT SPECIALIST ADVISOR"", ""ERP Specialist Advisor"", ""BSA Specialist Advisor"", ""Digital Engineering Management Associate Director"", ""DIGITAL ENGINEERING SENIOR ADVISOR"", ""SYSTEMS INTEGRATION SPECIALIST ADVISOR"", ""Metrics & Reporting Specialist Advisor"", ""Information Security Specialist"", ""SOFTWARE DEVELOPMENT SENIOR ANALYST"", ""Software Development Senior Specialist Advisor"", ""TESTING ENGINEERING SENIOR SPECIALIST"", ""Software Development Senior Advisor"", ""Digital Solution Consultant Senior Consultant"", ""Business Intelligence Senior Specialist"", ""Data & Analytics Sr. Managing Consultant"", ""Digital Solution Architect Sr. Advisor"", ""Testing Engineering Senior Specialist"", ""Data & Analytics Principal Consultant"", ""Digital Engineering Lead Consultant"", ""DIGITAL ENGINEERING SENIOR CONSULTANT"", ""Project Program Management Specialist Advisor"", ""Digital Sol. Cnslt. Mgmt Senior Director"", ""DATABASE ADMINISTRATION SPECIALIST"", ""Application Management Specialist Advisor"", ""DIGITAL SOLUTION ARCHITECT SENIOR MANAGER"", ""Security Senior Analyst"", ""Software Development Senior Manager"", ""Digital Solution Cnst. Lead Consultant"", ""Enterprise Architect Senior Specialist Advisor"", ""Digital Engineering Sr. Advisor"", ""Networking Senior Specialist Advisor"", ""BUSINESS INTELLIGENCE ADVISOR"", ""Business Intelligence Specialist"", ""Technical Solutions Architecture Senior Specialist Advisor"", ""Digital Engineering Senior Consultant"", ""ENTERPRISE ARCH. SR. SPECIALIST ADVISOR"", ""ERP SENIOR SPECIALIST"", ""Software Development Director"", ""Technical Solutions Arch. Sr. Analyst"", ""Digital Solution Cnslt. Lead Consultant"", ""Software Quality Assurance Specialist Advisor"", ""SYSTEMS INTEGRATION ADVISOR"", ""Systems Administration Advisor"", ""SOFTWARE DEVELOPMENT SENIOR SPECIALIST"", ""SYSTEMS INTEGRATION SENIOR SPECIALIST"", ""Enterprise Resource Planning Specialist"", ""Digital Project Manager Sr. Advisor"", ""Network Associate Director"", ""Software Development Senior Analyst"", ""Business Sys. Analysis Advisor"", ""Business Sys. Analysis Senior Specialist"", ""Testing Engineering Advisor"", ""System Integration Senior Specialist"", ""SOFTWARE DEVELOPMENT MANAGER"", ""Software Development Manager"", ""DELIVERY SENIOR SPECIALIST ADVISOR"", ""Business Process & Strategy Sr. Specialist Advisor"", ""Software Dev. Sr. Specialist Advisor"", ""Pre Sales Tech Strategic Advisor"", ""System Integration Advisor"", ""Testing Engineering Specialist"", ""Network Security Specialist Advisor"", ""Digital Solution Consultant Management Associate Director"", ""Application Management Senior Analyst"", ""Technical Sol. Arch. Specialist Advisor"", ""Networking Specialist Advisor"", ""Prod Mgmt Engineering Lead Consultant"", ""BUSINESS SYSTEMS ANALYSIS SENIOR SPECIALIST"", ""TESTING ENGINEER ADVISOR"", ""BUSINESS INTELLIGENCE SPECIALIST"", ""ENTERPRISE RESOURCE PLANNING SPECIALIST"", ""SYSTEMS INTEGRATION SPECIALIST"", ""TECHNICAL SOLUTIONS ARCHITECTURE SPECIALIST ADVISOR"", ""Application Mgmt Specialist Advisor"", ""Quality and Performance Specialist"", ""System Integration, Senior Specialist"", ""NETWORKING SPECIALIST ADVISOR"", ""Ravi PRATAPA"", ""Systems Integration Director"", ""TESTING ENGINEERING ADVISOR"", ""Business Process Improvement Specialist Advisor"", ""Software Development Associate Director"", ""TECHNICAL PROJECT MANAGER"", ""Technical Soln. Arch. Senior Director"", ""TEST ENGINEERING SPECIALIST ADVISOR"", ""Network Engineering Senior Specialist"", ""Project Program Mgmt. Specialist Advisor"", ""System Integration Specialist Advisor"", ""Information Security Senior Analyst"", ""IT Senior Director"", ""Software Qlty Assurance Specialist Advsr"", ""Prod Mgmt Engineering Lead Advisor"", ""TECHNICAL SOLUTIONS ARCHITECT SENIOR SPECIALIST ADVISOR"", ""Digital Solution Consultant Sr. Advisor"", ""Application Mgmt. Specialist Advisor"", ""DATABASE ADMINISTRATION ADVISOR"", ""Business Systems Analysis Advisor"", ""SOFTWARE DEVELOPMENT ADVISOR"", ""Digital Solution Consultant Lead Consultant"", ""Software Development Analyst"", ""Systems Administration Senior Specialist"", ""Technical Solns. Arch. Specialist Advisor"", ""Security Systems Associate Director"", ""Storage Services Specialist Advisor"", ""Software Developer Specialist Advisor"", ""Software Devlopment Specialist Advisor"", ""Business Proc. & CM Sr. Mng. Consultant"", ""Systems Integration Senior Specialist"", ""Systems Engineering Senior Specialist"", ""Software Developer Senior Specialist"", ""Functional Consultant Lead Consultant"", ""ERP Senior Specialist"", ""Senior Database Advisor"", ""Senior Vice President, COO"", ""Systems Admin Specialist Advisor"", ""APPLICATION MANAGEMENT ADVISOR"", ""Network Security Specialist"", ""Tech Solns. Arch. Sr. Specialist Advisor"", ""Database Admin Senior Specialist"", ""Software Development Senior Director"", ""Digital Solutions Consultant Managing Director"", ""Digital Solution Consultant Sr Advisor"", ""APPLICATION MGMT. SPECIALIST ADVISOR"", ""Business Intelligence Senior Analyst"", ""Digital Engineering Sr Staff Engineer"", ""Systems Integration Senior Analyst"", ""Delivery Associate Director"", ""Prod Mgmt Engineering Sr. Advisor"", ""Digital Engineering Lead Engineer"", ""Systems Administration Senior Analyst"", ""ERP Senior Specialist Advisor"", ""Vice President"", ""Business Consulting Manager"", ""Database Admin Specialist Advisor"", ""Testing Eng. Sr. Specialist Advisor"", ""Business Process Improvement Advisor"", ""Technical Solution Architecture Associate Director"", ""Application Mgmt. Sr. Specialist Advisor"", ""Software Development Sr. Specialist Advisor"", ""Testing Engineer advisor"", ""Quality & Performance Specialist"", ""Project Program Senior Manager"", ""Systems Administration Specialist"", ""Industry Consulting Snr. Consultant"", ""Digital Solutions Consultant Management Senior Manager"", ""Systems Integration Specialist"", ""Networking Advisor"", ""Digital Engineering Staff Engineer"", ""Technical Solutions Architecture - Associate Director"", ""Systems Integration Associate Director"", ""Prod Mgmt Engineering Sr Advisor"", ""Business Intelligence Advisor"", ""Client Delivery Executive II"", ""Enterprise Arch. Specialist Advisor"", ""Technical Solns.Arch. Specialist Advisor"", ""Technical Solutions Architect Specialist Advisor"", ""Functional Consultant Lead Advisor"", ""Enterprise Arch. Sr. Specialist Advisor"", ""Network Support Specialist Advisor"", ""Software Development advisor"", ""Database Administration Specialist"", ""Enterprise Architecture Advisor"", ""Network security senior director"", ""Digital Solution Architect Associate Director"", ""Technical Solution Architect Associate Director"", ""CDE II"", ""Technical Solution Architect Advisor"", ""Application Management Sr. Specialist Advisor"", ""E Bus. & Ecommerce Sr. Specialist Advisor"", ""Senior Director, Business Resilience"", ""Network Security Director"", ""Industry Consulting Senior Consultant"", ""Communications Senior Specialist Advisor"", ""Business Systems Analysis Specialist Advisor"", ""Software Dev Sr Specialist Advisor"", ""Vice President, Business Resilience"", ""Business Sys. Analysis Specialist"", ""Client Delivery Executive II (CDE II)"", ""Quality & Performance Senior Analyst"", ""Project Program Mgmt Senior Specialist"", ""Project Program Mgmt. Senior Specialist"", ""Digital Engineering Sr. Staff Engineer"", ""BPO Associate Director"", ""Business Development Senior Specialist Advisor"", ""Product Mgmt Engineering Lead Advisor"", ""Database Administration Advisor"", ""BUSINESS PROCESS & STRATEGIST SENIOR SPECIALIST ADVISOR"", ""Test Engineering Specialist Advisor"", ""Business System Analysis Advisor"", ""Delivery Director"", ""System Administration Specialist"", ""Systems Engineering Specialist Advisor"", ""Specialist"", ""Specialty Seller IV"", ""PROD MGMT ENGINEERING SR. ADVISOR"", ""Data Engineer Advisor"", ""Technical Soln. Arch. Associate Director"", ""Financial Analyst"", ""BUSINESS INTELLIGENCE ANALYST/DEVELOPER""]",needs_review,2026-06-07,2026-06-07
